genome_id,file,bytes,sha256,shape,dtype,per_row_sum_min,per_row_sum_max
4875,Acidipropionibacterium_acidipropionici_ATCC_4875.pt,12265,c1e004fbef984fb9877a4d5e3099aff6263df17bc4a00108a132d3cc1482355b,1x5376,torch.bfloat16,2.9996275901794434,2.9996275901794434
15308,Acinetobacter_baumannii_ATCC_15308.pt,12131,fffc3b6fe6d3d957ab0a4417a6a795abe628e7f68af7eee4cb0ab8904dc94862,1x5376,torch.bfloat16,2.999833822250366,2.999833822250366
17961,Acinetobacter_baumannii_ATCC_17961.pt,12131,dc9a590692d19fec046c8285d9d3cf66b943ccbb88929793f58d2e7f0bdf93ad,1x5376,torch.bfloat16,3.0000081062316895,3.0000081062316895
17978,Acinetobacter_baumannii_ATCC_17978.pt,12131,4b89bb29358e04dca0406591e72da272a9fe94b339198cef01f6cd9519dae838,1x5376,torch.bfloat16,3.0001187324523926,3.0001187324523926
19606,Acinetobacter_baumannii_ATCC_19606.pt,12131,664dfea8b0c5d9f0c51d6893dff3a5fa45e2e25d3a0af7dac5ecd1dfe404af93,1x5376,torch.bfloat16,3.0000550746917725,3.0000550746917725
BAA-1605,Acinetobacter_baumannii_ATCC_BAA_1605.pt,12210,a52f4a2cc88cc0811f55fc0cbfdf5761a968d29297a9c0306dec549f72e8150a,1x5376,torch.bfloat16,2.999911069869995,2.999911069869995
BAA-1710,Acinetobacter_baumannii_ATCC_BAA_1710.pt,12210,11d23b88909a0ec76a42607153f12518a9bc7b3374a7114b2b01dfdaa9466939,1x5376,torch.bfloat16,3.0001213550567627,3.0001213550567627
BAA-1794,Acinetobacter_baumannii_ATCC_BAA_1794.pt,12210,b322623173553d4474b082dab8db76e17a10d0e42884080b9a01c053ef5509b6,1x5376,torch.bfloat16,3.0001606941223145,3.0001606941223145
BAA-1798,Acinetobacter_baumannii_ATCC_BAA_1798.pt,12210,c2974f5a364620fb8943e5c0ccd8f04c31690e2ef7d53a0ab4e99c55508bac40,1x5376,torch.bfloat16,3.0000460147857666,3.0000460147857666
BAA-1800,Acinetobacter_baumannii_ATCC_BAA_1800.pt,12210,fc8488ea4b3ff325b46db44ae68bc68682c319195655dc2e267c01928714eeef,1x5376,torch.bfloat16,3.000279426574707,3.000279426574707
BAA-747,Acinetobacter_baumannii_ATCC_BAA_747.pt,12141,21959534995e72fd8275add450446a9ec40a8ea567f1e799cff694a449f15638,1x5376,torch.bfloat16,3.0000016689300537,3.0000016689300537
33304,Acinetobacter_baylyi_ATCC_33304.pt,12116,c2a8af9b5be59d5faa52f4ec2d5f5d32d853ab3cd32f398ad8d8786dc2be15fe,1x5376,torch.bfloat16,2.999870777130127,2.999870777130127
23055,Acinetobacter_calcoaceticus_ATCC_23055.pt,12215,4463c4eed6833f42b77ba6c1c5c2cb7e16e151aa9a9c402ec05edeeb29c6576e,1x5376,torch.bfloat16,2.999816417694092,2.999816417694092
17908,Acinetobacter_junii_ATCC_17908.pt,12111,3bab37659b09fa0fda23142b7a45702e4fa685cf6575b595cd0a984a53c1ebeb,1x5376,torch.bfloat16,2.999868631362915,2.999868631362915
15309,Acinetobacter_lwoffii_ATCC_15309.pt,12121,d1a2250b54477f9c2dd47d160ea7bd7c870a25ce488f4659e95439fba71f87a8,1x5376,torch.bfloat16,2.999966621398926,2.999966621398926
12104,Actinomyces_naeslundii_ATCC_12104.pt,12126,2e056fb0a3a9091193c71eb84d3dffc96be4bc41a8f80480f0a9bc7782d8cecf,1x5376,torch.bfloat16,2.9999840259552,2.9999840259552
15987,Actinomyces_viscosus_ATCC_15987.pt,12116,4045efa3d56a565bac8b6c8bf8cc3d67a77bebde2a7399a3f1e7145e6ee050d7,1x5376,torch.bfloat16,2.9997692108154297,2.9997692108154297
700406,Aerococcus_viridans_ATCC_700406.pt,12116,5e346c483f5c26896097210fc5e1f1715d37bd64ec29997e03cce7a8e975bf6d,1x5376,torch.bfloat16,2.999927520751953,2.999927520751953
35654,Aeromonas_hydrophila_ATCC_35654.pt,12116,0da9ffe5d1d359627f1c6dd111b1c4667b0dc0f990cf497ee7a826df82588bf3,1x5376,torch.bfloat16,2.999913454055786,2.999913454055786
49140,Aeromonas_hydrophila_ATCC_49140.pt,12116,ef2d4ce078c3f3cc7b4e304eccf27757994a858b1096b7f22ee5f716b4df2bfb,1x5376,torch.bfloat16,2.999804973602295,2.999804973602295
7966,Aeromonas_hydrophila_ATCC_7966.pt,12111,c9c44b5645a3f3f192851c6ccd328259269544a9783bdaee1417675991d1ed90,1x5376,torch.bfloat16,3.000072717666626,3.000072717666626
33658,Aeromonas_salmonicida_subsp_salmonicida_ATCC_33658.pt,12275,ab040a291d51913a93928c2111fff2d4692f7a7acc69bd503528ccd6862fe7b9,1x5376,torch.bfloat16,3.0002050399780273,3.0002050399780273
43979,Aeromonas_sobria_ATCC_43979.pt,12096,411701dc5f16fd10a55a3941301c690da48055cfc4f37aa1b120394a3023ac0a,1x5376,torch.bfloat16,3.0002224445343018,3.0002224445343018
35624,Aeromonas_veronii_ATCC_35624.pt,12101,7a564426bad9c12355fa91e09aa0186586ab99bbfa29799b45a0281d7cd672de,1x5376,torch.bfloat16,3.0001299381256104,3.0001299381256104
29522,Aggregatibacter_actinomycetemcomitans_ATCC_29522.pt,12265,033fc00009d43f29924d2e53f3105017fd55e658546c40798de997d41dfdadb4,1x5376,torch.bfloat16,3.0000557899475098,3.0000557899475098
29523,Aggregatibacter_actinomycetemcomitans_ATCC_29523.pt,12265,360174fbaffb2a7886e34ab09cbb465629c68fcfdbb483948887222f7424fed1,1x5376,torch.bfloat16,2.999795436859131,2.999795436859131
8750,Alcaligenes_faecalis_subsp_faecalis_ATCC_8750.pt,12250,86f4a06c2ff4ed1b2d9e84b0de5956dc6431382de5021a4b5dcba39ec2d7c96c,1x5376,torch.bfloat16,2.9998714923858643,2.9998714923858643
49025,Alicyclobacillus_acidoterrestris_ATCC_49025.pt,12240,9572152a2c61d51c7ac115ee12cb2218025e9ca4a1d04ad0dd89ea7a35eb2d69,1x5376,torch.bfloat16,3.000009059906006,3.000009059906006
51259,Alloprevotella_tannerae_ATCC_51259.pt,12131,886b0dce9a5611aad46fb0cad7c58d697db6045013cc8b2b7f4cbeb5337babae,1x5376,torch.bfloat16,3.000182867050171,3.000182867050171
66981,Alternaria_alternata_ATCC_66981.pt,12116,2d8bed924f1e65df15d6d7958ba06e55c38a7ad03b04739c66a000e224cd1e56,1x5376,torch.bfloat16,3.0002832412719727,3.0002832412719727
22342,Aspergillus_awamori_ATCC_22342.pt,12111,c675c9fef34437c13f54350ef6082f0578e9dc08f570cff17dc6a3316bade366,1x5376,torch.bfloat16,2.999905586242676,2.999905586242676
16404,Aspergillus_brasiliensis_ATCC_16404.pt,12136,ce6a1efd82c12547de080119010a8432e316f108ff213c50e6db26a7b53ade1d,1x5376,torch.bfloat16,3.0000743865966797,3.0000743865966797
9642,Aspergillus_brasiliensis_ATCC_9642.pt,12131,a35137d57e0230955045fd15a406e9b2cb74b50d5144f22ec8bce448a320ded1,1x5376,torch.bfloat16,2.9999237060546875,2.9999237060546875
20611,Aspergillus_fijiensis_ATCC_20611.pt,12121,eb4ab3063968731490d2f62a8a5ebb832c94c8681f6d067d5c259e9dd3c27fce,1x5376,torch.bfloat16,3.000171661376953,3.000171661376953
204304,Aspergillus_flavus_ATCC_204304.pt,12111,12056195d8b49adae0e475a26fefd17959951cda109bf141b48cf3c85958b135,1x5376,torch.bfloat16,3.0000500679016113,3.0000500679016113
9643,Aspergillus_flavus_ATCC_9643.pt,12101,99c67b5006053d30f936aa6bb684771eb14a302affab81a23a2a1654df9cfa08,1x5376,torch.bfloat16,3.000199794769287,3.000199794769287
1022,Aspergillus_fumigatus_ATCC_1022.pt,12116,f243181423f3f5345ac837647bffe1528b14540c57819db332f6891672ef23b4,1x5376,torch.bfloat16,3.0002102851867676,3.0002102851867676
204305,Aspergillus_fumigatus_ATCC_204305.pt,12126,545d8c0564bf6840255cb15ffbee33ee4e9db811978f7b15dffab397bbb57a5f,1x5376,torch.bfloat16,3.0002245903015137,3.0002245903015137
96918,Aspergillus_fumigatus_ATCC_96918.pt,12121,1080b6a94f23431d04a0251b648a13572a77cce5f9047e81b3ad7efa450ca313,1x5376,torch.bfloat16,3.000026226043701,3.000026226043701
1015,Aspergillus_niger_ATCC_1015.pt,12096,2f33417b2517bd9ce566d7ac5458555eecbad9e172ef83cd8548f3559bde1828,1x5376,torch.bfloat16,3.000056266784668,3.000056266784668
6275,Aspergillus_niger_ATCC_6275.pt,12096,c3342019845dcb9b81244e3544d0a62f30fe186d07d0e2d40179811156c2c9a7,1x5376,torch.bfloat16,2.9999136924743652,2.9999136924743652
9142,Aspergillus_niger_ATCC_9142.pt,12096,ac88092634eb043a9d56081d1ce2c04ec0b9abe9e40484bd1f4c12d56282b9a7,1x5376,torch.bfloat16,3.0000123977661133,3.0000123977661133
MYA-4892,Aspergillus_niger_ATCC_MYA_4892.pt,12116,f76238a8e12400f4e06488a37d3b0f95dd04e7a2161d61527febbb2a094e625f,1x5376,torch.bfloat16,3.0001277923583984,3.0001277923583984
1012,Aspergillus_terreus_ATCC_1012.pt,12106,4d7b242a1c31792684eed8e5df34e9fbd0bfa5baeb663419c160b9558afb2e83,1x5376,torch.bfloat16,3.000153064727783,3.000153064727783
1004,Aspergillus_tubingensis_ATCC_1004.pt,12126,988965bfb557d84d86f4ad29d9d5d6efcfcac6934770df930154d4b04809a2a2,1x5376,torch.bfloat16,3.000084400177002,3.000084400177002
1041,Aspergillus_ustus_ATCC_1041.pt,12096,97f87135ea92715b21d9de89e621736d8f31b72991acddde844a5370600f79cc,1x5376,torch.bfloat16,2.9998226165771484,2.9998226165771484
23842,Bacillus_amyloliquefaciens_ATCC_23842.pt,12210,115fa0b8d09856e0076cdc80db3cf184356e9266527180768af5401e01f1ce8c,1x5376,torch.bfloat16,3.0001063346862793,3.0001063346862793
9372,Bacillus_atrophaeus_ATCC_9372.pt,12106,e48da035529759eda2a1bdf4da6c426931191eedebff393da90242d7f1862f8f,1x5376,torch.bfloat16,2.9998741149902344,2.9998741149902344
10876,Bacillus_cereus_ATCC_10876.pt,12091,1cbc448125d73aedc173fb70ada8825bb08fc1970fc6ca560e0f82f05dedb19a,1x5376,torch.bfloat16,2.9999265670776367,2.9999265670776367
11778,Bacillus_cereus_ATCC_11778.pt,12091,61f8a2237017104b3cd5a0461c8883ac549d573f412f26abd1cf8b7843eca2c0,1x5376,torch.bfloat16,2.9998741149902344,2.9998741149902344
13472,Bacillus_cereus_ATCC_13472.pt,12091,17d995dc70a47940e0a3e5247c4b99f87357604ba3c30ef3d9a63aa692e1ef32,1x5376,torch.bfloat16,2.99997615814209,2.99997615814209
14579,Bacillus_cereus_ATCC_14579.pt,12091,8809ae664b1655acaea67a9c08858006f1502687cf3549034e04d17aefe42e89,1x5376,torch.bfloat16,3.0001749992370605,3.0001749992370605
49064,Bacillus_cereus_ATCC_49064.pt,12091,6214cb8d27812b4c78a34a3f727707eec920a6a7e1ee91bdbe68088f6b1ffb6e,1x5376,torch.bfloat16,2.999950885772705,2.999950885772705
14580,Bacillus_licheniformis_ATCC_14580.pt,12126,7805f058ef640c493c104b758d745f9a0dabb708de76fb8d4801bf0bee09144d,1x5376,torch.bfloat16,2.999931812286377,2.999931812286377
10987,Bacillus_pacificus_ATCC_10987.pt,12106,8b27ad3e8fd6e02097fec215053b557818cd0b8ec8fdeb3a48f0fa034303a40f,1x5376,torch.bfloat16,2.999973773956299,2.999973773956299
10702,Bacillus_paranthracis_ATCC_10702.pt,12121,1035a2c1b1837eff27c959bac0a40428877093112b4518d1cee40ff3060766e3,1x5376,torch.bfloat16,2.9999146461486816,2.9999146461486816
13061,Bacillus_paranthracis_ATCC_13061.pt,12121,c8e369c59f5fb272e7a056ea5a8bf4db6343ef55ba00e1c0f1646db9572d7bf3,1x5376,torch.bfloat16,2.9998726844787598,2.9998726844787598
19659,Bacillus_spizizenii_ATCC_19659.pt,12111,a38c396eb4811b60ee88250bacabf75f397cd5e75883d7fb65f4cef6994ff253,1x5376,torch.bfloat16,3.000147819519043,3.000147819519043
6633,Bacillus_spizizenii_ATCC_6633.pt,12106,243fc2fb5c453b827d6f152e17cc35d766ee9b0b36d6fd259650d313a2c3e512,1x5376,torch.bfloat16,3.0000839233398438,3.0000839233398438
11774,Bacillus_subtilis_ATCC_11774.pt,12101,670c0b861e35758e766544fc49ec1680fce38d43aaf0c7dfbab2ab40695bc46c,1x5376,torch.bfloat16,2.999948263168335,2.999948263168335
21332,Bacillus_subtilis_ATCC_21332.pt,12101,9155735fb964360c9772e04220ae5a6fdfd0177d12f8d2080e08643fbf6de525,1x5376,torch.bfloat16,2.9998364448547363,2.9998364448547363
23857,Bacillus_subtilis_ATCC_23857.pt,12101,cc7c623a1dcca5dd5f9b9a3029eb0af9e4a43bf3822eff46775cb16d6245eada,1x5376,torch.bfloat16,2.999656915664673,2.999656915664673
6051,Bacillus_subtilis_ATCC_6051.pt,12096,6265a87c829300e55670dafac613a1121e38749a1c67bde49dc991c836c131e9,1x5376,torch.bfloat16,3.000109910964966,3.000109910964966
10792,Bacillus_thuringiensis_ATCC_10792.pt,12126,b7dfddb975ae79d18ef7e65e53638a54d97d477af9b09394bf096e7b278bb56d,1x5376,torch.bfloat16,3.000109910964966,3.000109910964966
4342,Bacillus_tropicus_ATCC_4342.pt,12096,e8b4762d4a4d8f4e1d86b8a14f548823fd885d0efc3e0d1c85c0cdbde6ac67b5,1x5376,torch.bfloat16,3.0000545978546143,3.0000545978546143
25285,Bacteroides_fragilis_ATCC_25285.pt,12116,b7e3a0531afb9b4f3428218ee44a07895cf305436bf2773e8f4dc8d4e205bd02,1x5376,torch.bfloat16,3.0000410079956055,3.0000410079956055
29771,Bacteroides_fragilis_ATCC_29771.pt,12116,db567cf6105f0a72306ee7db5b844a86cb454a05d4efa268de3f7d506a0ab38f,1x5376,torch.bfloat16,3.0000710487365723,3.0000710487365723
29741,Bacteroides_thetaiotaomicron_ATCC_29741.pt,12220,896ef473e7a9fc7a0dca9b9568f616275919bff748af009e56783e3de87cae60,1x5376,torch.bfloat16,2.999892234802246,2.999892234802246
15703,Bifidobacterium_adolescentis_ATCC_15703.pt,12220,524a189f79bcfc17febf9ed6e491572d5d66f9429fdd123c04a8bad1393a10e4,1x5376,torch.bfloat16,3.000246047973633,3.000246047973633
15700,Bifidobacterium_breve_ATCC_15700.pt,12121,24ca39d9ed44ae09bdf9b5bb462bb1400222b813dad896869e707528f7c04ffc,1x5376,torch.bfloat16,3.000002861022949,3.000002861022949
BAA-999,Bifidobacterium_longum_ATCC_BAA_999.pt,12136,c173b56eb6c8a575505d687fb6558d583d30301272a796b237f89923abe9fec9,1x5376,torch.bfloat16,3.0000858306884766,3.0000858306884766
15697,Bifidobacterium_longum_subsp_infantis_ATCC_15697.pt,12265,7a8d4cd44370036f93273df5542ad35c7dc2967daae44b5fc9f6296114823b18,1x5376,torch.bfloat16,3.0001349449157715,3.0001349449157715
15707,Bifidobacterium_longum_subsp_longum_ATCC_15707.pt,12255,a8cb21f50c4ad4150baea0fda740d8955e20625331daae8eb243b8d3e78b901e,1x5376,torch.bfloat16,2.9999215602874756,2.9999215602874756
29236,Blautia_coccoides_ATCC_29236.pt,12101,ac74a9b8364a5da5b670fb097b3a9debce87396e910343b6473e443a38ed8ecc,1x5376,torch.bfloat16,2.9999537467956543,2.9999537467956543
9340,Bordetella_pertussis_ATCC_9340.pt,12111,b51c3039265b49bd71921d02419ff7a6aa828ec6c5ab9a3dabbc4ee1cf6a28ab,1x5376,torch.bfloat16,3.000157594680786,3.000157594680786
17765,Burkholderia_cepacia_ATCC_17765.pt,12116,00e75edfd90b66990c1c1ca82a467bcb5201573533e56b5265a81fa74ce26a87,1x5376,torch.bfloat16,2.9999680519104004,2.9999680519104004
25416,Burkholderia_cepacia_ATCC_25416.pt,12116,c781b17ae43521ab6c01e1e32ce4c262c303429068d795ec36e3246c1b98b642,1x5376,torch.bfloat16,3.0001919269561768,3.0001919269561768
17616,Burkholderia_multivorans_ATCC_17616.pt,12136,766509a2fa9abbf0f616f1580ac78eeddc1befe98400ef8abd3a9aca21556a1e,1x5376,torch.bfloat16,2.9999775886535645,2.9999775886535645
700388,Burkholderia_thailandensis_ATCC_700388.pt,12215,b0144efc45387ce58bc99a3e7a39b2c1b95e1e45560c1ddadd7345e727814cb8,1x5376,torch.bfloat16,3.0001838207244873,3.0001838207244873
33291,Campylobacter_jejuni_subsp_jejuni_ATCC_33291.pt,12245,4fd150b4280be04c2335422f0afc6dd86265a554e4808e0d837466114e160d46,1x5376,torch.bfloat16,2.999786376953125,2.999786376953125
33292,Campylobacter_jejuni_subsp_jejuni_ATCC_33292.pt,12245,0e4b7ed4513bfc82925da96f00b0112f9ae2295b85f3a9fd3a0bfbe07fddec1b,1x5376,torch.bfloat16,2.9998323917388916,2.9998323917388916
10231,Candida_albicans_ATCC_10231.pt,12096,502cf405c57f475934773c8ba7c7380e21a3ed125aacd305078bdd5897cd6fc0,1x5376,torch.bfloat16,2.9997427463531494,2.9997427463531494
11006,Candida_albicans_ATCC_11006.pt,12096,01f1eecc1f7b9e61793db96448cf718535b21bc7b25356d3b4e183535bdd0848,1x5376,torch.bfloat16,3.000196933746338,3.000196933746338
14053,Candida_albicans_ATCC_14053.pt,12096,a396ca3b11fc5e842e9a401933176a5ef19a701b8b97a65dffbf010baa3adaa6,1x5376,torch.bfloat16,3.0001959800720215,3.0001959800720215
18804,Candida_albicans_ATCC_18804.pt,12096,40cb87f00a8c346dae1d01c1f46e3cdfd53264986a9ffff4e1f6ddc425103b04,1x5376,torch.bfloat16,3.0001585483551025,3.0001585483551025
200955,Candida_albicans_ATCC_200955.pt,12101,6092b52d6edb0d41509a412e190568f0ec66c1f49440b77a11b6c421ba584831,1x5376,torch.bfloat16,2.9998600482940674,2.9998600482940674
2091,Candida_albicans_ATCC_2091.pt,12091,495b8cf1a50bfff2bb5755ad1caf0d57c7e5fc108e80eaaccfd468b431d753f4,1x5376,torch.bfloat16,3.0000813007354736,3.0000813007354736
24433,Candida_albicans_ATCC_24433.pt,12096,5d54b0b60ae086b180307915b448eeaac108678ee69a819905e08d4c45f1c812,1x5376,torch.bfloat16,2.9999704360961914,2.9999704360961914
66027,Candida_albicans_ATCC_66027.pt,12096,1db048081cb1425ecdd9d0dd5b22fcb8ff085a81fbb73402ec3fb91e50a7f426,1x5376,torch.bfloat16,3.0000033378601074,3.0000033378601074
76485,Candida_albicans_ATCC_76485.pt,12096,b64fdddd5d6c47baa3b95d014810a70e6fbd5fd940fb462a060b3b3bec91b67d,1x5376,torch.bfloat16,2.9999709129333496,2.9999709129333496
90028,Candida_albicans_ATCC_90028.pt,12096,c2226814bf3403a677451f4dcc1879d572efecb782782c1db2665124bce088a4,1x5376,torch.bfloat16,3.000155210494995,3.000155210494995
96901,Candida_albicans_ATCC_96901.pt,12096,c86020721bee2b87fcdbc9e403193e60b7826929435f7f9da8cc0a21ce1342e2,1x5376,torch.bfloat16,3.0001752376556396,3.0001752376556396
MYA-2876,Candida_albicans_ATCC_MYA_2876.pt,12111,72ab65b1ed073f96e3256da3c8594194f0e924f8961f4f7de5a7dfedca603586,1x5376,torch.bfloat16,2.999932289123535,2.999932289123535
MYA-646,Candida_dubliniensis_ATCC_MYA_646.pt,12126,148519d12e55b1c6b48ccdffd1ed0fa524400c108a75e817bb3894c42b5da623,1x5376,torch.bfloat16,3.0000643730163574,3.0000643730163574
2001,Candida_glabrata_ATCC_2001.pt,12091,ac7a59cf036f83b4c541fa79b96d14edd3b8f137169214ca402f69ec21556edb,1x5376,torch.bfloat16,2.9998884201049805,2.9998884201049805
66028,Candida_kefyr_ATCC_66028.pt,12081,00bfc324ed58f0bc61a88fd06a41ccfa9fc6f486c19c7281a94b046cb5f2ca21,1x5376,torch.bfloat16,3.000147819519043,3.000147819519043
14243,Candida_krusei_ATCC_14243.pt,12086,0ed99a87bc9d1995f7a1b77c3aa8458d49d5a925de431a76a0bf7b874a152c58,1x5376,torch.bfloat16,2.99992036819458,2.99992036819458
28870,Candida_krusei_ATCC_28870.pt,12086,57d06f9a3e0fbd5e98c89fa6498a158e4b86d9f4b36dc62dbfcda66a503fee26,1x5376,torch.bfloat16,2.999882459640503,2.999882459640503
34449,Candida_lusitaniae_ATCC_34449.pt,12106,a10f75a695218197527e1ced5015d6bf3fcfdb179508916e4d1ccbc4f95da4cd,1x5376,torch.bfloat16,3.0000174045562744,3.0000174045562744
22019,Candida_parapsilosis_ATCC_22019.pt,12116,eed4efb26b418a02c9c76ac1186de59e690c3eabcd298bba08e87517a42e244d,1x5376,torch.bfloat16,2.9998674392700195,2.9998674392700195
90018,Candida_parapsilosis_ATCC_90018.pt,12116,2e56d0197ec95ed4f5cc9d41e6f45cbbbc423cb412d13bb7ad19c18161163a91,1x5376,torch.bfloat16,3.000025749206543,3.000025749206543
13803,Candida_tropicalis_ATCC_13803.pt,12106,e3999139000570999e3e31a2601dec877e3a218476d810c938fb6fdda9b8ba76,1x5376,torch.bfloat16,3.0003674030303955,3.0003674030303955
66029,Candida_tropicalis_ATCC_66029.pt,12106,5725a1ac630d4c957662f1c5c02c04e37b50c2d71a9b86c65a3f39eca56e45e2,1x5376,torch.bfloat16,3.000251293182373,3.000251293182373
750,Candida_tropicalis_ATCC_750.pt,12096,b691f14a0900b2d3e476abd7682c732c2e61b0059c2eec495a29037925839e68,1x5376,torch.bfloat16,3.0001120567321777,3.0001120567321777
MYA-3404,Candida_tropicalis_ATCC_MYA_3404.pt,12121,717cf2d3115e876a8d972f1cb2d4e699c398cf94f442735d8ba9006a22d401cb,1x5376,torch.bfloat16,3.0000486373901367,3.0000486373901367
31532,Chromobacterium_subtsugae_ATCC_31532.pt,12141,e067d6653c8e163083673fa897a55f2dd5ae04a4908724eea9d05f3de674147d,1x5376,torch.bfloat16,3.000154733657837,3.000154733657837
12472,Chromobacterium_violaceum_ATCC_12472.pt,12141,8dc6df2435057618d65d95f3c9d7bb11e5cb4a3e729b8443dd33deeeda561d36,1x5376,torch.bfloat16,3.000096082687378,3.000096082687378
8090,Citrobacter_freundii_ATCC_8090.pt,12111,37a79efd9eab53f31cfca8224947af474ec61d68b29cca2f7fab8b41e72e6776,1x5376,torch.bfloat16,2.9998509883880615,2.9998509883880615
BAA-895,Citrobacter_koseri_ATCC_BAA_895.pt,12116,bf4988e2cb62a1bbf6ad3f54d97f9a014f8a34eaf37ff92487256ddefef51929,1x5376,torch.bfloat16,3.000011920928955,3.000011920928955
43255,Clostridioides_difficile_ATCC_43255.pt,12136,66709737d284827a2e889ca10ea1f60539a5c85a2f1cc7e5d8a3d3ec2cb8410f,1x5376,torch.bfloat16,3.0001254081726074,3.0001254081726074
43598,Clostridioides_difficile_ATCC_43598.pt,12136,8d00df18a60a63586df8d313c79803bf5b33240a8f6de3464be2f4f73fdb361f,1x5376,torch.bfloat16,2.9998481273651123,2.9998481273651123
BAA-1382,Clostridioides_difficile_ATCC_BAA_1382.pt,12215,bceff7703eeaf80c4bd7efdc0c8ca55cecdf293f70594351d66b87f845b73962,1x5376,torch.bfloat16,2.9998462200164795,2.9998462200164795
27757,Clostridium_nexile_ATCC_27757.pt,12106,a3c981a9506dad339ea3660c99e8f86f66c61720e52e308249a4916e5fc63637,1x5376,torch.bfloat16,3.0002031326293945,3.0002031326293945
10543,Clostridium_perfringens_ATCC_10543.pt,12131,8f57936f8f3ac2642b01567f862e44604b15b5697603e36080e02697847d92f7,1x5376,torch.bfloat16,3.0003304481506348,3.0003304481506348
12915,Clostridium_perfringens_ATCC_12915.pt,12131,d502ad4a8bd17087e363a87b5d5b76e790961c47963730ecbc2157bf99d86eb3,1x5376,torch.bfloat16,2.999838352203369,2.999838352203369
13124,Clostridium_perfringens_ATCC_13124.pt,12131,208136cf123d2785a52260fa1b58925cd198f308843bb1d0789af034dc1837ae,1x5376,torch.bfloat16,2.999739170074463,2.999739170074463
3624,Clostridium_perfringens_ATCC_3624.pt,12126,0e559ba0763ee811ef29445243385b50b4afa6f8506060e4ca26b9ed6877cc05,1x5376,torch.bfloat16,2.9999208450317383,2.9999208450317383
3626,Clostridium_perfringens_ATCC_3626.pt,12126,b774bb6cd6e8e8c86c75d95fe673a65985bf9d060762287af8b65145ba1989ea,1x5376,torch.bfloat16,2.9998865127563477,2.9998865127563477
12464,Clostridium_septicum_ATCC_12464.pt,12116,26f54b4fa7a13b9141d3348f7fc975319a2abf771a8956dc16bd276207c1efc7,1x5376,torch.bfloat16,2.999932289123535,2.999932289123535
19404,Clostridium_sporogenes_ATCC_19404.pt,12126,27acad4418dc10964d316a93c42ce05d6d0d94a452f47d9c3d555f514921c555,1x5376,torch.bfloat16,2.9998254776000977,2.9998254776000977
13032,Corynebacterium_glutamicum_ATCC_13032.pt,12210,79e417886dc4cbc50ed26f47398945166e6fd8fa8ef2fe2c885ad2c528fc3ed7,1x5376,torch.bfloat16,3.000150203704834,3.000150203704834
BAA-949,Corynebacterium_jeikeium_ATCC_BAA_949.pt,12210,d6ff49a44186f7f04886a21da967ac11fe3e84cfb9f14afab3e87caa925fafdb,1x5376,torch.bfloat16,2.9999516010284424,2.9999516010284424
19410,Corynebacterium_pseudotuberculosis_ATCC_19410.pt,12250,ea4f2ed318b820918d5e743901f62b1c37e57de4d9ec7cc0a9168a6c9e15a9bd,1x5376,torch.bfloat16,3.0001280307769775,3.0001280307769775
19412,Corynebacterium_renale_ATCC_19412.pt,12126,422d0983875565f5b58b0bc539d2964423997bdcc6c962f80ce68cc7cc8c268b,1x5376,torch.bfloat16,3.000105857849121,3.000105857849121
373,Corynebacterium_xerosis_ATCC_373.pt,12121,17a9a5f2630c41976777efb421ea83d435a28de32947d6c0adde3271b0531c6c,1x5376,torch.bfloat16,3.000067949295044,3.000067949295044
51329,Cronobacter_muytjensii_ATCC_51329.pt,12126,d5ca00417076670633d6772c1e037222c39a023340c27f19791d184f47f0db7d,1x5376,torch.bfloat16,3.000155210494995,3.000155210494995
29544,Cronobacter_sakazakii_ATCC_29544.pt,12121,908cd0925dfc1c035658dbf80f8f356a2f6fd81a4cd648d368864b85c1d389dc,1x5376,torch.bfloat16,2.9998817443847656,2.9998817443847656
BAA-894,Cronobacter_sakazakii_ATCC_BAA_894.pt,12131,b349006949f69bbb36a3c0f398d6446d3da023e4f6c14de76b98cde6a682f247,1x5376,torch.bfloat16,3.0000760555267334,3.0000760555267334
13690,Cryptococcus_neoformans_var_grubii_ATCC_13690.pt,12250,e2ecf8f6d729f9cfc0e332875c51f92c4a984f70a9d6250939a0d55eef07a1f0,1x5376,torch.bfloat16,3.000016689300537,3.000016689300537
208821,Cryptococcus_neoformans_var_grubii_ATCC_208821.pt,12255,a43b70ef429cbd2387331d419068f03139a5b47007d898a76cd7ec5e207a54ba,1x5376,torch.bfloat16,2.9999279975891113,2.9999279975891113
90112,Cryptococcus_neoformans_var_grubii_ATCC_90112.pt,12250,97a9bbce8981980169dc9ecbd0e24a8683597e135b8632540165f3473ca13992,1x5376,torch.bfloat16,2.9999866485595703,2.9999866485595703
11827,Cutibacterium_acnes_ATCC_11827.pt,12111,d7961fdcd7eb0e363c16f0b5002e757ff51eec26d6f10829da98dba26fbb60ed,1x5376,torch.bfloat16,2.99997615814209,2.99997615814209
11828,Cutibacterium_acnes_ATCC_11828.pt,12111,0a93df610e8a33b63615da5153b6a90328a525014a0b7c881d9de1144785b5c3,1x5376,torch.bfloat16,2.9999520778656006,2.9999520778656006
29399,Cutibacterium_acnes_ATCC_29399.pt,12111,6d22975960f93ddba73ff28ea6e0734a639bc19c106338d505d8d2598a181625,1x5376,torch.bfloat16,3.000023365020752,3.000023365020752
33179,Cutibacterium_acnes_ATCC_33179.pt,12111,c0297ba2e7601a1cdc475a21db501263893694db3454498c03b51e0aee283cd0,1x5376,torch.bfloat16,3.0000455379486084,3.0000455379486084
51277,Cutibacterium_acnes_ATCC_51277.pt,12111,27ec93333c336480ea80fb1a3f8d636becd29f5dacb1e73ad2ce5449cd78bdf3,1x5376,torch.bfloat16,3.000102996826172,3.000102996826172
6919,Cutibacterium_acnes_ATCC_6919.pt,12106,d8353cfe81b28613536870d01965bed339a5303461f18513e7f2c9500e164b39,1x5376,torch.bfloat16,3.0000433921813965,3.0000433921813965
33202,Edwardsiella_ictaluri_ATCC_33202.pt,12121,d94e260ac21b4b2d514a75da72dd8de15f5b6e28e144780a5f2c06f660d5b509,1x5376,torch.bfloat16,3.00008487701416,3.00008487701416
15947,Edwardsiella_tarda_ATCC_15947.pt,12106,0e52a1a9f5871ea47fa3262165f880fc5b07c5097de7b7e408dd84e155e31950,1x5376,torch.bfloat16,2.999781608581543,2.999781608581543
BAA-2468,Enterobacter_cloacae_ATCC_BAA_2468.pt,12131,604b502ce3009456c4a6ca1f4637a0296dd87c69afde2f753739c39ace8cacc7,1x5376,torch.bfloat16,2.9999680519104004,2.9999680519104004
BAA-3045,Enterobacter_cloacae_ATCC_BAA_3045.pt,12131,94aa32c3c41eac9c3f45effba6f75ba86677b165581192c0714c60a7b517badc,1x5376,torch.bfloat16,3.0000154972076416,3.0000154972076416
13047,Enterobacter_cloacae_subsp_cloacae_ATCC_13047.pt,12250,927c2bda237bf451755842927803c7c9070e093331c3f04f4e5d6415e49444a5,1x5376,torch.bfloat16,3.000180244445801,3.000180244445801
23355,Enterobacter_cloacae_subsp_cloacae_ATCC_23355.pt,12250,8dac854754192ebf509abf848a9413cc7d4e731fb09f5cbd413854aa09caef9c,1x5376,torch.bfloat16,3.0000524520874023,3.0000524520874023
35030,Enterobacter_cloacae_subsp_cloacae_ATCC_35030.pt,12250,838f5c165e28c2f5a9942656da14ab231d0cb229bf39e978efb486ceb8331fb1,1x5376,torch.bfloat16,3.000135898590088,3.000135898590088
BAA-1143,Enterobacter_cloacae_subsp_cloacae_ATCC_BAA_1143.pt,12265,ac3713b89d4f3aa082915a0e4612a8cb9ea860c39d6e170cab8afe18f7e0e4da,1x5376,torch.bfloat16,2.9999430179595947,2.9999430179595947
700323,Enterobacter_hormaechei_ATCC_700323.pt,12136,305abf4e934d2cd26568fd1940f1c2046f9e414a57ec2cac5ca443b92cbf0544,1x5376,torch.bfloat16,2.999915838241577,2.999915838241577
49141,Enterobacter_ludwigii_ATCC_49141.pt,12121,ffb776e41f87e43182e4b0786c9365fc6af866e803a926e0391781144a3f64db,1x5376,torch.bfloat16,2.999908447265625,2.999908447265625
700327,Enterococcus_casseliflavus_ATCC_700327.pt,12215,eef25728b75fd5f08b1a7162c82ca98d93f6ca1cba4a3cee3f44abe9bafb25cb,1x5376,torch.bfloat16,2.999985456466675,2.999985456466675
19432,Enterococcus_durans_ATCC_19432.pt,12111,9cf8754a609864caa3113078c3a39dfea3fb0e00d0f40cbb3b93db5782137d76,1x5376,torch.bfloat16,3.0000743865966797,3.0000743865966797
14506,Enterococcus_faecalis_ATCC_14506.pt,12121,d379ba4dd1565d25f25a73273a7ac72c6e562e404da770a11f671aa98afe732b,1x5376,torch.bfloat16,2.999971628189087,2.999971628189087
19433,Enterococcus_faecalis_ATCC_19433.pt,12121,52afb1b257511850578f1e9780d09bbd6c48f7ac55c7e18120b8f5833097c818,1x5376,torch.bfloat16,3.0001354217529297,3.0001354217529297
29212,Enterococcus_faecalis_ATCC_29212.pt,12121,119c39a90078f2e9d494c090b874f5f7f54e510adff9f27c8bd7fea3f717001f,1x5376,torch.bfloat16,2.9998271465301514,2.9998271465301514
33186,Enterococcus_faecalis_ATCC_33186.pt,12121,6be43eefd95dd2674a569e5d7b68508536b6a961c9410955f3f82b8e785dc5b2,1x5376,torch.bfloat16,2.9999568462371826,2.9999568462371826
47077,Enterococcus_faecalis_ATCC_47077.pt,12121,72349669abb3429a403d722afb8b6c98683e346137ef0ba23ffae83daf328c6f,1x5376,torch.bfloat16,2.999802827835083,2.999802827835083
51299,Enterococcus_faecalis_ATCC_51299.pt,12121,8fe298672b1054a8a4ca9653994207dec5075688026791951ca8aa3f5e8e11de,1x5376,torch.bfloat16,2.999948263168335,2.999948263168335
51575,Enterococcus_faecalis_ATCC_51575.pt,12121,ce21423f2217acd697f415520febbb61c55b2feb8a7de405d0a4023e0869eeb9,1x5376,torch.bfloat16,2.9998865127563477,2.9998865127563477
700802,Enterococcus_faecalis_ATCC_700802.pt,12126,f78d7efa0986fa3ffc4f4332a1a7dacb8082867f188ca3844666372d417a67dc,1x5376,torch.bfloat16,2.99979829788208,2.99979829788208
7080,Enterococcus_faecalis_ATCC_7080.pt,12116,2166c30a65832361c1253546a416e0adb3f3711d7246456c654dcf9516519c7b,1x5376,torch.bfloat16,2.9998793601989746,2.9998793601989746
BAA-2365,Enterococcus_faecalis_ATCC_BAA_2365.pt,12136,98acb53b012dadfe73c26106ccbaa4e2f10c56bc49b37e47d36f716084f53daa,1x5376,torch.bfloat16,3.000256061553955,3.000256061553955
19434,Enterococcus_faecium_ATCC_19434.pt,12116,2554fafdd4ee59fa7b8e8469c8a4a5a2e7c729070b20e3c572aa221dfff8d949,1x5376,torch.bfloat16,3.0002262592315674,3.0002262592315674
27270,Enterococcus_faecium_ATCC_27270.pt,12116,fc7871c0dae0d7fc01e845dc275db6a6384609da519fe7ae6562990f1d3cd012,1x5376,torch.bfloat16,2.9999756813049316,2.9999756813049316
35667,Enterococcus_faecium_ATCC_35667.pt,12116,65c69d0cac5627c451dd3ca09a7c14780378b27bb30faf25add117c67593925d,1x5376,torch.bfloat16,2.999940872192383,2.999940872192383
51559,Enterococcus_faecium_ATCC_51559.pt,12116,4ddb7ca3863c01cb1eb22fd625c2a654eeeb575ec28d322e2591d3003d596a24,1x5376,torch.bfloat16,2.999979019165039,2.999979019165039
6569,Enterococcus_faecium_ATCC_6569.pt,12111,99e8891f9b4b84c68dd64f71b26183629710f1b3564904c200e7a5d64dd22a06,1x5376,torch.bfloat16,2.9999005794525146,2.9999005794525146
700221,Enterococcus_faecium_ATCC_700221.pt,12121,b546c03a082cf8b761647cb69ab96910b82513dba034349a3d129117abe1f665,1x5376,torch.bfloat16,3.0002918243408203,3.0002918243408203
BAA-2316,Enterococcus_faecium_ATCC_BAA_2316.pt,12131,738418f658886b0ae2fdd1f52119bdcd864ef06f086b547d7755ddb5d5a4185e,1x5376,torch.bfloat16,3.000143527984619,3.000143527984619
10541,Enterococcus_hirae_ATCC_10541.pt,12106,37a1b41db9f5dfd15483aa3c8e31bebbedfe979d730d287b75587f28b6494322,1x5376,torch.bfloat16,2.9998340606689453,2.9998340606689453
#001,Escherichia_coli_ATCC_#001.pt,12091,6511b9df963411bb435d0b6e52558e17deedc1be506e787a97f6b56fe4ecd865,1x5376,torch.bfloat16,3.000027656555176,3.000027656555176
#003,Escherichia_coli_ATCC_#003.pt,12091,0f043df8873bac9c1b36f07bf457dbaadecfcbf0feb5245d791a2a1cbf090483,1x5376,torch.bfloat16,3.0000908374786377,3.0000908374786377
#004,Escherichia_coli_ATCC_#004.pt,12091,97431f8931d6af591767977919bc4083582a7a332d9e433b1280c3a15505f7c1,1x5376,torch.bfloat16,2.9999117851257324,2.9999117851257324
#005,Escherichia_coli_ATCC_#005.pt,12091,3f1ec68dd2a4fc776abf5ec17ab99c0d9463977881bc1570e0c8a36df01d9083,1x5376,torch.bfloat16,3.000098705291748,3.000098705291748
10536,Escherichia_coli_ATCC_10536.pt,12096,e6ad298abad4fd3600e751b7495957f36dc6075f5acf5485ca8bd08130a2d637,1x5376,torch.bfloat16,2.999781608581543,2.999781608581543
11229,Escherichia_coli_ATCC_11229.pt,12096,9edfec50598c0f84f3a3028d8a42d4c65aad26c794190e298aadba78ca171e5a,1x5376,torch.bfloat16,3.0000319480895996,3.0000319480895996
11303,Escherichia_coli_ATCC_11303.pt,12096,e66949a4f69767932b640b8b58dbd24212154d76e7750743bf3342a7ea11d28c,1x5376,torch.bfloat16,2.9999828338623047,2.9999828338623047
11775,Escherichia_coli_ATCC_11775.pt,12096,1d614eb320e94bed44e2a77d24c550cc507b43f729bee624833a22f5451daf6c,1x5376,torch.bfloat16,3.000225782394409,3.000225782394409
12014,Escherichia_coli_ATCC_12014.pt,12096,6954c68949240140cc2c7ff33ffe7125fda041dad055d30d588ef430873b201f,1x5376,torch.bfloat16,2.999924898147583,2.999924898147583
15224,Escherichia_coli_ATCC_15224.pt,12096,0d064ba0173f14efa44383f6a4ea54ebbe97818ab860c758523dcf05e4a2bf62,1x5376,torch.bfloat16,3.000020742416382,3.000020742416382
15597,Escherichia_coli_ATCC_15597.pt,12096,9c9053f4224164103bc5d8adfc19f175ff0bf5bcf4c5422783cf35faa909c81d,1x5376,torch.bfloat16,3.0001602172851562,3.0001602172851562
23506,Escherichia_coli_ATCC_23506.pt,12096,ec750bf27a8c0d3a9fc1d28da9ad51e921839fdb4613de147b9f3bc16169e717,1x5376,torch.bfloat16,3.000093936920166,3.000093936920166
23631,Escherichia_coli_ATCC_23631.pt,12096,f635e22c7bf99c35b79b89d47b0b19ee5ee9a88a7a22420d5867428a7d0c962d,1x5376,torch.bfloat16,3.0001232624053955,3.0001232624053955
23716,Escherichia_coli_ATCC_23716.pt,12096,4ab2e0ebbb16c1e1d71761f1126e1dc6b563d674f5d60076c88b2366d5bfc863,1x5376,torch.bfloat16,2.9998884201049805,2.9998884201049805
23724,Escherichia_coli_ATCC_23724.pt,12096,fe8eb1aa1011fc197ff34a7923273d4fb752cc1a077050dfcdb700974de7c600,1x5376,torch.bfloat16,3.0001044273376465,3.0001044273376465
25404,Escherichia_coli_ATCC_25404.pt,12096,32bc38e9d7b2acfa9943a4a1fa16847fa786295456cb23401440e17f7b21a6f2,1x5376,torch.bfloat16,3.000053644180298,3.000053644180298
25922,Escherichia_coli_ATCC_25922.pt,12096,98283c34d764c7102a5d30fbbc8373f439da9aa8d1d39f68e3c0dc7175044585,1x5376,torch.bfloat16,3.000128746032715,3.000128746032715
27325,Escherichia_coli_ATCC_27325.pt,12096,390229ebf091ed3820e2fa4ab49da90e1418ac56e587f0c3872a6129613152b1,1x5376,torch.bfloat16,2.999866247177124,2.999866247177124
31616,Escherichia_coli_ATCC_31616.pt,12096,4d10c319e21f26c52f728e74798bfff4247b202e4975c977e9894250e44e2ff2,1x5376,torch.bfloat16,2.9999637603759766,2.9999637603759766
35150,Escherichia_coli_ATCC_35150.pt,12096,2d3e89d8dc6867c5838224e927a2aaad35a21c7d8beb36d9e877a684e76923de,1x5376,torch.bfloat16,3.0001440048217773,3.0001440048217773
35218,Escherichia_coli_ATCC_35218.pt,12096,448767439ae09ec28357cf03ce0ec529a3135ccbe943abe668712e96f0beaf4c,1x5376,torch.bfloat16,3.0002152919769287,3.0002152919769287
4157,Escherichia_coli_ATCC_4157.pt,12091,77e52a7af6bfa826b71ce826b91ef750cbe6682c9a2ebd298cd3d1aafe4c0016,1x5376,torch.bfloat16,3.000074863433838,3.000074863433838
43827,Escherichia_coli_ATCC_43827.pt,12096,8f2066e7f8d8dde603c12f2b0c4a0c8366c9f3c9cb53817bb0ae0b8e49c312e2,1x5376,torch.bfloat16,3.0001254081726074,3.0001254081726074
43894,Escherichia_coli_ATCC_43894.pt,12096,8416c4dbeca22bb3c4a25317bebfe6cf401e137a230b469d801d70439305c478,1x5376,torch.bfloat16,2.9998483657836914,2.9998483657836914
43895,Escherichia_coli_ATCC_43895.pt,12096,53ff7f5ffd105dce76df8b6c64e520b2975e5b23f8a735294c24c44b0644cd88,1x5376,torch.bfloat16,3.0000159740448,3.0000159740448
47076,Escherichia_coli_ATCC_47076.pt,12096,75e5688e1196690e7b430d74551a7b15755c92f548bbd31dd18f01b4ddbf2d34,1x5376,torch.bfloat16,2.9999442100524902,2.9999442100524902
51659,Escherichia_coli_ATCC_51659.pt,12096,3f445d7aef8f25fe09f32de90d8ad9cefe4db68f408f5dafcbaef95d252feba9,1x5376,torch.bfloat16,2.9999380111694336,2.9999380111694336
700336,Escherichia_coli_ATCC_700336.pt,12101,17ee4d79b329374a31ef750165bd7b9721575a6e3a9004289830fb67c70a7c65,1x5376,torch.bfloat16,2.999919891357422,2.999919891357422
700728,Escherichia_coli_ATCC_700728.pt,12101,e8848ff5848a69a53114b44f426261c93d6207ea08ca4a793e00cc114aa1b994,1x5376,torch.bfloat16,3.0000557899475098,3.0000557899475098
700926,Escherichia_coli_ATCC_700926.pt,12101,e60c4a7f8807eec6bb5d36ac9253d856e9b7b819b53432ee8952335f24929898,1x5376,torch.bfloat16,2.9999470710754395,2.9999470710754395
700928,Escherichia_coli_ATCC_700928.pt,12101,19518e12b441ff3d876dfc48ae86f3a8af407438384c3c6b67a635d902510525,1x5376,torch.bfloat16,3.000102996826172,3.000102996826172
8739,Escherichia_coli_ATCC_8739.pt,12091,1ca4256d0ae9a6e19b9cf858887f2460ff3dd447bddea2ad6aafef5a53b299e1,1x5376,torch.bfloat16,3.0000267028808594,3.0000267028808594
9637,Escherichia_coli_ATCC_9637.pt,12091,145a11d80ecc0f1369eb94af5f1b22ef2d6a11bf09280f08a7f7a17c16f733a4,1x5376,torch.bfloat16,3.0000057220458984,3.0000057220458984
BAA-1025,Escherichia_coli_ATCC_BAA_1025.pt,12111,b1f5603c1b3d5f0c3bdffc41834156f6e801d6ca4def4a2c843547165438d3b6,1x5376,torch.bfloat16,3.000133991241455,3.000133991241455
BAA-2340,Escherichia_coli_ATCC_BAA_2340.pt,12111,2613aca07d5eb151dfa5e6feabd02b8b9ec856563957b4995e8a4aaaebf63771,1x5376,torch.bfloat16,3.0000243186950684,3.0000243186950684
BAA-2452,Escherichia_coli_ATCC_BAA_2452.pt,12111,197705adbb72e68c8e59b3ca78384400e51b8cc3192ac0178e88301f755e409f,1x5376,torch.bfloat16,2.999992847442627,2.999992847442627
BAA-2469,Escherichia_coli_ATCC_BAA_2469.pt,12111,a3d6738a9d0bca27ca0373a6d6d6f4095682a96d73bd9d263681d6f614977930,1x5376,torch.bfloat16,2.999934196472168,2.999934196472168
BAA-2471,Escherichia_coli_ATCC_BAA_2471.pt,12111,a526662cd1cf1d83b4feee888e5f93ca0d32b8d0e078c87e939dec013714a207,1x5376,torch.bfloat16,2.9999327659606934,2.9999327659606934
BAA-2523,Escherichia_coli_ATCC_BAA_2523.pt,12111,e80bb27b145984a223aabad3769dc13c725c8b80b6305764e2bee12557c92394,1x5376,torch.bfloat16,2.9999818801879883,2.9999818801879883
BAA-3051,Escherichia_coli_ATCC_BAA_3051.pt,12111,a6fa73c123ef294c5a17b71bb23434251594c3231aedc1b1bf146863d1b4da59,1x5376,torch.bfloat16,2.9999265670776367,2.9999265670776367
BAA-3054,Escherichia_coli_ATCC_BAA_3054.pt,12111,51f6aa65bf729095b98ca0ef5c4474ec32b4cce7d84470e5e512379c3b42d2be,1x5376,torch.bfloat16,3.000030040740967,3.000030040740967
BAA-3170,Escherichia_coli_ATCC_BAA_3170.pt,12111,732171995116854d56b5a862b86037cae44d0a6ccc709efcc095edd8defee51f,1x5376,torch.bfloat16,2.9998908042907715,2.9998908042907715
49676,Exiguobacterium_chiriqhucha_ATCC_49676.pt,12215,b26f54cc494afa1c115eecac159493205f95b2a9e79893b5119583ce478bfd3a,1x5376,torch.bfloat16,3.0001564025878906,3.0001564025878906
36031,Fusarium_keratoplasticum_ATCC_36031.pt,12136,9c18c4204dd4082b12d40cd156be6eff6a6b8969ec8a91e2019a0e07ac775bf8,1x5376,torch.bfloat16,3.0000791549682617,3.0000791549682617
MYA-1198,Fusarium_oxysporum_ATCC_MYA_1198.pt,12121,d7283dce613032240b142923844b8396f2b2c354f088e0208c9f01dcbc100932,1x5376,torch.bfloat16,3.000040054321289,3.000040054321289
23726,Fusobacterium_nucleatum_subsp_nucleatum_ATCC_23726.pt,12275,e99ba80138ef0d69e83900ff0b30c3a1af702dadaa6159e60b088e4d6e1d6379,1x5376,torch.bfloat16,3.000086784362793,3.000086784362793
25586,Fusobacterium_nucleatum_subsp_nucleatum_ATCC_25586.pt,12275,98b96fd764d9f20d86faa87ebb3a27cc333076ceabef74d0b8598a905b738ae9,1x5376,torch.bfloat16,2.999967098236084,2.999967098236084
10953,Fusobacterium_nucleatum_subsp_polymorphum_ATCC_10953.pt,12285,9786d29e1506347d99d4548c2056c4cd45b60fe18df1a38ef180d7f480a6ce94,1x5376,torch.bfloat16,3.000027656555176,3.000027656555176
49256,Fusobacterium_nucleatum_subsp_vincentii_ATCC_49256.pt,12275,a1ead923f564cb0b316c560c47054c376abd18bd09f3f6f6a997df5f9ce33d3e,1x5376,torch.bfloat16,2.999368190765381,2.999368190765381
27725,Fusobacterium_varium_ATCC_27725.pt,12116,87816054988fc30ff161b74d0019418e0a8ae93d307c67f886415439262e29b8,1x5376,torch.bfloat16,2.9997105598449707,2.9997105598449707
14018,Gardnerella_vaginalis_ATCC_14018.pt,12121,9ebf356dbee7beeb5c78ab05014ade06c74108f0d71ec6e4dd9f31bbf2886704,1x5376,torch.bfloat16,3.0002384185791016,3.0002384185791016
49145,Gardnerella_vaginalis_ATCC_49145.pt,12121,09872f61d92d508ae3e7a770dc1f7db6334adb734e7168e0d99f7a14f4323e77,1x5376,torch.bfloat16,3.000185489654541,3.000185489654541
19417,Glaesserella_parasuis_ATCC_19417.pt,12121,b7327c55925fa416ae89c0eb13711dd8714216a9bba0ffe567ee62d761a93cfd,1x5376,torch.bfloat16,3.0001285076141357,3.0001285076141357
10211,Haemophilus_influenzae_ATCC_10211.pt,12126,bfc45544aec6d95124d98efaae77120d5d7d0debff5a3dcc05f8a4419bae32ea,1x5376,torch.bfloat16,2.9998440742492676,2.9998440742492676
19418,Haemophilus_influenzae_ATCC_19418.pt,12126,7c49c2096fc6aafe98240cd067411a7a1f2f5f202440174e85538fd423ccc256,1x5376,torch.bfloat16,3.000190019607544,3.000190019607544
49247,Haemophilus_influenzae_ATCC_49247.pt,12126,2620598df72958803e7f74904666164de066290d9db40d2debb10f6e0174dbe9,1x5376,torch.bfloat16,3.000086784362793,3.000086784362793
49766,Haemophilus_influenzae_ATCC_49766.pt,12126,3a8be9afed43a5754c0f3a664759d442d325dda21141ff089bcb8613c69839b2,1x5376,torch.bfloat16,2.999983310699463,2.999983310699463
51907,Haemophilus_influenzae_ATCC_51907.pt,12126,f8b5544d94698b4dbc2e0d49385f159813c059ef406a1e402db24ed06d3a4b42,1x5376,torch.bfloat16,3.000039577484131,3.000039577484131
43504,Helicobacter_pylori_ATCC_43504.pt,12111,8ded78571eac24ead594170e477d2e7447d660a0acf4a790ef156b0b993331af,1x5376,torch.bfloat16,2.999786138534546,2.999786138534546
43526,Helicobacter_pylori_ATCC_43526.pt,12111,37f94cb404b51079c2cccca8fd739573a7d1bc36b69a2460b3c77ae0380110df,1x5376,torch.bfloat16,2.9998483657836914,2.9998483657836914
43629,Helicobacter_pylori_ATCC_43629.pt,12111,0eefa06898f8019f6ba5a4b90fb9b1750f6ee54b50f4a654dd439d786e541746,1x5376,torch.bfloat16,3.0001471042633057,3.0001471042633057
51653,Helicobacter_pylori_ATCC_51653.pt,12111,938e2d63a1f9b85d039227dacfc34be618108879970707aa5b626035b8dfabe9,1x5376,torch.bfloat16,2.9998984336853027,2.9998984336853027
700392,Helicobacter_pylori_ATCC_700392.pt,12116,ff1b56708cea37a4300187a286db091ae00e623d0bad36877c494c9fb6313483,1x5376,torch.bfloat16,3.000164747238159,3.000164747238159
6258,Issatchenkia_orientalis_ATCC_6258.pt,12126,c80567b0e0c202020e2060316d92ac86f5e219516a7daad96b64ab4796cc74fa,1x5376,torch.bfloat16,3.0000414848327637,3.0000414848327637
13048,Klebsiella_aerogenes_ATCC_13048.pt,12116,58fcc47c53f577c334559f253684203e83dcb9744292766c1e86e79069452268,1x5376,torch.bfloat16,3.0000805854797363,3.0000805854797363
35029,Klebsiella_aerogenes_ATCC_35029.pt,12116,63c4caffe71fa3c13387451768ab00b8def81395c2b759c1add04dbaf082a04a,1x5376,torch.bfloat16,2.999854326248169,2.999854326248169
49701,Klebsiella_aerogenes_ATCC_49701.pt,12116,0a1d21e17fca551bed5211bec5b08673953cda1d1e124bcc94617423e5b99626,1x5376,torch.bfloat16,3.000110149383545,3.000110149383545
51697,Klebsiella_aerogenes_ATCC_51697.pt,12116,fd267ba5624cdff375160cee87bd83b80e7d0d386ca12d832f54f4efae7c5caf,1x5376,torch.bfloat16,2.9998831748962402,2.9998831748962402
43086,Klebsiella_michiganensis_ATCC_43086.pt,12136,b77f03b50d5082f428520f6ceb673c9bb404739b1b1a7ce01ea7d911790803bd,1x5376,torch.bfloat16,3.000065326690674,3.000065326690674
13182,Klebsiella_oxytoca_ATCC_13182.pt,12106,90f054aa9340400f7cf6bad914c2625a12bd657ba82b2d17342a621094e40c95,1x5376,torch.bfloat16,2.9999313354492188,2.9999313354492188
49131,Klebsiella_oxytoca_ATCC_49131.pt,12106,19e8740a73c7eaa38c9a180186fc5cf3e74586362f87d9c6bd602f31213abb23,1x5376,torch.bfloat16,3.0001912117004395,3.0001912117004395
700324,Klebsiella_oxytoca_ATCC_700324.pt,12111,1d508ec12586186911ecc0a9d1eceadb5cbfc13f132248de3e6eeb5fd897fe44,1x5376,torch.bfloat16,2.9996426105499268,2.9996426105499268
BAA-1705,Klebsiella_pneumoniae_ATCC_BAA_1705.pt,12136,c419ad4e91b342066ba0413f4aa4835aa4e3aae1f1d08bbbcaeed0c0aa32f534,1x5376,torch.bfloat16,3.000027894973755,3.000027894973755
BAA-1706,Klebsiella_pneumoniae_ATCC_BAA_1706.pt,12136,0d73fbae945bbab7886de38e2c0621d33fb5f6ecbbb89cf8a8d5071b7b1b4a15,1x5376,torch.bfloat16,3.000156879425049,3.000156879425049
BAA-2146,Klebsiella_pneumoniae_ATCC_BAA_2146.pt,12136,e5ba172d9bc828aeaddfb49c4f69c865e2a117cbec1c83cc172ead79a71de85b,1x5376,torch.bfloat16,3.0000545978546143,3.0000545978546143
BAA-2342,Klebsiella_pneumoniae_ATCC_BAA_2342.pt,12136,a0efcb6c1216b1a252893c7a79ee2891826c2c34719f8f582646f9df4ca804ba,1x5376,torch.bfloat16,2.9999732971191406,2.9999732971191406
BAA-2814,Klebsiella_pneumoniae_ATCC_BAA_2814.pt,12136,ff31ad8132b5d0e6b8f009c1e12eff2498c865ba910f95b6906f883591798abf,1x5376,torch.bfloat16,2.9999516010284424,2.9999516010284424
10031,Klebsiella_pneumoniae_subsp_pneumoniae_ATCC_10031.pt,12270,2e6157b49a3add66a6fda0f963b471d2c197da33f4199b322ab084ffcbdfe394,1x5376,torch.bfloat16,3.000032901763916,3.000032901763916
12657,Klebsiella_pneumoniae_subsp_pneumoniae_ATCC_12657.pt,12270,a867117b52147290e83496da7f51335c8cfa4f9a09868b584c2cea054246fee4,1x5376,torch.bfloat16,3.000077962875366,3.000077962875366
13882,Klebsiella_pneumoniae_subsp_pneumoniae_ATCC_13882.pt,12270,e3e109868469b0ae8430d8267b63798b449ae4e895330cb302cc58211dabc7b2,1x5376,torch.bfloat16,3.0002050399780273,3.0002050399780273
13883,Klebsiella_pneumoniae_subsp_pneumoniae_ATCC_13883.pt,12270,8915ef355137b73aacb77873fd1044ece9b64f8ab89b9e4ad70d72509b8a4b6b,1x5376,torch.bfloat16,2.99990177154541,2.99990177154541
15380,Klebsiella_pneumoniae_subsp_pneumoniae_ATCC_15380.pt,12270,513bf45dd8955406e8f2bed40f7aa178350256bc8a7bc4877d2976e4d1db46e5,1x5376,torch.bfloat16,2.9999821186065674,2.9999821186065674
23356,Klebsiella_pneumoniae_subsp_pneumoniae_ATCC_23356.pt,12270,2af15068fad41f8c6d9a1dcb6939f332af7cc0475c210afc6e53307108b99c47,1x5376,torch.bfloat16,2.999948024749756,2.999948024749756
27736,Klebsiella_pneumoniae_subsp_pneumoniae_ATCC_27736.pt,12270,6f854275db70c7268d96296beaabf3858831c60779c87263fa3d7d1ab2630a42,1x5376,torch.bfloat16,2.999950647354126,2.999950647354126
27799,Klebsiella_pneumoniae_subsp_pneumoniae_ATCC_27799.pt,12270,c86076ec90b4cb0749d1b6dc9c5bad4151b6138b4c2dfaa23dff3cd065bbff00,1x5376,torch.bfloat16,3.000096321105957,3.000096321105957
29665,Klebsiella_pneumoniae_subsp_pneumoniae_ATCC_29665.pt,12270,6cdbe5dfc5df84b85320abc5d469426c899fe4777f25f29072bd3445617a1240,1x5376,torch.bfloat16,3.0000112056732178,3.0000112056732178
33495,Klebsiella_pneumoniae_subsp_pneumoniae_ATCC_33495.pt,12270,5986d5c98d3348bdcb607b16ade9c2fdf96a2965b057b175091003a7f7d8907f,1x5376,torch.bfloat16,3.0001702308654785,3.0001702308654785
35657,Klebsiella_pneumoniae_subsp_pneumoniae_ATCC_35657.pt,12270,f3db08d8512edd3ba2366b8ba7a5f7d4a078021b7365d7cccec3f7856f983990,1x5376,torch.bfloat16,3.0001935958862305,3.0001935958862305
43816,Klebsiella_pneumoniae_subsp_pneumoniae_ATCC_43816.pt,12270,4fa98f94a1b9a476d7229c49888841d84ae51cdff2147576de87b7ebef366ffa,1x5376,torch.bfloat16,2.999730110168457,2.999730110168457
49472,Klebsiella_pneumoniae_subsp_pneumoniae_ATCC_49472.pt,12270,50550b417f9d792259556d73800ed87169a7880a79add8ca498c41f19ef1302a,1x5376,torch.bfloat16,3.0000061988830566,3.0000061988830566
BAA-2470,Klebsiella_pneumoniae_subsp_pneumoniae_ATCC_BAA_2470.pt,12285,1bf36510b715b47cefc8022769b6cd0ce823aea756902f6e4a620e6a7f5d8505,1x5376,torch.bfloat16,3.0001964569091797,3.0001964569091797
BAA-2524,Klebsiella_pneumoniae_subsp_pneumoniae_ATCC_BAA_2524.pt,12285,2392344f9f65f7d56a03c4c31f254eabff10926d12ee628b82ca281007762cf0,1x5376,torch.bfloat16,3.0000994205474854,3.0000994205474854
700603,Klebsiella_quasipneumoniae_ATCC_700603.pt,12215,818afad0c7deab273281a61f15b0b13b9e70281e1137e9dd236ac2f3428a5df4,1x5376,torch.bfloat16,2.9996654987335205,2.9996654987335205
2512,Kluyveromyces_marxianus_ATCC_2512.pt,12126,f6eaeaca18d7e3d20cf34906dc6c71e21460089f3790d30f548be86a2c203a48,1x5376,torch.bfloat16,2.9999895095825195,2.9999895095825195
9341,Kocuria_rhizophila_ATCC_9341.pt,12101,0e2ccc4adce6de3cc78ad74370bb55fa2a88e396e5ef24844446558611800921,1x5376,torch.bfloat16,3.0002553462982178,3.0002553462982178
393,Lacticaseibacillus_casei_ATCC_393.pt,12126,8526e0ee0d2178d88fa6c9f54f39eb07e330cd4982e905f94c0bee703537f398,1x5376,torch.bfloat16,3.0001919269561768,3.0001919269561768
334,Lacticaseibacillus_paracasei_ATCC_334.pt,12210,fdb39a4c57e2d13d33801a1dab89ffd1e1600c8d640cba39f0c76da9524c634a,1x5376,torch.bfloat16,3.000100612640381,3.000100612640381
8014,Lactiplantibacillus_plantarum_ATCC_8014.pt,12220,b9781261395690555a9a6174273f41eba1f6e97be8876c2692ea889a154d5ce8,1x5376,torch.bfloat16,3.000075101852417,3.000075101852417
4356,Lactobacillus_acidophilus_ATCC_4356.pt,12136,6b1a203ea6036c5cfb00da3d0747f4065a627674745ec939ca82a3ce164ae8a9,1x5376,torch.bfloat16,2.9999916553497314,2.9999916553497314
53544,Lactobacillus_acidophilus_ATCC_53544.pt,12141,edd0244ba865ef715d5c926bbb729c11e66267b6e96788a5fe6cb12626c75aed,1x5376,torch.bfloat16,2.999934196472168,2.999934196472168
33820,Lactobacillus_crispatus_ATCC_33820.pt,12131,235857d13553b5ce0558eb44770bcb9439c0b40a2cfe2a8001938213d2d2ead3,1x5376,torch.bfloat16,3.0000388622283936,3.0000388622283936
14931,Lactobacillus_fermentum_ATCC_14931.pt,12131,72102846d404f6989c188984179adaa1a784d58ef4a5cbf5dbaed34baecdee73,1x5376,torch.bfloat16,3.000155210494995,3.000155210494995
9338,Lactobacillus_fermentum_ATCC_9338.pt,12126,8ea4bc955dc63964d61cb11451b2a4ba199b0856fc5acf69cb0569a2c4ac6f4f,1x5376,torch.bfloat16,2.9998366832733154,2.9998366832733154
33323,Lactobacillus_gasseri_ATCC_33323.pt,12121,5ceb3ed850ad8884bc1a5475fa67f3626d18cc35fd2e6100a516051e6184b046,1x5376,torch.bfloat16,2.999692916870117,2.999692916870117
25258,Lactobacillus_jensenii_ATCC_25258.pt,12126,63b4aceeacc6712fa2827454306b0cd796bd8e4bfd03fd3c044b1fc6eb4e66bc,1x5376,torch.bfloat16,3.0001115798950195,3.0001115798950195
14917,Lactobacillus_plantarum_subsp_plantarum_ATCC_14917.pt,12275,6ce5cb900f7058a50d1cdb98e39612aa41c9953bacbf57c440513176b08f9e9d,1x5376,torch.bfloat16,2.999969959259033,2.999969959259033
23272,Lactobacillus_reuteri_ATCC_23272.pt,12121,4d2f253b262f112b37798b0896725fabbe2c83d9d1022aed52e8a6cbcbdf7110,1x5376,torch.bfloat16,3.000049352645874,3.000049352645874
8530,Lactobacillus_rhamnosus_ATCC_8530.pt,12126,05953e9697d760a3a71928863742924a112a1287652d5e74252e50f83bfcd316,1x5376,torch.bfloat16,3.0000689029693604,3.0000689029693604
49540,Lactobacillus_vaginalis_ATCC_49540.pt,12131,a0ae2cfccd7ed525783e09e8e293f1c346f713849f1e0d387e9312d5cf1eae42,1x5376,torch.bfloat16,3.0000059604644775,3.0000059604644775
19257,Lactococcus_cremoris_ATCC_19257.pt,12116,18abd15e5d9bd80d805bbb26ea2abadd6908ecdd524bfd88488b153a958fdb79,1x5376,torch.bfloat16,3.000136375427246,3.000136375427246
11454,Lactococcus_lactis_subsp_lactis_ATCC_11454.pt,12235,767564093a4b709a302876434baca427da141180a557291d52dfe07e005fc443,1x5376,torch.bfloat16,3.000134229660034,3.000134229660034
19435,Lactococcus_lactis_subsp_lactis_ATCC_19435.pt,12235,e0572172993d1bc7fbc8f46303f13273d49c13b3e43576ab945487b341c41c4f,1x5376,torch.bfloat16,2.999786138534546,2.999786138534546
33217,Legionella_bozemanae_ATCC_33217.pt,12116,0f2d8ba18d4a177c113d26a2390e40785602b22effd1546f7c4ba4d36ddc8572,1x5376,torch.bfloat16,3.000073194503784,3.000073194503784
33279,Legionella_dumoffii_ATCC_33279.pt,12111,5600733ac6fb0d0a60d70d49ae1d19ce87c1f735685c0a092fa5ac31a86e5f54,1x5376,torch.bfloat16,2.9998576641082764,2.9998576641082764
35072,Legionella_feeleii_ATCC_35072.pt,12106,b0ed84c26921d675653cd324c1816196184b339e9ca6230fe219548aea5556d5,1x5376,torch.bfloat16,2.9999308586120605,2.9999308586120605
33484,Legionella_longbeachae_ATCC_33484.pt,12126,d3e0a5a5ee6b4368fcd8263fbe97b4a948511ea77116efe6d66d90e82ff5f8c5,1x5376,torch.bfloat16,2.999939441680908,2.999939441680908
33218,Legionella_micdadei_ATCC_33218.pt,12111,29294d183c9920ec898459fc78d5f48eb4988981299f13325af1b844fc8c77df,1x5376,torch.bfloat16,3.0000247955322266,3.0000247955322266
33761,Legionella_oakridgensis_ATCC_33761.pt,12131,85438d4eb29088e2dc5206797f74dc87d86ddf870147bb8fc069ee556618b4ef,1x5376,torch.bfloat16,2.9999263286590576,2.9999263286590576
33216,Legionella_pneumophila_subsp_fraseri_ATCC_33216.pt,12260,0a7a78f1e1ab1c8e3d8e0c66c39744e3564fbb7e61057da0ea5ec1b1a73f0d32,1x5376,torch.bfloat16,2.999889612197876,2.999889612197876
33155,Legionella_pneumophila_subsp_pneumophila_ATCC_33155.pt,12280,2f7b86ea074ac2316dfa43b6621a4e1f3c9ac82438ca7b0f3d5f013ae53da72a,1x5376,torch.bfloat16,2.9998884201049805,2.9998884201049805
33215,Legionella_pneumophila_subsp_pneumophila_ATCC_33215.pt,12280,7516f4384a7648bbcbb6ca45ef3803dfce224b0f22b27917dbf3c5334485457d,1x5376,torch.bfloat16,3.0001516342163086,3.0001516342163086
33072,Lelliottia_amnigena_ATCC_33072.pt,12111,89f441ba445f9d81af84065812ca00c01fc655d61cd6d9e9ae7d628a11a92fef,1x5376,torch.bfloat16,2.99999737739563,2.99999737739563
19120,Listeria_grayi_ATCC_19120.pt,12086,6f73d3e5469abb3c46cb050628c7148e13f2f62edce20e1a078f71d8ae31638a,1x5376,torch.bfloat16,3.0000839233398438,3.0000839233398438
25401,Listeria_grayi_ATCC_25401.pt,12086,ed4b901ec6e8fb14c9a063b86b99d4cbb74819f300140520e5760ec647c1b8e0,1x5376,torch.bfloat16,2.999995470046997,2.999995470046997
33090,Listeria_innocua_ATCC_33090.pt,12096,e9befd5feb4c5e5aad7a087a5daadcedb817fd0eb3c072877ee63d6175902c0d,1x5376,torch.bfloat16,2.9997215270996094,2.9997215270996094
19119,Listeria_ivanovii_subsp_ivanovii_ATCC_19119.pt,12240,a5b545995f9d8cebdcc786a0a24f6580d5783c7e357a8a8db9e5bed6c91884b5,1x5376,torch.bfloat16,2.9998579025268555,2.9998579025268555
13932,Listeria_monocytogenes_ATCC_13932.pt,12126,4f8da789ff1d35f6736da71a07d4061a8d2c2a4712823869a391011ade141749,1x5376,torch.bfloat16,3.000056028366089,3.000056028366089
15313,Listeria_monocytogenes_ATCC_15313.pt,12126,e39e49c7e72ee41f4118d8b7ed81a8c5d76043f542f42857478892e11734405d,1x5376,torch.bfloat16,2.9997665882110596,2.9997665882110596
19111,Listeria_monocytogenes_ATCC_19111.pt,12126,21ba45413a4242cd0453bbff1ca6a253b728faa0a49492b854f8a29bb575c0e4,1x5376,torch.bfloat16,3.000034809112549,3.000034809112549
19112,Listeria_monocytogenes_ATCC_19112.pt,12126,d9a89dae2aa9301a053025c899975470f1dc9b8abdd9370562042bce3700698a,1x5376,torch.bfloat16,3.0001392364501953,3.0001392364501953
19113,Listeria_monocytogenes_ATCC_19113.pt,12126,455e65df4f8027754359f31be357d493d6e96ce16a7b2e59e8e6c52424e080bc,1x5376,torch.bfloat16,3.0000247955322266,3.0000247955322266
19114,Listeria_monocytogenes_ATCC_19114.pt,12126,08f3998662f8dc6ea60f797695dcda411a3ec7b66f68acadbc3be8abdf5ceeac,1x5376,torch.bfloat16,3.000190258026123,3.000190258026123
19115,Listeria_monocytogenes_ATCC_19115.pt,12126,2cfcb869d6431755a990d95ea19a02a851e6bae95f833e4fd4df45b6a449ce78,1x5376,torch.bfloat16,3.000051736831665,3.000051736831665
19118,Listeria_monocytogenes_ATCC_19118.pt,12126,db2d2cbc4636b0bdc9d2c3ff7e97914aa3723d80c94f52b710187303fbd09374,1x5376,torch.bfloat16,2.9998340606689453,2.9998340606689453
35152,Listeria_monocytogenes_ATCC_35152.pt,12126,6cec367d63c5bc3875272ba0ae955faf8bd90335baf057887fe5e32f2081cf0d,1x5376,torch.bfloat16,2.9999423027038574,2.9999423027038574
7644,Listeria_monocytogenes_ATCC_7644.pt,12121,579947aa29773efd136072d79d104a0de48f2a6b01a2ef4940e97a4578dce620,1x5376,torch.bfloat16,2.9996109008789062,2.9996109008789062
BAA-679,Listeria_monocytogenes_ATCC_BAA_679.pt,12136,9210cc98252433adc6dc5527cf1d90c7efc6986d1c489f305ccf0a0dc9a0a0a9,1x5376,torch.bfloat16,3.000148057937622,3.000148057937622
BAA-751,Listeria_monocytogenes_ATCC_BAA_751.pt,12136,55aa7f2aabd58e9a6a2fde01cc89e563a691cc6af076b482c43b7cebfe6f8872,1x5376,torch.bfloat16,2.9997687339782715,2.9997687339782715
35967,Listeria_seeligeri_ATCC_35967.pt,12106,97d8e797a66b20dba5a18b9dcb74aa43b10ef23760c405bb7bb3578f0c47b4a8,1x5376,torch.bfloat16,2.9999136924743652,2.9999136924743652
35897,Listeria_welshimeri_ATCC_35897.pt,12111,f6f453d451df32b6cb0fe60172e322f33abe1da67212b1f98fd8053d6174c51c,1x5376,torch.bfloat16,3.0000154972076416,3.0000154972076416
19264,Listonella_anguillarum_ATCC_19264.pt,12126,7ab35023e54ad26b4c492388e47426c7959531805fbe93b6721edb536b16d761,1x5376,torch.bfloat16,3.0000545978546143,3.0000545978546143
42132,Malassezia_sympodialis_ATCC_42132.pt,12126,ca2f074260caf5c0a5929992dff459d77ea6899e69c2670f6847dfebb65a0b18,1x5376,torch.bfloat16,3.0000810623168945,3.0000810623168945
29062,Mammaliicoccus_sciuri_ATCC_29062.pt,12121,df778afa9c912d5b400496ab8f0b73c2caafaa6115bcd79ddc806966a49d2dcb,1x5376,torch.bfloat16,2.9998931884765625,2.9998931884765625
6260,Meyerozyma_guilliermondii_ATCC_6260.pt,12136,326541b6b86f62db60ddb5861ca66711b8d699424117b9d81ab17d88df9acb7a,1x5376,torch.bfloat16,3.0000431537628174,3.0000431537628174
10240,Micrococcus_luteus_ATCC_10240.pt,12106,0de5744289197791a3cc2c5471787600cf41159533dfa138052be577f8351947,1x5376,torch.bfloat16,2.9998221397399902,2.9998221397399902
4698,Micrococcus_luteus_ATCC_4698.pt,12101,fff4ea269738e3741359063ad8dc2e78bb6aa6807419b619dba178b21e847a80,1x5376,torch.bfloat16,3.00014591217041,3.00014591217041
49732,Micrococcus_luteus_ATCC_49732.pt,12106,6c7a66c6ce00645b2c4a9753956fe0cc9206691392983c88ee4ae30add3e764a,1x5376,torch.bfloat16,2.999937057495117,2.999937057495117
7468,Micrococcus_yunnanensis_ATCC_7468.pt,12126,3e1366807bab3506d23ac7be79103d63578af812dd72c6d2de69e668336ded56,1x5376,torch.bfloat16,2.99992036819458,2.99992036819458
25238,Moraxella_catarrhalis_ATCC_25238.pt,12121,61081d95a9a927aeae6bad50f6900ab22aba7f7e3ff80e704ab74f15dc17861f,1x5376,torch.bfloat16,2.999880790710449,2.999880790710449
8176,Moraxella_catarrhalis_ATCC_8176.pt,12116,b9ff2891c19b760a1aaa052cca7b4f0dcabc375d973fd7276f02d7f5ae04afeb,1x5376,torch.bfloat16,2.9999849796295166,2.9999849796295166
29853,Morganella_morganii_subsp_morganii_ATCC_29853.pt,12250,e4f7d8e8a0480bbec05d72307a5eaa97820fc33fc88501a1b0d1cf0fed10019e,1x5376,torch.bfloat16,3.0000433921813965,3.0000433921813965
19977,Mycobacterium_abscessus_ATCC_19977.pt,12131,b5b7e9456855171ffc032e59d1f4b44dc9377cae2b5a4ce8cd1b8dc3c443f277,1x5376,torch.bfloat16,2.9999289512634277,2.9999289512634277
15769,Mycobacterium_avium_subsp_avium_ATCC_15769.pt,12235,63f5c76317578e8447b36eb913552c95502d0575290d30005cd1f9cb9ddf15f6,1x5376,torch.bfloat16,2.9999990463256836,2.9999990463256836
35752,Mycobacterium_chelonae_ATCC_35752.pt,12126,51863ff6170bd3d9969e56fc30597b038a448a59db6baed812b061238f3b876c,1x5376,torch.bfloat16,3.000215530395508,3.000215530395508
6841,Mycobacterium_fortuitum_subsp_fortuitum_ATCC_6841.pt,12270,94f817705f0da7c774b017c0ee2387e7520b0ac1f9fa1cbf3e2938985d05b58f,1x5376,torch.bfloat16,3.0001986026763916,3.0001986026763916
12478,Mycobacterium_kansasii_ATCC_12478.pt,12126,33e5351f40db66ea6910c1cac7261f066d64d537755f77d6a87858d837669b04,1x5376,torch.bfloat16,3.0001440048217773,3.0001440048217773
927,Mycobacterium_marinum_ATCC_927.pt,12111,071c46c63f89cffc8ce6a825b872979517760528d192660f02adee6e0b11898a,1x5376,torch.bfloat16,2.99994158744812,2.99994158744812
14468,Mycobacterium_smegmatis_ATCC_14468.pt,12131,4180af366f368c6894073ce42aea4021f0d34fc90827695f2c4aa4dc0836643a,1x5376,torch.bfloat16,3.0002198219299316,3.0002198219299316
19420,Mycobacterium_smegmatis_ATCC_19420.pt,12131,c372774af905451dae745e683cc3582cdd4c938e988e0c911f5f08787b149f7c,1x5376,torch.bfloat16,2.9996464252471924,2.9996464252471924
607,Mycobacterium_smegmatis_ATCC_607.pt,12121,242f5c2fada2272c1dcce6e9630221dbdcf22c972ed581ad2c1ffe473834cbe4,1x5376,torch.bfloat16,2.9999847412109375,2.9999847412109375
700084,Mycobacterium_smegmatis_ATCC_700084.pt,12136,08b2b44951a7220d5f20f064de400b01337e18d8fb4e3ae03eb59ddaa1b8718f,1x5376,torch.bfloat16,3.0000460147857666,3.0000460147857666
25177,Mycobacterium_tuberculosis_ATCC_25177.pt,12210,abdd769a0ee542edfacc1ad105ed5617cf8a25a6813d4a8ca72a8bf99e30b534,1x5376,torch.bfloat16,3.00004243850708,3.00004243850708
35822,Mycobacterium_tuberculosis_ATCC_35822.pt,12210,e20b4b66ce008a44a4c614967c867a1c4556df31e5968e14ba514fc55acd8576,1x5376,torch.bfloat16,3.000190496444702,3.000190496444702
35838,Mycobacterium_tuberculosis_ATCC_35838.pt,12210,b8d1913a01075c74823e14489dfdf6bd885c21e39cb4474a9678ced09c832f09,1x5376,torch.bfloat16,3.0002055168151855,3.0002055168151855
27294,Mycobacterium_tuberculosis_subsp_tuberculosis_ATCC_27294.pt,12369,a778523d9768b6783b7c99336ca5923bbd7fa01e316abf6083947450e8b83cd6,1x5376,torch.bfloat16,3.00016188621521,3.00016188621521
35734,Mycobacterium_tuberculosis_variant_bovis_BCG_ATCC_35734.pt,12364,063ac3f67d3ab9a570109f4be99edd65772a4115b233c352d59f8533ec43ef7f,1x5376,torch.bfloat16,2.999910593032837,2.999910593032837
15483,Mycobacterium_vaccae_ATCC_15483.pt,12116,e44eef784ce9be4e5594bb98493084fdb3379e1ad230e3c06f917b6084be7ea2,1x5376,torch.bfloat16,2.999903917312622,2.999903917312622
17981,Mycoplasma_hyorhinis_ATCC_17981.pt,12116,2705376db90f399c107c0d89b55e1d0ab893c81334fefcbd9b78b0ed872cb95e,1x5376,torch.bfloat16,2.999756336212158,2.999756336212158
43069,Neisseria_gonorrhoeae_ATCC_43069.pt,12121,5e9720454d13ff1db0eac337a265c1c0dae3940c10555db87942808b9dbb95ca,1x5376,torch.bfloat16,3.000088691711426,3.000088691711426
49226,Neisseria_gonorrhoeae_ATCC_49226.pt,12121,6981fa7dba25c276cff15def7306f2a1e327f581738395d265881afdd863861d,1x5376,torch.bfloat16,3.0000722408294678,3.0000722408294678
3308,Nocardia_farcinica_ATCC_3308.pt,12101,037355b440efd8c14e57872f89ad107f73f6da28cab956d98961cfa8cf771720,1x5376,torch.bfloat16,2.999622106552124,2.999622106552124
25927,Obesumbacterium_proteus_ATCC_25927.pt,12131,eb691dc703ddbfe4841a23db0df99e670e90f04bfd18bb4378ea7d09ea3ae108,1x5376,torch.bfloat16,3.000074863433838,3.000074863433838
34438,Ogataea_polymorpha_ATCC_34438.pt,12106,caa1b477f34a6a7721d9645b3caed22879eca6b06a67c9ad17efac63318fcd7f,1x5376,torch.bfloat16,2.9998955726623535,2.9998955726623535
MYA-826,Paracoccidioides_lutzii_ATCC_MYA_826.pt,12141,ca402ee99db019b902ccb385f027c48bdf3b5bb0693d5de086a80730c14e53ad,1x5376,torch.bfloat16,2.9998974800109863,2.9998974800109863
33270,Parvimonas_micra_ATCC_33270.pt,12096,aaeb82cc6b353a0a243e5aa5ed02abec11fd2833c3949476e00559ca40d25e0f,1x5376,torch.bfloat16,2.9998369216918945,2.9998369216918945
27883,Pasteurella_aerogenes_ATCC_27883.pt,12121,981763d243afcdcf97e6538bae7b8356d65fb8e9c2f811d3dea29ec53dd23fd6,1x5376,torch.bfloat16,3.0000362396240234,3.0000362396240234
43137,Pasteurella_multocida_subsp_multocida_ATCC_43137.pt,12265,fc23d8ca9dada020eafc2cc97c58ee93e1cd382416e8a5c276657b59d24badec,1x5376,torch.bfloat16,3.0000593662261963,3.0000593662261963
15713,Pectobacterium_carotovorum_ATCC_15713.pt,12210,1241898661c92103233a8a190dc1048017e3eb9406d4a012754d65f555367520,1x5376,torch.bfloat16,3.0001158714294434,3.0001158714294434
10106,Penicillium_chrysogenum_ATCC_10106.pt,12131,7877d3799023c74a0785944f61a36d830ffd737c0020ba405f20566542b1e932,1x5376,torch.bfloat16,3.0000219345092773,3.0000219345092773
29743,Peptoniphilus_asaccharolyticus_ATCC_29743.pt,12230,d89350b13f18fd2526a5541c5d7e1032fcdb759d00988319cac078a7e5e88b26,1x5376,torch.bfloat16,3.0000100135803223,3.0000100135803223
8482,Phocaeicola_vulgatus_ATCC_8482.pt,12111,4c46012240855781dfaedb47e854bfca6c3f78ec20ab519b0232c90a0e9e1cd0,1x5376,torch.bfloat16,3.000073194503784,3.000073194503784
33277,Porphyromonas_gingivalis_ATCC_33277.pt,12136,5dac3fa18730906393f8bd53fea70c3b6f8ba8650148c134a6c18faffe9ad55d,1x5376,torch.bfloat16,2.9998552799224854,2.9998552799224854
49417,Porphyromonas_gingivalis_ATCC_49417.pt,12136,7d7062fd38e9e01f8243726098aa1e89197fa0d06bb56d5a9c3fbd460306ea67,1x5376,torch.bfloat16,3.0001747608184814,3.0001747608184814
49046,Prevotella_intermedia_ATCC_49046.pt,12121,8ef5628c93cc60a022ed10f660d8c59c4a3ec853f18a56a9a4fe8f9b76e7c847,1x5376,torch.bfloat16,2.9998602867126465,2.9998602867126465
10778,Priestia_megaterium_ATCC_10778.pt,12111,c808d80f409e3836686c87d7c00cc595088a5016e35d53b3dee435c5bd66aa25,1x5376,torch.bfloat16,2.9999468326568604,2.9999468326568604
14581,Priestia_megaterium_ATCC_14581.pt,12111,f9584c8da032322f1cd8c6b8f6c1191dc14cf9d9e8bfa8d85788111deb0d06fe,1x5376,torch.bfloat16,3.00014328956604,3.00014328956604
19213,Priestia_megaterium_ATCC_19213.pt,12111,df28a382185558a9edc1eb9ed98880bdca75faec4ce766986629a5635211d8c9,1x5376,torch.bfloat16,3.000140905380249,3.000140905380249
9885,Priestia_megaterium_ATCC_9885.pt,12106,86e2f64cf3624075d8b5ce0f829266ad935169cc3c5bc081d344f75613cc2256,1x5376,torch.bfloat16,3.0000252723693848,3.0000252723693848
6207,Propionibacterium_freudenreichii_subsp_freudenreichii_ATCC_6207.pt,12404,cc4c8c10f12c21ab723f8856f325dac67eff4905c77658ce9a53c0c16c68b28e,1x5376,torch.bfloat16,3.0002126693725586,3.0002126693725586
9614,Propionibacterium_freudenreichii_subsp_shermanii_ATCC_9614.pt,12379,63651d664560dd444c83417b80cd9b601eeaa9f9e012039a284d26556d2fe73b,1x5376,torch.bfloat16,3.000133991241455,3.000133991241455
13315,Proteus_hauseri_ATCC_13315.pt,12091,8e761e765be47d1aeb363fe240937ef5518b4af958d3810ea1a20e1574a7ad41,1x5376,torch.bfloat16,2.999661922454834,2.999661922454834
12453,Proteus_mirabilis_ATCC_12453.pt,12101,df057d0c56f83b51777a57994d3d3d2244adf03207957d33409014b29642c99c,1x5376,torch.bfloat16,3.000206470489502,3.000206470489502
21100,Proteus_mirabilis_ATCC_21100.pt,12101,55b232eafdcb80bca0049614ffef61275398f1f94c4e07f17163661904d4ef36,1x5376,torch.bfloat16,3.000006675720215,3.000006675720215
25933,Proteus_mirabilis_ATCC_25933.pt,12101,a7e354886f79bf2b67bdf9bc2f8497035e18c5d23a7182d14d25c2b0bd805f7f,1x5376,torch.bfloat16,3.0001771450042725,3.0001771450042725
29906,Proteus_mirabilis_ATCC_29906.pt,12101,3e0e946da714bfd74271ad33b631d3cb16c99b239c8153bc113ba4ec797ce08d,1x5376,torch.bfloat16,2.999871015548706,2.999871015548706
35659,Proteus_mirabilis_ATCC_35659.pt,12101,65d2d1099dd62d88a178cc4c8f1f0bf7b89a03a7c5d63e032dcc0cd243429f52,1x5376,torch.bfloat16,2.9999072551727295,2.9999072551727295
7002,Proteus_mirabilis_ATCC_7002.pt,12096,e2995652b3ff34365e8cd880f8fbb862179f5b37bade683c247fa75de1810b33,1x5376,torch.bfloat16,2.999981164932251,2.999981164932251
29905,Proteus_vulgaris_ATCC_29905.pt,12096,691caf9f3a28791b3eb6c85f5856da767d3254195257ef0526789bbd773ee839,1x5376,torch.bfloat16,3.000342607498169,3.000342607498169
49132,Proteus_vulgaris_ATCC_49132.pt,12096,7f0eb3b6934d5e1b912bdc4b6bc3cc2477a2e2ef9c15f151c95eb6105b834a41,1x5376,torch.bfloat16,3.000159502029419,3.000159502029419
6380,Proteus_vulgaris_ATCC_6380.pt,12091,128111391ee7aea5f913ced9dd03b09a41cd28c0f78d48b8c17dba8e9ee7b529,1x5376,torch.bfloat16,2.999898910522461,2.999898910522461
#002,Pseudomonas_aeruginosa_ATCC_#002.pt,12121,6af86e81973fb487459c1d0ef2dc1da05971fb82dbe8a52785215777ed87c5bc,1x5376,torch.bfloat16,2.999969482421875,2.999969482421875
10145,Pseudomonas_aeruginosa_ATCC_10145.pt,12126,db67cd33c9f2240301a545b26e5f7c75bbca0d242a873d74464cc766e860e851,1x5376,torch.bfloat16,2.999593734741211,2.999593734741211
12121,Pseudomonas_aeruginosa_ATCC_12121.pt,12126,6ccd95b575479a21a9cf3a823138ed5bd3d599aaf0b1f22d389640851fc4959f,1x5376,torch.bfloat16,2.9998557567596436,2.9998557567596436
13388,Pseudomonas_aeruginosa_ATCC_13388.pt,12126,7985d3abea524f18b4cd3aa1f0c949e61061ac0f5eea9b112805ac28cd94c637,1x5376,torch.bfloat16,3.000084161758423,3.000084161758423
15442,Pseudomonas_aeruginosa_ATCC_15442.pt,12126,b74d85a8c568b14ba4d016e209db3d0781cc5fafc04f38f3dd96e1020a1339d9,1x5376,torch.bfloat16,3.000065565109253,3.000065565109253
15692,Pseudomonas_aeruginosa_ATCC_15692.pt,12126,5f56633204072b513bb12ebbfcd2a9690cda4c68dd10c68b566c489e14d076ec,1x5376,torch.bfloat16,2.9999942779541016,2.9999942779541016
19660,Pseudomonas_aeruginosa_ATCC_19660.pt,12126,ad4e48b8e2c8206a471ab5c7191adc74bf7509997ba8d1af110cc312d605d180,1x5376,torch.bfloat16,2.999948740005493,2.999948740005493
25619,Pseudomonas_aeruginosa_ATCC_25619.pt,12126,64742c063f7f1f3564773e4b57c6274aa5cb03927f87fc440df1bc8ab7f7b598,1x5376,torch.bfloat16,3.000025749206543,3.000025749206543
25668,Pseudomonas_aeruginosa_ATCC_25668.pt,12126,627806a894ef47bf66645dd08edd2e6a7f58de6ecf18c0d0ea3a823b2eb2b42e,1x5376,torch.bfloat16,3.000006675720215,3.000006675720215
27853,Pseudomonas_aeruginosa_ATCC_27853.pt,12126,481336ac3a3d22113fd9f1cd9e804d4a137218ea9b983e63e4969d419be244af,1x5376,torch.bfloat16,2.9998130798339844,2.9998130798339844
29260,Pseudomonas_aeruginosa_ATCC_29260.pt,12126,93e2033d8b4456d018e3f50e6ebe266731d8dee9fcb29d07345fb8ef7f69e3ee,1x5376,torch.bfloat16,3.00011944770813,3.00011944770813
35032,Pseudomonas_aeruginosa_ATCC_35032.pt,12126,d1cb8155893ae22278f3d0639774d59f6f6eb9697762cccd049bc028366b5cda,1x5376,torch.bfloat16,3.00001859664917,3.00001859664917
35151,Pseudomonas_aeruginosa_ATCC_35151.pt,12126,9c2d1bac713c5c1972b5c2519a974a8805400319bda75302e9bfd7ce0bbd41c4,1x5376,torch.bfloat16,3.000079393386841,3.000079393386841
47085,Pseudomonas_aeruginosa_ATCC_47085.pt,12126,6e7109184b591a293bd8c31945e32e16b031db399631dd42fb8660e76a2b5d0f,1x5376,torch.bfloat16,3.000188112258911,3.000188112258911
7700,Pseudomonas_aeruginosa_ATCC_7700.pt,12121,b57d1af64d840e3285e29064551ffa38c2c24d237c9361162d457fe41b0d9b08,1x5376,torch.bfloat16,2.9998395442962646,2.9998395442962646
9721,Pseudomonas_aeruginosa_ATCC_9721.pt,12121,f20396140c84becd36ee9deeaa2a92d7753ec30c51784e4835f7f0ea585f0b54,1x5376,torch.bfloat16,2.999934673309326,2.999934673309326
BAA-1744,Pseudomonas_aeruginosa_ATCC_BAA_1744.pt,12141,e45005129843b0978b889443c73ef7de81513aed2ff03805bf1bb03893ee8a21,1x5376,torch.bfloat16,3.0001113414764404,3.0001113414764404
BAA-2108,Pseudomonas_aeruginosa_ATCC_BAA_2108.pt,12141,80019bb5fc2aae9e012b9a49502ef2513c1ae3066e29b79eeef8e69f3c6a302d,1x5376,torch.bfloat16,2.9997544288635254,2.9997544288635254
BAA-2110,Pseudomonas_aeruginosa_ATCC_BAA_2110.pt,12141,fc3241de17b1d3d8129e556b3674d5c4c0808a7c8307e0c18f0119226edc2582,1x5376,torch.bfloat16,2.999894142150879,2.999894142150879
BAA-2111,Pseudomonas_aeruginosa_ATCC_BAA_2111.pt,12141,3239e224c49ee585aeb9186a8285ecf1be34f8e084955964d1f2b185b71de1cc,1x5376,torch.bfloat16,2.999861240386963,2.999861240386963
BAA-2114,Pseudomonas_aeruginosa_ATCC_BAA_2114.pt,12141,94e5e0aa2475854ffde0b91d595428b0fb1fa6b3f9ad19797ab346796809848f,1x5376,torch.bfloat16,3.000288963317871,3.000288963317871
BAA-3197,Pseudomonas_aeruginosa_ATCC_BAA_3197.pt,12141,339c43e781f5ba9dbf9065341ea231fa536f59c34d67996d6d56a319c8478e61,1x5376,torch.bfloat16,2.999866008758545,2.999866008758545
BAA-427,Pseudomonas_aeruginosa_ATCC_BAA_427.pt,12136,15df3c8999343f88f3151c1d9f952e3a60e118024e7929a9afcb8aa0e51a46b2,1x5376,torch.bfloat16,3.000084161758423,3.000084161758423
13525,Pseudomonas_fluorescens_ATCC_13525.pt,12131,2715f1d6f520757866c8f0a13da2d66f4548af6104d84699df70a7f61f2393aa,1x5376,torch.bfloat16,2.9999895095825195,2.9999895095825195
9027,Pseudomonas_paraeruginosa_ATCC_9027.pt,12136,f0865d77453004721e002677609c2da77cd36296d43478eb1669674aee7a6e32,1x5376,torch.bfloat16,3.0000193119049072,3.0000193119049072
12633,Pseudomonas_putida_ATCC_12633.pt,12106,24b398d58822e242b618ad79d94ae5b34c94d9ddcd188b80252a53ac1e88cc3a,1x5376,torch.bfloat16,3.000018835067749,3.000018835067749
49128,Pseudomonas_putida_ATCC_49128.pt,12106,49b83b32383880e96119cb470854f6744d4e489b83a8f019e08069b436841ea9,1x5376,torch.bfloat16,3.0001392364501953,3.0001392364501953
BAA-871,Pseudomonas_syringae_pathovar_tomato_ATCC_BAA_871.pt,12270,fc784381e8c67500e4de2b497d5653aa6991cbe99052b3533556899b97782860,1x5376,torch.bfloat16,2.9997549057006836,2.9997549057006836
11696,Ralstonia_solanacearum_ATCC_11696.pt,12126,96c5340c01c39b2656fdebc234eb1c430c35e577f29c9d5656873dcf6d14f5eb,1x5376,torch.bfloat16,2.999851703643799,2.999851703643799
BAA-1114,Ralstonia_solanacearum_ATCC_BAA_1114.pt,12141,78fb74846294e5688899b61ab0f254d5e9577c028621c079545f870724c98445,1x5376,torch.bfloat16,3.0000908374786377,3.0000908374786377
31898,Raoultella_ornithinolytica_ATCC_31898.pt,12210,ac0d31f03a053e605deb8846a15e34d7a0e235e5d78e7da98379c36caac2d288,1x5376,torch.bfloat16,3.0002543926239014,3.0002543926239014
33257,Raoultella_terrigena_ATCC_33257.pt,12116,c6ac0d1c6994db2940d4c57be9b72bc5083cfd2318960a56e92c0e9df979a91a,1x5376,torch.bfloat16,3.000027656555176,3.000027656555176
15955,Rhizobium_radiobacter_ATCC_15955.pt,12121,e17b7a9304d925b49a448de1d35035468eb373cc87ab5abc04d6489c49de8ebe,1x5376,torch.bfloat16,3.000156879425049,3.000156879425049
6939,Rhodococcus_equi_ATCC_6939.pt,12091,a46194536c17db49177945bdb94f4472d4f80cee1736a7bc8d7bfeda409a2087,1x5376,torch.bfloat16,3.000178098678589,3.000178098678589
9449,Rhodotorula_mucilaginosa_ATCC_9449.pt,12131,5fc0edb0cdef39e2f169755cd6de8b00131f076dad198c7fbb5ec00ef0c4fdcb,1x5376,torch.bfloat16,2.9998881816864014,2.9998881816864014
25759,Romboutsia_lituseburensis_ATCC_25759.pt,12141,66f8cdd85dd3f830528ef81ff612793979bc5565c92300fbe57a4acaa72b8643,1x5376,torch.bfloat16,3.0005321502685547,3.0005321502685547
29149,Ruminococcus_gnavus_ATCC_29149.pt,12111,e4b542f491e04ce1b6dda5d598ec6e84ae5f7f446f7bdb00ec9e0fc27e85ab5c,1x5376,torch.bfloat16,2.999807119369507,2.999807119369507
27756,Ruminococcus_torques_ATCC_27756.pt,12116,1febdd7fc52ed8ae7088736b53dba79cac05d7fc025d59bc71242ee42ae9ecff,1x5376,torch.bfloat16,2.9997074604034424,2.9997074604034424
13007,Saccharomyces_cerevisiae_ATCC_13007.pt,12136,d8c73942b24341f7e13dbd29bfee1431d04ad3708e43fcd01a7f45b2c7a1aa4a,1x5376,torch.bfloat16,2.999926805496216,2.999926805496216
204508,Saccharomyces_cerevisiae_ATCC_204508.pt,12141,fa97857dc8f0e054ddd0327d7ea911d3b0dea636cbdcd64eb723d6fcfdb69966,1x5376,torch.bfloat16,2.9999332427978516,2.9999332427978516
7754,Saccharomyces_cerevisiae_ATCC_7754.pt,12131,b16d74044ee7cf32accc02fee620b44bd9ebc9db0fbcb7dc605d17f1d8889766,1x5376,torch.bfloat16,2.999955892562866,2.999955892562866
9763,Saccharomyces_cerevisiae_ATCC_9763.pt,12131,3ca805fd147a6b41c231eec07d63e278e8d88f90fd5fc6084557b15fbd5f964f,1x5376,torch.bfloat16,2.999762773513794,2.999762773513794
2601,Saccharomyces_kudriavzevii_ATCC_2601.pt,12141,9463175349a67d566b9115544a14789821ae57a1e30ae9a001f14919d7cabc31,1x5376,torch.bfloat16,2.999904155731201,2.999904155731201
13314,Salmonella_enterica_subsp_arizonae_ATCC_13314.pt,12250,6592406a5c28cec26dde46cd29a105771937cdf1c4767c984bd1470a01b95276,1x5376,torch.bfloat16,2.99971079826355,2.99971079826355
29934,Salmonella_enterica_subsp_diarizonae_ATCC_29934.pt,12260,7550471372c5604709e261695b458d16378805898fc70d08cc0b554e349de4d6,1x5376,torch.bfloat16,2.999892473220825,2.999892473220825
39183,Salmonella_enterica_subsp_enterica_ATCC_39183.pt,12250,b4637585f71365a20206dad2aebf69687c3b5179ee7f5c7d6ab3858914c839c9,1x5376,torch.bfloat16,2.999932050704956,2.999932050704956
51741,Salmonella_enterica_subsp_enterica_ATCC_51741.pt,12250,38d71bc6472e44d3e2d9f475d0cc610044579ab52acbc0cd2a6da73ee308ffa4,1x5376,torch.bfloat16,2.9998528957366943,2.9998528957366943
10708,Salmonella_enterica_subsp_enterica_serovar_Choleraesuis_ATCC_10708.pt,12483,552e8f4045f1c8df0b2694d4c1dc431f5291570a7febb51e4f055733ec754b56,1x5376,torch.bfloat16,3.0000596046447754,3.0000596046447754
13312,Salmonella_enterica_subsp_enterica_serovar_Choleraesuis_ATCC_13312.pt,12483,0d396c6dfa5e01f8dc73884622319c6d052ded29409e2668a6bde2b703bc992d,1x5376,torch.bfloat16,3.000065326690674,3.000065326690674
13076,Salmonella_enterica_subsp_enterica_serovar_Enteritidis_ATCC_13076.pt,12414,04b0ec564adf10289b7c65cc2f485c0892153414c38349f078d4b1e080d05118,1x5376,torch.bfloat16,2.9998984336853027,2.9998984336853027
9150,Salmonella_enterica_subsp_enterica_serovar_Paratyphi_A_ATCC_9150.pt,12409,cf253130d951ba0a4160d04ac34e7671bccc407542a1e64ec0edae0052e02c01,1x5376,torch.bfloat16,3.0001718997955322,3.0001718997955322
9120,Salmonella_enterica_subsp_enterica_serovar_Pullorum_ATCC_9120.pt,12394,610d6cbfd0ba090312d12770032033e8208d0f906241e510046c3aa0345e9220,1x5376,torch.bfloat16,3.0001680850982666,3.0001680850982666
19430,Salmonella_enterica_subsp_enterica_serovar_Typhi_ATCC_19430.pt,12384,fd3b624c0955baaf853c39753c839a8352d7ccdad38e87ada882ba20f0936da9,1x5376,torch.bfloat16,2.999955892562866,2.999955892562866
6539,Salmonella_enterica_subsp_enterica_serovar_Typhi_ATCC_6539.pt,12379,f71cbcba0233fa3e21b13e71a29f9c8265d0f40753356ed0acae8e4bbb48083d,1x5376,torch.bfloat16,3.0000433921813965,3.0000433921813965
700931,Salmonella_enterica_subsp_enterica_serovar_Typhi_ATCC_700931.pt,12389,f6188c5e606c9ed64d314c6f8183960cb6ad2bdc46ebd7fc86a70cfa105d5b40,1x5376,torch.bfloat16,3.000072717666626,3.000072717666626
13311,Salmonella_enterica_subsp_enterica_serovar_Typhimurium_ATCC_13311.pt,12414,f169ded8a705c15e750dd6e20b9b143e67a88e8d5ffaa6b2fc62788603f509dc,1x5376,torch.bfloat16,3.0001747608184814,3.0001747608184814
14028,Salmonella_enterica_subsp_enterica_serovar_Typhimurium_ATCC_14028.pt,12414,506308887bb1fefc7153a839c65db12010bf9490f1c60e33786b64def82a391e,1x5376,torch.bfloat16,2.9997241497039795,2.9997241497039795
29629,Salmonella_enterica_subsp_enterica_serovar_Typhimurium_ATCC_29629.pt,12414,5df13bc59a5087e26738f8cd590a222cd8fcf9552372d74fbdc9d5b5a1263b18,1x5376,torch.bfloat16,2.999876022338867,2.999876022338867
43971,Salmonella_enterica_subsp_enterica_serovar_Typhimurium_ATCC_43971.pt,12414,17c2efa1c23582a344a02c375aff406a2466cb53407b833e1c4cf48b533c3d8c,1x5376,torch.bfloat16,2.9998083114624023,2.9998083114624023
700408,Salmonella_enterica_subsp_enterica_serovar_Typhimurium_ATCC_700408.pt,12483,6fd215afac222f1339c9e554c15287a23819abe9a6d59574713efce221c09199,1x5376,torch.bfloat16,3.000162124633789,3.000162124633789
700720,Salmonella_enterica_subsp_enterica_serovar_Typhimurium_ATCC_700720.pt,12483,8186ab82a534c704e8f4204bff3b29c2c84146b43b23d04541dc60d9f8d5d031,1x5376,torch.bfloat16,2.999994993209839,2.999994993209839
14041,Serratia_marcescens_ATCC_14041.pt,12111,ea9ca29beaa30539be906bcb984389ba7370452f2d9f65e57f29a8602675d979,1x5376,torch.bfloat16,3.0001227855682373,3.0001227855682373
14756,Serratia_marcescens_ATCC_14756.pt,12111,47400f4897202c5240edfec7d9f4a44901cf412eb803dfbc9c50efd604c844af,1x5376,torch.bfloat16,3.0001778602600098,3.0001778602600098
17991,Serratia_marcescens_ATCC_17991.pt,12111,1e909df7bf088d75cde10b04e307afca7e511f1f6a596f1a6eaacd7a86071ac0,1x5376,torch.bfloat16,2.9999866485595703,2.9999866485595703
21074,Serratia_marcescens_ATCC_21074.pt,12111,167d3f005d6a4fc9800bbb405d27135be11dedf06e3ef0f752cd63a1b1487bea,1x5376,torch.bfloat16,3.0000712871551514,3.0000712871551514
274,Serratia_marcescens_ATCC_274.pt,12101,1557da8f65e512f5e1f09f0172505f5df8735afbfbc989f48a276907813b996c,1x5376,torch.bfloat16,2.999990463256836,2.999990463256836
8100,Serratia_marcescens_ATCC_8100.pt,12106,40bda203290d463d65f087ab9ff98e3cf7d6cecb88a6fb8659b74257d5deebfa,1x5376,torch.bfloat16,3.000075340270996,3.000075340270996
13880,Serratia_marcescens_subsp_marcescens_ATCC_13880.pt,12260,2b88898f5959597027279efbaf7558c5ac03e6eaeee8a42c0edd069a846f8a72,1x5376,torch.bfloat16,3.000190258026123,3.000190258026123
39006,Serratia_sp_ATCC_39006.pt,12071,c0ded90bceb1fef82de27381c54b8949bfdbc7d213b7e0e5911d1ad7c26b5b9c,1x5376,torch.bfloat16,2.999880790710449,2.999880790710449
49138,Shewanella_haliotis_ATCC_49138.pt,12111,22664514e533997f5c9780b041793d46f0288e1b7caf0fca3e3f6c4e43f6233a,1x5376,torch.bfloat16,3.0000956058502197,3.0000956058502197
13313,Shigella_dysenteriae_ATCC_13313.pt,12116,567ec1644096e96565715206c62416b80a8b9d8f205e3a45baa31e7c3f7f0e23,1x5376,torch.bfloat16,2.9998068809509277,2.9998068809509277
12022,Shigella_flexneri_ATCC_12022.pt,12101,fd62e21e8a5a513654b023df862dd302717f7164af5cd1ba7c42c000c17d8b91,1x5376,torch.bfloat16,3.000136137008667,3.000136137008667
25929,Shigella_flexneri_ATCC_25929.pt,12101,67848f864e5b1c9e85c8b0ad742d39baa093f7bf108323da549c2756f2f0c03a,1x5376,torch.bfloat16,2.9998936653137207,2.9998936653137207
29903,Shigella_flexneri_ATCC_29903.pt,12101,ace48a8a9dd9745bfa0adcf46618194c94b2272fdf88eadf7b00f6674c410a8d,1x5376,torch.bfloat16,3.0001237392425537,3.0001237392425537
11060,Shigella_sonnei_ATCC_11060.pt,12091,509a06be2d79ef34ce1de3f4f53e1fca345fda0eb87c3ef030fae3b5be1d7503,1x5376,torch.bfloat16,2.9999260902404785,2.9999260902404785
25931,Shigella_sonnei_ATCC_25931.pt,12091,b6555081257478963818a244732497fdc51e6c08ed12fd1cff9b029f112729b8,1x5376,torch.bfloat16,2.9999327659606934,2.9999327659606934
29930,Shigella_sonnei_ATCC_29930.pt,12091,5bbc2a4a6843a235b0bf2115e274e74e0ad999b32e29316526a5b202c00411bc,1x5376,torch.bfloat16,3.000080108642578,3.000080108642578
9290,Shigella_sonnei_ATCC_9290.pt,12086,817007db3171ee64fc1ac89e15482a22124688525df6ed64940b2f586e85f9c8,1x5376,torch.bfloat16,3.0001885890960693,3.0001885890960693
10832,Staphylococcus_aureus_ATCC_10832.pt,12121,d151c434101b561fb1e8a45677b0b111e6dd80c1ba79fd961a156255d0893782,1x5376,torch.bfloat16,2.9999852180480957,2.9999852180480957
12598,Staphylococcus_aureus_ATCC_12598.pt,12121,6947090e1c8fc1b1696f4500df7d187fd00d9360b889d8a0d3f0e07d18ab6363,1x5376,torch.bfloat16,3.0002028942108154,3.0002028942108154
12600,Staphylococcus_aureus_ATCC_12600.pt,12121,7fe9cb57f055d727be537934518141cee40783a0cc2e412019ce944045767c18,1x5376,torch.bfloat16,2.9998583793640137,2.9998583793640137
13565,Staphylococcus_aureus_ATCC_13565.pt,12121,3482fc5f97ae5803f46e2137d708e3a669195dab93a346856e8193990ae12a7e,1x5376,torch.bfloat16,2.999940872192383,2.999940872192383
14458,Staphylococcus_aureus_ATCC_14458.pt,12121,12cc4137eccc515d01365024485a81860f9bbc84789f437f607f40eff0d8dae2,1x5376,torch.bfloat16,3.0001420974731445,3.0001420974731445
25904,Staphylococcus_aureus_ATCC_25904.pt,12121,c6e9616d6e70ab346135013ca91707b0b409ea6d519e40c6fcd5f7f763fe7a2e,1x5376,torch.bfloat16,2.999748706817627,2.999748706817627
25923,Staphylococcus_aureus_ATCC_25923.pt,12121,dc4071f19fbf8b0f82f6a99513c82bbb9515988af0d89ce65f77386dc58b8417,1x5376,torch.bfloat16,3.0001935958862305,3.0001935958862305
27660,Staphylococcus_aureus_ATCC_27660.pt,12121,1645e1037610067322688de2788c9b0bdb368961c1f9e763437ce9e2e5d908f1,1x5376,torch.bfloat16,2.9999563694000244,2.9999563694000244
29213,Staphylococcus_aureus_ATCC_29213.pt,12121,e40b2531b55338b2aa1ca1f6ed2009c5e713b90d810ed276d23d0f3f54999ffb,1x5376,torch.bfloat16,2.99992299079895,2.99992299079895
29737,Staphylococcus_aureus_ATCC_29737.pt,12121,efa17cf26174e01e9cdda2654dff5af7efe5e6907088cd811c2dafa10a96386c,1x5376,torch.bfloat16,3.0000805854797363,3.0000805854797363
33591,Staphylococcus_aureus_ATCC_33591.pt,12121,2964b78904d89f01b4ac8042bacda9faa403feaafaebffc4304a3e9cb0ee59c1,1x5376,torch.bfloat16,3.0000860691070557,3.0000860691070557
33592,Staphylococcus_aureus_ATCC_33592.pt,12121,efafa1fb80df7eaadf978defa4bcf722c8987e35dd0ad9a862994039e359cec8,1x5376,torch.bfloat16,3.000011920928955,3.000011920928955
33593,Staphylococcus_aureus_ATCC_33593.pt,12121,157ca726f5a3e8a18483f39ffc92650393642c44c65303eab5f65d5fa76d564d,1x5376,torch.bfloat16,3.000077724456787,3.000077724456787
35556,Staphylococcus_aureus_ATCC_35556.pt,12121,37b1ffca9948ed23a8bf31c1c702615f8f56e608bdfefb601299424fe1246bff,1x5376,torch.bfloat16,3.000093936920166,3.000093936920166
43300,Staphylococcus_aureus_ATCC_43300.pt,12121,1d9662855e3d603c6bb8c7252931dac901805b33f9bad1fc15bd901c32ab03cb,1x5376,torch.bfloat16,2.9999141693115234,2.9999141693115234
49525,Staphylococcus_aureus_ATCC_49525.pt,12121,dd335a016a87f35ca10beec3920a100abc1dd6d8fba65ecae5ee92ad9cc84213,1x5376,torch.bfloat16,2.999843120574951,2.999843120574951
6538,Staphylococcus_aureus_ATCC_6538.pt,12116,c5a3298ab85442f9c5d2c7e104147f45fa2232fb7da9070db2531bc1b00e7643,1x5376,torch.bfloat16,3.0001230239868164,3.0001230239868164
6538P,Staphylococcus_aureus_ATCC_6538P.pt,12121,87ce1ca34ff5005c272301b0f3242deeb8bbb367e80574afbc9fa0dcbc5c2185,1x5376,torch.bfloat16,3.0002059936523438,3.0002059936523438
700698,Staphylococcus_aureus_ATCC_700698.pt,12126,0d5ced40cd661ecf6e7c3b92f156791ce910871a9037e2eb9532d6fbff4beb45,1x5376,torch.bfloat16,2.9998779296875,2.9998779296875
700699,Staphylococcus_aureus_ATCC_700699.pt,12126,5f217ebe505c282d8f2f5599e56016c89c6582fb986f2c6606010dd7ca3c2963,1x5376,torch.bfloat16,3.000091552734375,3.000091552734375
9144,Staphylococcus_aureus_ATCC_9144.pt,12116,aaad520779aad63b118d33eae8f2e9538e0e078c38354d11470fac7d668f514d,1x5376,torch.bfloat16,2.9998908042907715,2.9998908042907715
BAA-1556,Staphylococcus_aureus_ATCC_BAA_1556.pt,12136,7abd3e6f26b787df41e0c8989fddd1a8a818148370059455c8641ba232581043,1x5376,torch.bfloat16,2.999845027923584,2.999845027923584
BAA-1683,Staphylococcus_aureus_ATCC_BAA_1683.pt,12136,104d1a96040e225b50aa0c1c48842fac8f71d6ef295ed951ac9a99167af75a7c,1x5376,torch.bfloat16,3.0003294944763184,3.0003294944763184
BAA-1696,Staphylococcus_aureus_ATCC_BAA_1696.pt,12136,bd4a4c1d229bc59c49849a92a12020b082f78435026bb442514b75872941f515,1x5376,torch.bfloat16,3.000232696533203,3.000232696533203
BAA-1707,Staphylococcus_aureus_ATCC_BAA_1707.pt,12136,9989d824008fc42196229374eb97228fca658a0250c6ae06273dd48b5d4ce1cb,1x5376,torch.bfloat16,2.999897003173828,2.999897003173828
BAA-1708,Staphylococcus_aureus_ATCC_BAA_1708.pt,12136,cbb124a543a9c145305dde4d3de13aad9c3b7128af1060da7081a711cdd13e8a,1x5376,torch.bfloat16,3.0000033378601074,3.0000033378601074
BAA-1717,Staphylococcus_aureus_ATCC_BAA_1717.pt,12136,5f1b1b6e57d73e1de7766684a8fe7b493fd93bbd512d0315dee6532aaa33b6c5,1x5376,torch.bfloat16,2.999889850616455,2.999889850616455
BAA-1718,Staphylococcus_aureus_ATCC_BAA_1718.pt,12136,64deea6069f2d44d2db8f122fec6958f77ffd150aa644f1fb044d06b5a038116,1x5376,torch.bfloat16,3.000058174133301,3.000058174133301
BAA-1720,Staphylococcus_aureus_ATCC_BAA_1720.pt,12136,892d31501c13e48e590cb7895bfa4ed3242e90d93a07a7ff5ef76bf7d0b0ab2e,1x5376,torch.bfloat16,2.999924421310425,2.999924421310425
BAA-1750,Staphylococcus_aureus_ATCC_BAA_1750.pt,12136,f51c87d26607fec0d708e9291f88da6ffae1d6a547649632789a5d096e509268,1x5376,torch.bfloat16,3.000009059906006,3.000009059906006
BAA-2312,Staphylococcus_aureus_ATCC_BAA_2312.pt,12136,f94c960c7d6bb30900122a72553354b08fed14dd62d32c53a021ed86f30568f4,1x5376,torch.bfloat16,3.0000627040863037,3.0000627040863037
BAA-41,Staphylococcus_aureus_ATCC_BAA_41.pt,12126,5fa64dbb5f4ead78d46712d1bdb9eab5a92c2baf22e36777001a9a3082446893,1x5376,torch.bfloat16,2.99995756149292,2.99995756149292
BAA-44,Staphylococcus_aureus_ATCC_BAA_44.pt,12126,0db6f15225f1dd4d300ba082462cd41901a3341606ec14d5e1375ca9e59bb815,1x5376,torch.bfloat16,2.999986171722412,2.999986171722412
19636,Staphylococcus_aureus_subsp_aureus_ATCC_19636.pt,12250,97f36e29237c7d0a296484b2d4505eef5b24383a65726db100b19c5765362931,1x5376,torch.bfloat16,2.9999241828918457,2.9999241828918457
27698,Staphylococcus_aureus_subsp_aureus_ATCC_27698.pt,12250,9e7352e4e1c1ccb746553aa8ea53481b50edd97402fd1f6e39335d96790f0583,1x5376,torch.bfloat16,2.9998607635498047,2.9998607635498047
49230,Staphylococcus_aureus_subsp_aureus_ATCC_49230.pt,12250,d5dc066a38bf64ffe59f95018f187f509ee051781141b85d5aa7eea076f7659a,1x5376,torch.bfloat16,3.0001893043518066,3.0001893043518066
49775,Staphylococcus_aureus_subsp_aureus_ATCC_49775.pt,12250,b27d609084212b7d2102bd92281104d01b59057fe746366e7fa100f226e674e0,1x5376,torch.bfloat16,3.0000522136688232,3.0000522136688232
BAA-2762,Staphylococcus_aureus_subsp_aureus_ATCC_BAA_2762.pt,12265,88e33dae33e317acbe08c1a4316eafd8503b88bd9feb1ddc30bb88e188807819,1x5376,torch.bfloat16,2.999800205230713,2.999800205230713
BAA-39,Staphylococcus_aureus_subsp_aureus_ATCC_BAA_39.pt,12255,b8f5d6d6e83964132159f912001b261cab1e885aac48bebc86583fb99630a349,1x5376,torch.bfloat16,2.9999797344207764,2.9999797344207764
51365,Staphylococcus_carnosus_subsp_carnosus_ATCC_51365.pt,12270,afe1fa222e64ab705c55d8d2f26ae4dcf77fb5338c92fa442f1ec9ffb7f9d494,1x5376,torch.bfloat16,3.000364303588867,3.000364303588867
12228,Staphylococcus_epidermidis_ATCC_12228.pt,12210,1bbadd0b44784bac1a37231dba5a2ab15e80d2513e1fc7eb2405cbe3d51c2c3a,1x5376,torch.bfloat16,3.000476837158203,3.000476837158203
14990,Staphylococcus_epidermidis_ATCC_14990.pt,12210,00f9c60d543e4f20bdf999b817c03bea1f5d7ab70099a39fbbcc27d939db9cae,1x5376,torch.bfloat16,2.9998879432678223,2.9998879432678223
29887,Staphylococcus_epidermidis_ATCC_29887.pt,12210,603e85c6b36d467de290b86fb856ebb4d02d7c562508d004e197b68081493a25,1x5376,torch.bfloat16,2.9999513626098633,2.9999513626098633
35983,Staphylococcus_epidermidis_ATCC_35983.pt,12210,f0d69ef843a7c1a0c8866e3724b9616f02794c8c76167612d6d6c650132675c6,1x5376,torch.bfloat16,2.9999783039093018,2.9999783039093018
35984,Staphylococcus_epidermidis_ATCC_35984.pt,12210,0af030838289ec05eb30243509801bcd6f4787d892a4ee2ced32e90c25490291,1x5376,torch.bfloat16,2.999967098236084,2.999967098236084
51625,Staphylococcus_epidermidis_ATCC_51625.pt,12210,94c508b3f1fd9118b07ae15c3081b443da07804c89d8a187d8ae9a6b86e120a6,1x5376,torch.bfloat16,3.0000863075256348,3.0000863075256348
700565,Staphylococcus_epidermidis_ATCC_700565.pt,12215,ad9b820180b796a26082399f0dababc17b70454b19898fd4cabdfa9e6db86d3d,1x5376,torch.bfloat16,2.9998788833618164,2.9998788833618164
29970,Staphylococcus_haemolyticus_ATCC_29970.pt,12215,98609fb034fedd246ba43ead93f973b2f21746607b6e54c285a77bcf6699af3d,1x5376,torch.bfloat16,3.0001587867736816,3.0001587867736816
27844,Staphylococcus_hominis_subsp_hominis_ATCC_27844.pt,12260,cc21173f774ef2a4adbf2fe0abb37f0aab7ae3c759486ce512560c9b8c8ab0e6,1x5376,torch.bfloat16,3.0002152919769287,3.0002152919769287
43809,Staphylococcus_lugdunensis_ATCC_43809.pt,12210,467f5288cf6ab7cf6f4a429d171a1a75db920470ec07d1cfac1fcd5358801f48,1x5376,torch.bfloat16,2.999807596206665,2.999807596206665
49453,Staphylococcus_saprophyticus_ATCC_49453.pt,12220,7cc5237d3aac2333f7f80b0822fe9cb1d817fd4a926600ce31718928b3b2c75c,1x5376,torch.bfloat16,3.0000839233398438,3.0000839233398438
49907,Staphylococcus_saprophyticus_ATCC_49907.pt,12220,eb3402e072247a811ecf34b4d0c0299363bdbfb0016a719e0496cd48834bd17a,1x5376,torch.bfloat16,3.0001471042633057,3.0001471042633057
BAA-750,Staphylococcus_saprophyticus_ATCC_BAA_750.pt,12230,7cb66b9dfd06cd89b350cf3344fcc8f91c0f790efec44eaf51df385852a60f2d,1x5376,torch.bfloat16,2.9999022483825684,2.9999022483825684
15305,Staphylococcus_saprophyticus_subsp_saprophyticus_ATCC_15305.pt,12384,ad03bc7bc932af4c504de5c1b6337fb4dabf476715c803476382c53c72d583eb,1x5376,torch.bfloat16,2.9997684955596924,2.9997684955596924
27848,Staphylococcus_simulans_ATCC_27848.pt,12131,c7d6b05831690c47ba59f6d29f22f104ecd260c9139a8c73a5c91c57b4fca429,1x5376,torch.bfloat16,2.9996848106384277,2.9996848106384277
49454,Staphylococcus_warneri_ATCC_49454.pt,12126,62ddbd65e533e5556985e765872996aee7213fc41817b4306533b55981bacc09,1x5376,torch.bfloat16,2.9998619556427,2.9998619556427
29971,Staphylococcus_xylosus_ATCC_29971.pt,12126,69a0f0c9f2776d5a4b382e0ece15c43d497bbf15909866aab61bf0b6f4f934f6,1x5376,torch.bfloat16,3.000018835067749,3.000018835067749
13636,Stenotrophomonas_maltophilia_ATCC_13636.pt,12220,e1aa1b6b997899ee9049742c61f40fae1ce0cfa5301d01181ceb0dac19532cb3,1x5376,torch.bfloat16,2.9998879432678223,2.9998879432678223
13637,Stenotrophomonas_maltophilia_ATCC_13637.pt,12220,e410235447be9f37fa6bcb6e2580faf54353ff7f3fca90a547424afef82f19a1,1x5376,torch.bfloat16,2.9999725818634033,2.9999725818634033
51331,Stenotrophomonas_maltophilia_ATCC_51331.pt,12220,46607b94f6e1a624cbe3472875f5ed1b583fb38e76d78529134888dd70fb48bd,1x5376,torch.bfloat16,2.999915838241577,2.999915838241577
12386,Streptococcus_agalactiae_ATCC_12386.pt,12136,dfd374de3ea291bf0ef45be2aac271e45ad51cd0dd29d15386c7c77bd231b7ac,1x5376,torch.bfloat16,3.000124931335449,3.000124931335449
13813,Streptococcus_agalactiae_ATCC_13813.pt,12136,157c80dbfd1e035b79fe73768db493d31899f3e4d57fab1aa1a758613d7e6414,1x5376,torch.bfloat16,3.000122547149658,3.000122547149658
27956,Streptococcus_agalactiae_ATCC_27956.pt,12136,520febbfab514a30a9e272379f1beacec1d4581cfa4a64d24923642e5ee2af78,1x5376,torch.bfloat16,3.000239849090576,3.000239849090576
27957,Streptococcus_dysgalactiae_subsp_dysgalactiae_ATCC_27957.pt,12369,13bc32e4b26e8889473dd93a0020ab60bb0048d80506314a4d428d30b0dff223,1x5376,torch.bfloat16,2.9997715950012207,2.9997715950012207
43078,Streptococcus_dysgalactiae_subsp_dysgalactiae_ATCC_43078.pt,12369,5fdce3dfaa1e2fa7358c718905034eee9e13671214bd49c7d82455958c60369a,1x5376,torch.bfloat16,3.0000956058502197,3.0000956058502197
12388,Streptococcus_dysgalactiae_subsp_equisimilis_ATCC_12388.pt,12364,6e044169f8904f5b32e9e018fc1c3e7b68a22e5bda5a27e894a447db46f0c9cb,1x5376,torch.bfloat16,3.000063896179199,3.000063896179199
43079,Streptococcus_equi_subsp_zooepidemicus_ATCC_43079.pt,12270,c6c49c9735a449f3cae6f168baf4dbdf14bc280aac3905294974bf10b0b9a236,1x5376,torch.bfloat16,2.9996490478515625,2.9996490478515625
49147,Streptococcus_gallolyticus_ATCC_49147.pt,12210,465661adba1cb29892fae3130f5a3b404d47f79fe439e9aca67365900699d3ef,1x5376,torch.bfloat16,3.0003085136413574,3.0003085136413574
9809,Streptococcus_gallolyticus_ATCC_9809.pt,12141,e75ee2ff65588828b640fb16d0d5c098f688e1c30d9ee03b14e3b115181532c3,1x5376,torch.bfloat16,2.9999709129333496,2.9999709129333496
10558,Streptococcus_gordonii_ATCC_10558.pt,12126,c8db05edea03337e51c76b4c6318f08c90b00a809dcdb00c50ac19c26fc9d206,1x5376,torch.bfloat16,3.0000336170196533,3.0000336170196533
35105,Streptococcus_gordonii_ATCC_35105.pt,12126,d0de36beb7dfea21de39f85e82adf30bd729afe5e523d7cb5e0dc27040c2e366,1x5376,torch.bfloat16,2.999957799911499,2.999957799911499
29178,Streptococcus_iniae_ATCC_29178.pt,12111,10161bea9c651a992efe160463b6697ba62f92ea04fd9aaa4659d8fc0e8a3491,1x5376,torch.bfloat16,3.0000922679901123,3.0000922679901123
25175,Streptococcus_mutans_ATCC_25175.pt,12116,5792fcae1e068a846476aab54bfedf076d8511430db296312f3f9877dd3f606d,1x5376,torch.bfloat16,2.999998092651367,2.999998092651367
35668,Streptococcus_mutans_ATCC_35668.pt,12116,23875f12c03be34f8b65a332fadad4790a3a0f7811c563b9e23446a18fb80a3c,1x5376,torch.bfloat16,2.9999709129333496,2.9999709129333496
700610,Streptococcus_mutans_ATCC_700610.pt,12121,012c711749cbfae38bec1d85bccdf7fa3919dda5beb2a23bc4d139de2d6a517c,1x5376,torch.bfloat16,3.0000157356262207,3.0000157356262207
35037,Streptococcus_oralis_ATCC_35037.pt,12116,d3758d25309d85a739e21ae355afdcb92e67e002ea155f8506a3c21bb68cafee,1x5376,torch.bfloat16,3.000032901763916,3.000032901763916
6249,Streptococcus_oralis_ATCC_6249.pt,12111,b6dd77a343049aeaf500283eae6d2dfc5a12ecefc655179a24ff41ef422d7939,1x5376,torch.bfloat16,3.0000290870666504,3.0000290870666504
9811,Streptococcus_oralis_ATCC_9811.pt,12111,7b3e3f67279f240924c0b49c603c557a709666854408b76fa572cf5ca519afbc,1x5376,torch.bfloat16,2.9999496936798096,2.9999496936798096
27336,Streptococcus_pneumoniae_ATCC_27336.pt,12136,4681f893d0396b18e363cecb0371f60c86bab770333eb096367e876741acf402,1x5376,torch.bfloat16,2.999861717224121,2.999861717224121
33400,Streptococcus_pneumoniae_ATCC_33400.pt,12136,8c81efdaada2f7a5b8994d7a03ae78ee923a46ea315c9d85df66ceb2cf48ca75,1x5376,torch.bfloat16,3.000173568725586,3.000173568725586
49619,Streptococcus_pneumoniae_ATCC_49619.pt,12136,68c3ef20211cfd62989a3f7dce60e255d0946ab9cbc8a4a9eadb06f4cb9f46ed,1x5376,torch.bfloat16,3.0004501342773438,3.0004501342773438
6302,Streptococcus_pneumoniae_ATCC_6302.pt,12131,7101fab5c9a25efdf83aeb146170e6894da1abb0d8fe202b130d26626a868e77,1x5376,torch.bfloat16,2.9998278617858887,2.9998278617858887
6303,Streptococcus_pneumoniae_ATCC_6303.pt,12131,f7b0db48d68c3354587f6bd8d0c1e6c66e65f0af220d68bf5eff708aa298ce91,1x5376,torch.bfloat16,3.000004768371582,3.000004768371582
700677,Streptococcus_pneumoniae_ATCC_700677.pt,12141,f87c094b9c48fefe3ca9200e63e116b99af0e0d8015d2987c55b88d8f3af3d60,1x5376,torch.bfloat16,3.0001819133758545,3.0001819133758545
BAA-255,Streptococcus_pneumoniae_ATCC_BAA_255.pt,12210,5c4e7eb5f41c8e07ddc6e4da84dfbbdb82669de3536797d666fb70a4b4d412fe,1x5376,torch.bfloat16,2.999737501144409,2.999737501144409
10389,Streptococcus_pyogenes_ATCC_10389.pt,12126,3da405262ee4aa08ed7755e688771fee402907e9b55d6ace2800c257c73c00d4,1x5376,torch.bfloat16,3.000213146209717,3.000213146209717
12344,Streptococcus_pyogenes_ATCC_12344.pt,12126,e6cedaa1b2107de1fddfa14224f850d722daf5e908b91fe61f0e6c3992acdd03,1x5376,torch.bfloat16,2.9998619556427,2.9998619556427
14289,Streptococcus_pyogenes_ATCC_14289.pt,12126,3be0a80859713fd0ba37aec1e0d1cdec8ef64977e8eec32722d2c9d268d27846,1x5376,torch.bfloat16,2.999894142150879,2.999894142150879
19615,Streptococcus_pyogenes_ATCC_19615.pt,12126,28860420ad4196ae4a26e852c546f488f25e71ed469c1dec299744d9868163a5,1x5376,torch.bfloat16,3.0001137256622314,3.0001137256622314
49399,Streptococcus_pyogenes_ATCC_49399.pt,12126,1782dee5ad1b3ebf3aac43da2dd5cfe1ead1cb2d8c27c60026ad23fa9d52fd92,1x5376,torch.bfloat16,3.0000498294830322,3.0000498294830322
13419,Streptococcus_salivarius_subsp_salivarius_ATCC_13419.pt,12285,112cf6b3e1dc69dbff9604a4f982647f9867a0f564bb7374ce81d0916b1a05d6,1x5376,torch.bfloat16,2.999814510345459,2.999814510345459
25975,Streptococcus_salivarius_subsp_salivarius_ATCC_25975.pt,12285,a0b6133626e6f9ac127bd1bfd53dbb55796ab5282ed3f908d886d1d2e5f7b9bc,1x5376,torch.bfloat16,2.9999146461486816,2.9999146461486816
7073,Streptococcus_salivarius_subsp_salivarius_ATCC_7073.pt,12280,cacb39349edfbb29d05d494ee648e487c4650693fe463adbf371d580e87ac9bd,1x5376,torch.bfloat16,2.999628782272339,2.999628782272339
10556,Streptococcus_sanguinis_ATCC_10556.pt,12131,15ef1f5d024689c981bf2fe2b3c3cbeaad56265929bdfbc0e1dcb3e0681dfc42,1x5376,torch.bfloat16,3.0000414848327637,3.0000414848327637
27352,Streptococcus_sobrinus_ATCC_27352.pt,12126,2bd6050c4e0a298c3d6b2fa607c605de698a6948aeef6f7c30a22e911da8bf85,1x5376,torch.bfloat16,2.9999639987945557,2.9999639987945557
33478,Streptococcus_sobrinus_ATCC_33478.pt,12126,2623d045f076fb33432ea328187118ed924e237de4a7fb799aecb50d83b481a2,1x5376,torch.bfloat16,3.0001020431518555,3.0001020431518555
19436,Streptococcus_uberis_ATCC_19436.pt,12116,a3a6b96fd1a155e9f6501540204567eddcc3402de00d65c3268dda8bd9478ded,1x5376,torch.bfloat16,2.999934434890747,2.999934434890747
21633,Streptoverticillium_verticillium_subsp_tsukushiense_ATCC_21633.pt,12399,033b1106aafd0cd267130886c987953702ba359caa8da79f69f979793a768285,1x5376,torch.bfloat16,2.999757766723633,2.999757766723633
10662,Torulaspora_delbrueckii_ATCC_10662.pt,12131,564eb94937b84f58ad4f244a6ef53bc3c3897396544c8dba84843e0e0f6e0d25,1x5376,torch.bfloat16,3.000113010406494,3.000113010406494
9533,Trichophyton_interdigitale_ATCC_9533.pt,12141,d316f42220b4b1f57568d361939cff53f810e2fd4da48c0d521646d888f7546e,1x5376,torch.bfloat16,2.9999780654907227,2.9999780654907227
28146,Trichophyton_mentagrophytes_ATCC_28146.pt,12215,44f8810396b79c6f8602ac294cce57d07ea48108f19a84302cc15bdf59a49840,1x5376,torch.bfloat16,3.0000863075256348,3.0000863075256348
28188,Trichophyton_rubrum_ATCC_28188.pt,12111,37f7577bdfe66edef9ce618e86028cd367dfeb01e6fdf0b33ccbc50d368fc216,1x5376,torch.bfloat16,3.0001578330993652,3.0001578330993652
10790,Veillonella_parvula_ATCC_10790.pt,12111,2d6e3b0f4b77d625991920c8bb7eceb16dec358af01d39038178dca05d382c62,1x5376,torch.bfloat16,3.0000979900360107,3.0000979900360107
17749,Vibrio_alginolyticus_ATCC_17749.pt,12116,4ae47b1505e3a0351a891be11fbb09d9bda2621ecaac6b5e86ccb037e43d7f75,1x5376,torch.bfloat16,3.0000863075256348,3.0000863075256348
14035,Vibrio_cholerae_ATCC_14035.pt,12091,b47d24c0bd161a525e8e5100479253d0a68426cb3a60e6dd3e1a066fa4043e87,1x5376,torch.bfloat16,3.00004506111145,3.00004506111145
25873,Vibrio_cholerae_ATCC_25873.pt,12091,5e7d079a7ac18f8539913fa7676cec35dbbde47c9c9e49fed377faeeb9f01f03,1x5376,torch.bfloat16,3.000070810317993,3.000070810317993
33840,Vibrio_diabolicus_ATCC_33840.pt,12101,83b382f80c998fe2f5e62aaa4f3db83c0808be54e4b9a05d65ccbb82d75b69d9,1x5376,torch.bfloat16,2.999988079071045,2.999988079071045
33809,Vibrio_fluvialis_ATCC_33809.pt,12096,fde5838a8d6574765a86df36a1fe952a314fc5298bee0c348a0c9ba486f06519,1x5376,torch.bfloat16,3.0000908374786377,3.0000908374786377
14126,Vibrio_harveyi_ATCC_14126.pt,12086,4fd1ade1d4d19df12606d7da5bdf6e4e324fe9e6c5ad3d894a97fcb3c5331aab,1x5376,torch.bfloat16,3.0000128746032715,3.0000128746032715
17802,Vibrio_parahaemolyticus_ATCC_17802.pt,12131,adb6e3fe2aafdb50c45b73d71a9bb0daecdfe4a41fb8d7a36de839e133d958ea,1x5376,torch.bfloat16,2.999824047088623,2.999824047088623
33847,Vibrio_parahaemolyticus_ATCC_33847.pt,12131,b90f9bfcb11b4d84113f6e473067325b2b7b3352aee84a9bfc5236c0a3967bee,1x5376,torch.bfloat16,3.0001299381256104,3.0001299381256104
19108,Vibrio_sp_ATCC_19108.pt,11997,2af5224e03ad088ca21914ef49803c5fb10a710cfa77f537aceb633fe8e8376b,1x5376,torch.bfloat16,2.999990224838257,2.999990224838257
33125,Vibrio_splendidus_ATCC_33125.pt,12101,9ee465e41b2cfb8776e6e068d8af03c7142905264827ddf3a7c496e1c34c5f4f,1x5376,torch.bfloat16,2.9999518394470215,2.9999518394470215
27562,Vibrio_vulnificus_ATCC_27562.pt,12101,d8560a8b88975e5206c81a54264ed06e1f48b241af60874195cc665126bd44a5,1x5376,torch.bfloat16,3.00009822845459,3.00009822845459
29307,Vibrio_vulnificus_ATCC_29307.pt,12101,8b5ee132137da47df61a8e4057183ff1a0ebe3890f66208752bbcad6afdd340e,1x5376,torch.bfloat16,2.9999947547912598,2.9999947547912598
7050,Weizmannia_coagulans_ATCC_7050.pt,12111,16303e305e700a79d2baa9b385399a67af9097793f840c24cc8d42eefb2acd60,1x5376,torch.bfloat16,2.999952793121338,2.999952793121338
11637,Xanthomonas_citri_pathovar_mangiferaeindicae_ATCC_11637.pt,12364,29d804a19e6580d00b0911958810344faf44168dce53031fc52d6336b2946a13,1x5376,torch.bfloat16,3.0000267028808594,3.0000267028808594
9563,Xanthomonas_phaseoli_ATCC_9563.pt,12111,65f6e0b9158bea10fb58e2025513f769261d7f8546a81cd9ae689b70e38a33a7,1x5376,torch.bfloat16,3.0001142024993896,3.0001142024993896
35937,Xanthomonas_vesicatoria_ATCC_35937.pt,12131,cdf9da5add5a08ea36410ed1a132f3a3e9d114f64be8cf3ddc66caf8ec8a2342,1x5376,torch.bfloat16,3.0000085830688477,3.0000085830688477
23715,Yersinia_enterocolitica_subsp_enterocolitica_ATCC_23715.pt,12364,59c8f511f5dbf1e749fb161f60a57232528141043a91851e3cada575d1841d01,1x5376,torch.bfloat16,3.000107765197754,3.000107765197754
9610,Yersinia_enterocolitica_subsp_enterocolitica_ATCC_9610.pt,12359,f133b9492ce700580895318bc3be2d919c68608a550fafd52edb859f7828a15f,1x5376,torch.bfloat16,2.9998955726623535,2.9998955726623535
29473,Yersinia_ruckeri_ATCC_29473.pt,12096,2fa455a45b0c50c103c2f9095189664cbf1095002c06d9c76955079c8973cdf1,1x5376,torch.bfloat16,2.9997870922088623,2.9997870922088623
