genome_id,file,bytes,sha256,used_by_paper_datasets
#001,Escherichia_coli_ATCC_#001.pt,8504635,74fe831321400869b3ec99ecdd767f2fd00febe4cf54edaf48eeb786df5f10d1,True
#002,Pseudomonas_aeruginosa_ATCC_#002.pt,10732889,5c4ff4e7906c67995d1a3f3c56e15ca2d8a13fc4e99716ba6a24691fe6cf9b5e,True
#003,Escherichia_coli_ATCC_#003.pt,7931195,a2e2a3cf2b6305d65ca259ad8f0b86368fd25591da5229fb20a35965413cf6c2,True
#004,Escherichia_coli_ATCC_#004.pt,7603515,73e8229f8f0bc3a9fa287168751acbdfe594246bcb4b34e675c5ec7fa4cf85e1,True
#005,Escherichia_coli_ATCC_#005.pt,7439675,24edb63307fc45251e7f5721557066230a58ab16d8a6fa141d2bd0b4658e842b,True
10031,Klebsiella_pneumoniae_subsp_pneumoniae_ATCC_10031.pt,8652270,b44f43eb19b36fc89d3eb0ee929b2bb5da0130449645c0e7898d4d6cbebacb1f,True
1004,Aspergillus_tubingensis_ATCC_1004.pt,17433950,c946bba6d48e3ab6a15b0a7a22d3720c344d4a6685e9999b49775f6a19157564,True
10106,Penicillium_chrysogenum_ATCC_10106.pt,10978723,14810b1308b71e463f4675f4ac6fa142355e6dcf64a8718b3d07d3d770ac0d3e,True
1012,Aspergillus_terreus_ATCC_1012.pt,7636298,d6b322191bbb67504e6f0e330b670287e16bcc38efc73a9fb606a9cc76614c4b,True
10145,Pseudomonas_aeruginosa_ATCC_10145.pt,10356062,68446e8e49abb4bfe52162b8f06a21718d2d4b9cd2236c8f12f173b0f11f2868,True
1015,Aspergillus_niger_ATCC_1015.pt,8209728,039bab6807372d13368df9432faa1bbd3778e179bcb2923f297e9ac69ef19779,True
10211,Haemophilus_influenzae_ATCC_10211.pt,3130718,a2357827571854eaf1fbfd700f31ecbb799ad528eaaf30fd69e064906d3c9a44,True
1022,Aspergillus_fumigatus_ATCC_1022.pt,8717652,c81717fcac62fa25bc356bdfaf4327dfcb69e78a0aa810d5bbb82b7ba215cfd9,True
10231,Candida_albicans_ATCC_10231.pt,5244224,8a3a40dfc836eceb77db8576def2ad7adf7a0a1860b1818658b6544d6130f946,True
10240,Micrococcus_luteus_ATCC_10240.pt,1672522,b72023ef99f101de1eedb0fd146afda08f4f2c8ce4f1841b314bd272a60c2a19,True
10389,Streptococcus_pyogenes_ATCC_10389.pt,2999646,fa8e896807aa594d28b66676132f273a6e631d969a3a6ac49be276de514fe17f,True
1041,Aspergillus_ustus_ATCC_1041.pt,1852736,22d95cb352e8f40cedff45127b485a0487fa60ebe3e29afa43edee1ce6e596de,False
10536,Escherichia_coli_ATCC_10536.pt,8504640,8bf0c3eee45c365fbed200c738ef5f2dc88ea381d927d4ec4a58721180cf33ac,True
10541,Enterococcus_hirae_ATCC_10541.pt,4654410,65b24133780d8908cf4a9da13368ced7692b8735bd8fdcafeb75674d480166fa,True
10543,Clostridium_perfringens_ATCC_10543.pt,5408163,b7e9a2b66d340b0ee83010cd87fd2b4e18ac65ad4d594e7e9f9e35375ab28310,True
10556,Streptococcus_sanguinis_ATCC_10556.pt,3769699,3b5bbf1357177a32b787d61669f8a7de71147ab0081f7551a7da74992ac1d059,True
10558,Streptococcus_gordonii_ATCC_10558.pt,3589470,5d03ef46578ecb9ab8d3991de4877896f3a0d5532f95e2d1b444810483d14483,True
10662,Torulaspora_delbrueckii_ATCC_10662.pt,2344291,d25d37c618841b229ceef5b5c997302126679ca3a7e5d7ad1ab0532d081cfcc6,True
10702,Bacillus_paranthracis_ATCC_10702.pt,8521049,9283b28d3c77b23963d63afa422b6dd382a7f37fa03053b9aaf8c87720cfab4d,True
10708,Salmonella_enterica_subsp_enterica_serovar_Choleraesuis_ATCC_10708.pt,7800515,3970705053540c8ac08c543bc0bc9fae2ddd9f40b543256e1637c1f2402cbbaa,True
10778,Priestia_megaterium_ATCC_10778.pt,8422735,baca8185c6d1644dd2df93d1739ac7b1625132d937a401ba229f1cb5c96ff878,True
10790,Veillonella_parvula_ATCC_10790.pt,3507535,81f63953625685f610c83930940749194704071761eb6bc580dca766acbf22aa,True
10792,Bacillus_thuringiensis_ATCC_10792.pt,9028958,87a3b32611df0d814aff25a5a67fa116bb9811f111828c1c089fd8265f45b782,True
10832,Staphylococcus_aureus_ATCC_10832.pt,4654425,7cf897db44995f47b120b40a6e8b4a43005c5f8e83c3b31af3561f9fb89cdd84,True
10876,Bacillus_cereus_ATCC_10876.pt,8930619,07635db57413fc1d23cac45119245bb5eb008d61b168cade324be6fb268508d9,True
10953,Fusobacterium_nucleatum_subsp_polymorphum_ATCC_10953.pt,4015613,c746c9424a3c8ff32b014eb433abdc6ff07fac8b9a06fb9e7e6b0400a8527040,True
10987,Bacillus_pacificus_ATCC_10987.pt,8586570,06b98ce78c4d8108dbe204f75d805698e62f714573c8409678921a94199bd5ba,True
11006,Candida_albicans_ATCC_11006.pt,4080960,92a1ff7685dd64b02f9d8000292290752042e54ec8156c4dc44f3350cc67e39f,True
11060,Shigella_sonnei_ATCC_11060.pt,7996731,5c63414d8afe1d459cadd1f8f5a3fe238900e168e180335721fc4fa04854c5ad,True
11229,Escherichia_coli_ATCC_11229.pt,7619904,b1cd44f52a94d8f033878e6e6a829c0fce5ba6bb94fe408b45cdc785f9e7aad6,True
11303,Escherichia_coli_ATCC_11303.pt,7587136,521f252cf5311d35776f06c351969543c8b103576f43a3ef24cca73100f6e4e2,True
11454,Lactococcus_lactis_subsp_lactis_ATCC_11454.pt,3933643,2f9aae778edc803d7b9818f27b763da2cb0fea2eb52c9f5d4ea8b9ab570ef5be,True
11637,Xanthomonas_citri_pathovar_mangiferaeindicae_ATCC_11637.pt,5998156,392109727229b8bbc81155ce762114fa602d58f7f00731a4c5f58022d5b779c1,True
11696,Ralstonia_solanacearum_ATCC_11696.pt,6227294,bc1c1450e43c590fa8bc3c3bd58a1145b7630134ab321c945253f22ada7de60b,False
11774,Bacillus_subtilis_ATCC_11774.pt,6735173,d27e6ab892d160249a97071594e0341598a19eaa81393879ff8786d231567895,True
11775,Escherichia_coli_ATCC_11775.pt,8045888,136ea18d02b58124afc8819d36c0bd6de606d7c3610f2528925ca60bb956263d,True
11778,Bacillus_cereus_ATCC_11778.pt,8209723,48748b2baa96dfcd34cd2e6e8f7eecbd55d17c49bc930518c0071b207e6457ed,True
11827,Cutibacterium_acnes_ATCC_11827.pt,4097359,9a62abba631c5cefe9035d877fdbd346255f56bc89f21b1843ed873d80d27afc,True
11828,Cutibacterium_acnes_ATCC_11828.pt,4097359,de97b4d4729998609b152bb613696d59ce0aaf1f5272e10fa331becbdf6ef061,True
12014,Escherichia_coli_ATCC_12014.pt,8340800,a40a3e09e3272d95cdec68ca4cc085d9c4c6780be6a4976870787d1cb0b03864,True
12022,Shigella_flexneri_ATCC_12022.pt,7554373,2d99d81d7862dd88d35fe8323babd7d363b9f402a01228689b54c45f50bce2dd,True
12104,Actinomyces_naeslundii_ATCC_12104.pt,5047646,593712c53e9e0207d3c3e4c0210edd31f4d4338052d31ea5283614aa59e88a75,True
12121,Pseudomonas_aeruginosa_ATCC_12121.pt,10782046,3446aa710cc5d80ace48ed5b0f965325f4abce7af6008ad154ddeff427c86311,True
12228,Staphylococcus_epidermidis_ATCC_12228.pt,4113842,ba6e48f0f1e1c1f62a4909427b64146ec87607fa3471cc6f059fe01c434122fb,True
12344,Streptococcus_pyogenes_ATCC_12344.pt,3147102,fd461298bff28ef8484c0c1f68ef6a9b82842a7b538c742fddd3ba3699b994c6,True
12386,Streptococcus_agalactiae_ATCC_12386.pt,3409320,ccf4bf8bcdc9444f207016197ecb25a1e396ad0efd753a097b0b65cb7e6bd956,True
12388,Streptococcus_dysgalactiae_subsp_equisimilis_ATCC_12388.pt,3655244,14c293a5cba70359f5d0ef2637abb7b796e8b7e0e025da98ee852d7cc937f446,True
12453,Proteus_mirabilis_ATCC_12453.pt,6489413,94501a4ca79e1593b8d770f1b8ec0768fde2143317067b358535c3a4affdaf4a,True
12464,Clostridium_septicum_ATCC_12464.pt,5571924,73af157186a8c009976ed97614db17dae523af17ff84469dc0027d06edcfe20e,True
12472,Chromobacterium_violaceum_ATCC_12472.pt,7800237,a7b66ac511287d6264dfc999e87400e94d664ba45e693234454ad1327a10a1f2,True
12478,Mycobacterium_kansasii_ATCC_12478.pt,10536286,1b771a4d5648803cb95b40b5f195321decf303b1548a2ca19906b85cd4033632,True
12598,Staphylococcus_aureus_ATCC_12598.pt,4605273,8e507ab0412132e0431e65c8390439cc42fb7da37025091c82e1465ae8aa04b9,True
12600,Staphylococcus_aureus_ATCC_12600.pt,4523353,001d86d5ccd43f59f172c2ed4c2fc43108983bff56383d7bcfd8e0f800fe177e,True
12633,Pseudomonas_putida_ATCC_12633.pt,9946442,566712e2bf305f2e1cebe9a733a8dea13446cdbaccbfc906d3ac1be7da17b283,True
12657,Klebsiella_pneumoniae_subsp_pneumoniae_ATCC_12657.pt,7833070,ddecc9768a315fa161ac56b34c777bfa23a2332cd5902787185a368a0c36e4b3,True
12915,Clostridium_perfringens_ATCC_12915.pt,4883875,207eea57a6328de5f70ecdb08934b1a71f4c226f8ea8087abebdb62848e52d9d,True
13007,Saccharomyces_cerevisiae_ATCC_13007.pt,3229096,33b23df2386064d3b954503694111df8f7b9afe109bc97e4583f5327fc55e68c,True
13032,Corynebacterium_glutamicum_ATCC_13032.pt,5440946,16cc82c8d13db2b8c49b8a8061f4b54d1dba2511a3cc2f6c895cb9c92302d0c2,True
13047,Enterobacter_cloacae_subsp_cloacae_ATCC_13047.pt,8717786,6589290523cb5f782d3fffdf0843a21ba53d9f963181e4df457b999b9242b9a1,True
13048,Klebsiella_aerogenes_ATCC_13048.pt,8668500,0a20c8137583f3d745546911c19ae7191525304b749b768187fbd3c011637ce8,True
13061,Bacillus_paranthracis_ATCC_13061.pt,8488281,7563aee96db5830da3d7a30d7d927956f3a061fbc2513cf09edca7abc129d039,True
13076,Salmonella_enterica_subsp_enterica_serovar_Enteritidis_ATCC_13076.pt,6735486,9d86d1670d25b9b9701d013386c3b4e72fd43cce75a13ab36a4452579db37c13,True
13124,Clostridium_perfringens_ATCC_13124.pt,5342627,6499b00b4d2e4c6de4f25a2010080715621b39c0a6578d0ffe28d920eea2c642,True
13182,Klebsiella_oxytoca_ATCC_13182.pt,9602378,fc2c7ffab08ad039072d7c835d5a83220bb028803cf5e7f63b2e20743e355422,True
13311,Salmonella_enterica_subsp_enterica_serovar_Typhimurium_ATCC_13311.pt,7865982,922dc3a65d07006e8267e4f49e9628589172915278d10daa35a6b2d2fba485bd,True
13312,Salmonella_enterica_subsp_enterica_serovar_Choleraesuis_ATCC_13312.pt,7767747,088a5f6fe3fa2b741c76002bb7064110ee7e3770dd6f35faca9613a3163047be,True
13313,Shigella_dysenteriae_ATCC_13313.pt,7210324,b087f6cce191761adb5a0bdd179cb5fbe9c9be4b3835ad57a3fde12ab766dd02,True
13314,Salmonella_enterica_subsp_arizonae_ATCC_13314.pt,7341530,8b3d2c69eb2c7e2db1adea6388e27dc51086aa1f7b0c4b05b15a2cce619f1af2,True
13315,Proteus_hauseri_ATCC_13315.pt,6276411,dd2e9caed4a1cfa230e61d5318c1b2d7b69120d93fcfa9d5938ff525da8c64a3,True
13388,Pseudomonas_aeruginosa_ATCC_13388.pt,10732894,52ec680488c005055860426d34a64236d2c29d9a9249c68601b877681e0f51e8,True
13419,Streptococcus_salivarius_subsp_salivarius_ATCC_13419.pt,3573245,0604b5fb6b4e3ad9ad50c88eff8abde1f5f64c505ac1b402a988c1ae95cd45a7,True
13472,Bacillus_cereus_ATCC_13472.pt,8734011,4dd1e62c8546b92ea4611d400ef312819b6fdf14769019b0f9eb1333c8cfc408,True
13525,Pseudomonas_fluorescens_ATCC_13525.pt,10683811,7f54c37c4cea47ca2bc14bcb13827b55ea90f4f45cae8ea8fed93fd09c70a3e4,True
13565,Staphylococcus_aureus_ATCC_13565.pt,4588889,320e82b4936dbe16dd7c9a6de5ff6cdabf17d27c5d415316e4b3ce1286d0676a,True
13636,Stenotrophomonas_maltophilia_ATCC_13636.pt,1410492,55becac154db678bd2b42e094d0aa6d08b111cdaada340bda138fef348398c90,True
13637,Stenotrophomonas_maltophilia_ATCC_13637.pt,8209852,163de633ef1416fe96f3f3aab9ba25d4066191c0aaa6d584d466205e9431e413,True
13690,Cryptococcus_neoformans_var_grubii_ATCC_13690.pt,4982234,2eec7224c0ceb48b9584298b83dad765b52e104a58b58da347cb4c9a167b4857,True
13803,Candida_tropicalis_ATCC_13803.pt,3360074,b491b1b4359248380722b41811fdd803693cd5f57f895a3c0d52903f6b15215b,True
13813,Streptococcus_agalactiae_ATCC_13813.pt,3737000,1a71110a530cf036bd82f27b2398c7491331484a43190041faf0f6ffd3cef4df,True
13880,Serratia_marcescens_subsp_marcescens_ATCC_13880.pt,8390116,999ec65d7d829e0c25d0c8ac3eb5f3897d2285f23890dcdf42fc183a778f501d,True
13882,Klebsiella_pneumoniae_subsp_pneumoniae_ATCC_13882.pt,8570350,84b47ae1c6ef24c29a049c13a6e661a5051dd9e84b2e514bedb989ac1207cb94,True
13883,Klebsiella_pneumoniae_subsp_pneumoniae_ATCC_13883.pt,8603118,b5391b7bc9e3cc25fcb7186d79b00ddc246a405bf4ad7eaae313004994829c48,True
13932,Listeria_monocytogenes_ATCC_13932.pt,4851038,2029c9553e64eeeb16766e612525cfeabfb822aceccd35bd463b0d68b8da58fa,True
14018,Gardnerella_vaginalis_ATCC_14018.pt,2737497,c486707553b466b3cc574ba2748898ce9ad0bebddb3c31edf6292cfc12eb1b1b,True
14028,Salmonella_enterica_subsp_enterica_serovar_Typhimurium_ATCC_14028.pt,7997054,7a0d9687410878562d7a092ece0a4e31c6d6ef9d52b1c503e6bbbf7d56819ea0,True
14035,Vibrio_cholerae_ATCC_14035.pt,4965691,23120aec94acd65a0c3288c27da71621608161d142f60693ea81a97f43ffdc7c,True
14041,Serratia_marcescens_ATCC_14041.pt,8308047,aaf2a20cd44f79e839935cc8262f165d79a99da609f18cc2cb80e79ebcaf8d96,True
14053,Candida_albicans_ATCC_14053.pt,2999616,e96753aac09580109be59438059ba38e1af36ae29950390f79a3cebea40b1d05,True
14126,Vibrio_harveyi_ATCC_14126.pt,5571894,8bc5d41cbdfd39e345d8acb0a7c8c1f15a7ac61d275782488fe8b50b85a325cd,True
14243,Candida_krusei_ATCC_14243.pt,4719926,3827e2f24ffa847a7dbd55272074b8d5b7293c48fa20779b9f2a270b0cf6eaf2,True
14289,Streptococcus_pyogenes_ATCC_14289.pt,2999646,a882923c8c9c8a2601b50328674c53981e5fcc40e2f2759bb96d591d9a749b3f,True
14458,Staphylococcus_aureus_ATCC_14458.pt,4703577,3341028d28624923c8d7f0e78b2da0b88a0ddd67b8008e865ec43e461e2fc67f,True
14468,Mycobacterium_smegmatis_ATCC_14468.pt,11339171,f743f45545b275ea351617f9c87d24d6d588150adf6a924612b04323ecd23eba,True
14506,Enterococcus_faecalis_ATCC_14506.pt,4883801,bfa43adafca0d2c2330487c2231a3eb24c6122beca28968a7616ecedc5cfc2e9,True
14579,Bacillus_cereus_ATCC_14579.pt,8881467,3cdb0b13203c766072af112eccaaa2c7b47d3a1b1956e2f77510a4160d31fbe3,True
14580,Bacillus_licheniformis_ATCC_14580.pt,6931806,52a7e61db258a1ed5a582cdbb95383c16b8c59045c594f5dadf5ed7738a19b17,True
14581,Priestia_megaterium_ATCC_14581.pt,8766799,bfce9698e1bfc8d06ee392d512d16469313c522921f808169d06e3eda3938c28,True
14756,Serratia_marcescens_ATCC_14756.pt,8308047,e510d2a64235fb259c36be5d880685d9c00751ac6a12705fdf4b278563deae0f,True
14917,Lactobacillus_plantarum_subsp_plantarum_ATCC_14917.pt,5326323,ee3a973eb8c2e9add082ae594b97add72da39fd4de4d7ffb4d883c803290f9fc,True
14931,Lactobacillus_fermentum_ATCC_14931.pt,2934115,cd4d9acdaf96547d87093995e4cbd05d91364b08999b8917aa8febbd1dac75f5,True
14990,Staphylococcus_epidermidis_ATCC_14990.pt,4048306,bd6a5299505b539f4d75906fd42c3110671b38c44427f8917b25748471f8c435,True
15224,Escherichia_coli_ATCC_15224.pt,7996736,5b2b7a7d696ec9c98323cb0aa73a123f0e42259a45bb67077e694cb79aa56943,True
15305,Staphylococcus_saprophyticus_subsp_saprophyticus_ATCC_15305.pt,4130400,9445ec61f4966637b37664145f76a55279062e20fef2e0edd073f2b9e8165886,True
15308,Acinetobacter_baumannii_ATCC_15308.pt,6342051,7fbb7644f77f52e747ae4d1adf251d7fdb62c08f70f0fd7335749763707a5f3c,True
15309,Acinetobacter_lwoffii_ATCC_15309.pt,5096793,2992a95fb487bd2ed911606eeb134e9cd40e87260c46316ab2e3660b5d415726,True
15313,Listeria_monocytogenes_ATCC_15313.pt,4703582,8f6f19cf80c16e0b53432ec4e5c0c635138ae6217c028a4073a751c19c5bb368,True
15380,Klebsiella_pneumoniae_subsp_pneumoniae_ATCC_15380.pt,8701422,cd90eabc27831f5ed505c26d154e0a2a53de03e906daeb103d2688258ce7cf7f,True
15442,Pseudomonas_aeruginosa_ATCC_15442.pt,11142494,d3a6f7b3437b7762a1baf75257cd2e1623c71b439318a0b346242494938ff03c,True
15483,Mycobacterium_vaccae_ATCC_15483.pt,9946452,b6e93519e760092daffade024645e65d45aa9883fa5510b1e05e3f2f431cc6f4,True
15597,Escherichia_coli_ATCC_15597.pt,7587136,b2c46d2b4a296c0c3c3898b7c799c314ef6b006ea5da97946a2a41aa8a565a6b,True
15692,Pseudomonas_aeruginosa_ATCC_15692.pt,5653854,fad3ec70eb992b3237cad7561afdd4bc0c7d9e0ae430e4cb7f1a0e7b2f8d7c0f,True
15697,Bifidobacterium_longum_subsp_infantis_ATCC_15697.pt,4654569,eaa9ecb82b8f72143f86b7112df33e20e7053e494f1b1e6956d26a33f27f2c8d,True
15700,Bifidobacterium_breve_ATCC_15700.pt,3736921,920c532917858b785b5d4865873d59140319c2676abe0212578829692fa17b85,True
15703,Bifidobacterium_adolescentis_ATCC_15703.pt,3327420,d348d0913ad8cceb1798d331c483503d6ca8446f8c8c3238fe9348b3b725d489,True
15707,Bifidobacterium_longum_subsp_longum_ATCC_15707.pt,3900895,b90573091243876422aa1de85614cf05899cfce44cfa310731b1a36928907db1,True
15713,Pectobacterium_carotovorum_ATCC_15713.pt,7767474,a3b51abfa829b0f30baa2d7d6ba967513f09bbc635f0d6adf63253d1b83ac56f,True
15769,Mycobacterium_avium_subsp_avium_ATCC_15769.pt,4326859,a74821af18e3931d31fbac82872ab9c87edf83b274ae6e444069bd0249b613d3,True
15947,Edwardsiella_tarda_ATCC_15947.pt,5522762,40d9737b2a0bf12ee5269f0da068259adb42a9829a820bfdb5a2cbd1eb0a0db9,True
15955,Rhizobium_radiobacter_ATCC_15955.pt,4556121,685466eba54c5f00378d89509600fff805f177f509ef54ca64eabd9d946c0ff1,True
15987,Actinomyces_viscosus_ATCC_15987.pt,5211476,5f29ca00f515ee39130824408abb57e04be1738d0492289b638907b679bb2643,True
16404,Aspergillus_brasiliensis_ATCC_16404.pt,10667432,b1739063ba69db95f58f7deb8c423addb62426798ceeb22e11054c03fd0d0629,True
17616,Burkholderia_multivorans_ATCC_17616.pt,5653928,62f8184da0e86fe9a96d88ea78d8da3176e5aa723e8fb5f21a9d4f2313f2dc93,True
17749,Vibrio_alginolyticus_ATCC_17749.pt,5490004,f4e5888c288c49a7fdb5c5844054531ec407f7923e6818f8354636ea9a74e297,True
17765,Burkholderia_cepacia_ATCC_17765.pt,5686612,8739eb6a637827093fddf24793c4ed987abe037937cb0f42d683cc46ed4ad356,True
17802,Vibrio_parahaemolyticus_ATCC_17802.pt,5391779,5780e928bd817c83628b177a3d8e98aeced12d09a37d6968082f7139e3332dc1,True
17908,Acinetobacter_junii_ATCC_17908.pt,2491727,d6c81dc9b03702599dd9d72b26a6b4a86c46e24d02d3952fd071b79eb16b7772,True
17961,Acinetobacter_baumannii_ATCC_17961.pt,6522275,0bade4882345fdb7235977d354d2582cd021993cb6284851a9b6e03bb69e936d,True
17978,Acinetobacter_baumannii_ATCC_17978.pt,6407587,6a957eb667a18f3f52ee1c62d04935b165514adab64b7ece7d9c790b6fce0660,True
17981,Mycoplasma_hyorhinis_ATCC_17981.pt,1377620,127cdd244a23d352b0466071d0da63a19e0d5c8e5678ad1c00cc03a5c5089a12,True
17991,Serratia_marcescens_ATCC_17991.pt,7980367,8d2f888cce8b4febb045dbf0295b6a0812d7ba3a3fb5cf0e37ecbe5f5e7c10fe,True
18804,Candida_albicans_ATCC_18804.pt,4195648,01fd9dc9b1a9d94e4d9d187e3958ef878c15cdd70ce445732258314f0ec2da29,True
19108,Vibrio_sp_ATCC_19108.pt,5850333,7f15d0153d55c5616fe7acadfc3d6178bee6fc2b3540d2160f4fe1c818be5b2f,True
19111,Listeria_monocytogenes_ATCC_19111.pt,2475358,174dcf70479580e2a2e3d60f553562ce30a296792a18bb1dac32f06faacf1c4d,True
19112,Listeria_monocytogenes_ATCC_19112.pt,4883806,3e8863fa72d61e1a53f0ff2694a31582a3aab8e892e6ba526383d69ac1212b70,True
19113,Listeria_monocytogenes_ATCC_19113.pt,4736350,f782f9a4b84384c6a0cfda6d1ada7da74cccb9bc44a0b62f4dc4d9821fc65ffc,True
19114,Listeria_monocytogenes_ATCC_19114.pt,4883806,9e435e8435581bfc47d70630da4b35bd98193c4a4f3942668797f1eb5a10246f,True
19115,Listeria_monocytogenes_ATCC_19115.pt,4851038,e127c3ce435273924f679a3350adb15aebc1064ff2c6c47458666632fa129541,True
19118,Listeria_monocytogenes_ATCC_19118.pt,4834654,4e5ac3dd2eb1cfbde384b06526e2230e633749f49ffc6ca81bd447dac90f7911,True
19119,Listeria_ivanovii_subsp_ivanovii_ATCC_19119.pt,4785616,723f69234eccf9170e60d92a2b5120b3b6d2cff5d7f3784559a6ef8e54bd05da,True
19120,Listeria_grayi_ATCC_19120.pt,4179254,95e79d4211bc770c5fe06adb69784ab825842cf90399c16373db1b50fbb92a86,True
19213,Priestia_megaterium_ATCC_19213.pt,6866255,f9619d02f62098499ee8c7eff39920400ae67ef5f23b4688d256f26416a7d522,True
19257,Lactococcus_cremoris_ATCC_19257.pt,4015444,f6749451175aecebbadf83178ad3f8a9cecb1f7749789ca05063308b4d13b206,True
19264,Listonella_anguillarum_ATCC_19264.pt,5244254,a463b011bb4b29f91b8be2b6b884a95c8a4fafae9d542a02c7747254af91bdc8,True
19404,Clostridium_sporogenes_ATCC_19404.pt,6751582,57d27a9072b9cff1ad3af33f0927d9250d2a3b78f3efb61c82ef7a1ac641d1a3,True
19410,Corynebacterium_pseudotuberculosis_ATCC_19410.pt,3835354,5edf0f9987fcffd9534800a5be6c99b25bb219c3205c3df1f2380c28511bab10,True
19412,Corynebacterium_renale_ATCC_19412.pt,3835230,d612b9767a9aae91ab091e5650ef22d80bafc4e0730a0036e92308af3cbddbb8,True
19417,Glaesserella_parasuis_ATCC_19417.pt,4031833,b14cadf1dfc752f5cd6d36899dde893120514e437c0e886b6814c20a8c37994e,True
19418,Haemophilus_influenzae_ATCC_19418.pt,3048798,6e56e04f2c0dc2cf859535e3bf9a8380f985cfef4536cf8c3ac9d5648519c331,True
19420,Mycobacterium_smegmatis_ATCC_19420.pt,11453859,37a4303cc9a33a0cf8440d5d4dbeab631b42a559dd4b4ed94120481bc18c147c,True
19430,Salmonella_enterica_subsp_enterica_serovar_Typhi_ATCC_19430.pt,7554656,2c93cf329d9d843f9cd0b3da2711edd01ae343a3ef0d6818830b8d2c4b92b957,True
19432,Enterococcus_durans_ATCC_19432.pt,4801871,9c23f1dcee388a0cf734f1a9e3e176669ccd89fad44054f8425008d19050e829,True
19433,Enterococcus_faecalis_ATCC_19433.pt,4703577,f30f66715715f9d382ba76b99ee27c323cf5a0790b95a0f4ea6de95c76e6381c,True
19434,Enterococcus_faecium_ATCC_19434.pt,4146516,cc43ac6b17f6233d9fbef25c408237ac537f12046f0748bc80e8c49c2742de6f,True
19435,Lactococcus_lactis_subsp_lactis_ATCC_19435.pt,4130251,604cd6cb47d0288161697bfae35a530ce9f7e99daa6388086499f0f6f04daabe,True
19436,Streptococcus_uberis_ATCC_19436.pt,3245396,2c79464fefb58df5fbe41b73be2ec41b3b22cf29163f47b3139fc053033409d2,True
19606,Acinetobacter_baumannii_ATCC_19606.pt,6538659,f30431e66a4e3ffd16a7087d2973eb54b9c18ecbd0c53a7ed89c904af54152e5,True
19615,Streptococcus_pyogenes_ATCC_19615.pt,3032414,f36d00684e394164b110d4d4604b50773827cdd2c4013b7485aaf98021c831e4,True
19636,Staphylococcus_aureus_subsp_aureus_ATCC_19636.pt,4703706,0ee044f45bcf8fc02429de926e7fc491828d8c7f33be608403924690dfcf39a4,True
19659,Bacillus_spizizenii_ATCC_19659.pt,6636879,112b2b1686f1394a8734155a303765adfa03bf04b9c3df790b45e843f9166485,True
19660,Pseudomonas_aeruginosa_ATCC_19660.pt,11076958,9137bf7b267fac69fe2b46a8d0230394259350eaf2ab301a158bda24836ab4b3,True
19977,Mycobacterium_abscessus_ATCC_19977.pt,8308131,80a893cd085a94a6067cc7dacfd975a7ad43e4d72fc0b84a739b996e5f6703e2,True
2001,Candida_glabrata_ATCC_2001.pt,2458939,fa0e15c4df271898c68d81faa6fbe214abe606395578dd757c5df8a93d798898,True
200955,Candida_albicans_ATCC_200955.pt,3556677,9926649c1394a39cd890f94acfa8ed5c9dc3138f0dd9d21bdc59586cf063d746,True
204304,Aspergillus_flavus_ATCC_204304.pt,10667343,946593e367124deacd791d675e3a74486fc7a1e87ae749161ecec10ec141b1b4,True
204305,Aspergillus_fumigatus_ATCC_204305.pt,7849310,9133509a632d99ca26820c8caf4254178cdfa185cdab5b0b61c9bde3642b0e71,True
204508,Saccharomyces_cerevisiae_ATCC_204508.pt,2508205,b7c730f6ec87315663a9b93c7bcab5fb2bac7283ba908f0c428e33f637d30d28,True
20611,Aspergillus_fijiensis_ATCC_20611.pt,16450905,76bc3e4c8768bd32454abc6553fdcbc1f377ef3ef60243615d8a2006c87792b0,True
208821,Cryptococcus_neoformans_var_grubii_ATCC_208821.pt,3769823,3c2a425a86baede7f50eda36b227c872497146120dc9747bb5763aa262ce4c12,True
2091,Candida_albicans_ATCC_2091.pt,7324987,34c7a1735437f14239ac74582fd32be8a5d60cd47f6a1bb09b80d87efeffb685,True
21074,Serratia_marcescens_ATCC_21074.pt,8324431,6a6cfa3261c4d00dfc7a68b3de4e51b9a600f1d0cbcc5859d0135e2da42c2e93,True
21100,Proteus_mirabilis_ATCC_21100.pt,6440261,c58c5f6416e6278fc9253455e852c4b3932efd54937f3cc9eb059a8428edd678,True
21332,Bacillus_subtilis_ATCC_21332.pt,7030085,329b2769a2de6312c85b3351b5daef21522a1af18606a77403ba8f7db6d9b87b,True
21633,Streptoverticillium_verticillium_subsp_tsukushiense_ATCC_21633.pt,2786927,84e522511538f13da179de8b42b077752357271e2578c7a6369433cc1f8b070b,True
22019,Candida_parapsilosis_ATCC_22019.pt,4949332,9ea599cec882cf1044f8c0db4e52745e160996da83ea4aec7d641dc483e221a6,True
22342,Aspergillus_awamori_ATCC_22342.pt,5375311,2794b241ad79d526d4bc1b675914efd5bbc8f0b6f6b7bf46dfe4faa29c41638a,True
23055,Acinetobacter_calcoaceticus_ATCC_23055.pt,6473143,8ddd78f3feb324e4456778c188f969d2eb36cc50965bbbdf74e58a1f593f4f65,True
23272,Lactobacillus_reuteri_ATCC_23272.pt,3360089,261c2ac77852bd743b8314accd3efebeb94420888358eafa264103ac86e7b2e2,True
23355,Enterobacter_cloacae_subsp_cloacae_ATCC_23355.pt,7980506,cf260c978e552a68ce51cf857512e168dedca4354a246144e2d20742540f33ae,True
23356,Klebsiella_pneumoniae_subsp_pneumoniae_ATCC_23356.pt,8734190,20aaf1a6eee04c072be5f89e9bb534b7264d7b53ce1067a6319b9a8d36968cbd,True
23506,Escherichia_coli_ATCC_23506.pt,7865664,7b31d0d7cf351976333fd26b9f7262d758fea5a76a5b7c553f7fa8f60a8d5b65,True
23631,Escherichia_coli_ATCC_23631.pt,7587136,bfcc33bd7a1e3de5c748d56ffaa87587b1d9fb0b4f2c2b1d762bd49158f1e71e,True
23715,Yersinia_enterocolitica_subsp_enterocolitica_ATCC_23715.pt,7390796,a4635b75c1d3e3ffdab412cac9c3ff8d34a85744a5fd58195ac32247e15b47b3,True
23716,Escherichia_coli_ATCC_23716.pt,7390528,1539ff6d6b13b13b087e40a89b8876d20ea3fe2b825dec1087a9de6064b90e55,True
23724,Escherichia_coli_ATCC_23724.pt,5342528,da19a1746211da4c4e79679dcd1e412d00121424393492bb159676db1dbea7f4,True
23726,Fusobacterium_nucleatum_subsp_nucleatum_ATCC_23726.pt,3769843,214315d7b119d223c9c12bfb8043e57f0162e003228719a769bbd12ee49b8855,True
23842,Bacillus_amyloliquefaciens_ATCC_23842.pt,6571442,f41110749f7a986f581347874ac293fe7e6ce7a1557efc9c38fc19614f8db20b,True
23857,Bacillus_subtilis_ATCC_23857.pt,6915397,121c48cb3483289329d7676d5747b10199d38cb4bd4a8ecaff117026272c9649,True
24433,Candida_albicans_ATCC_24433.pt,5227840,8fccd2d262c89c4e26295b347fc38c1fd2b05357b0a3c42870083283648f0697,True
2512,Kluyveromyces_marxianus_ATCC_2512.pt,6047070,215658e7e4b7c707637d1b239320a6811c7fa97687c499d222595a84efbb73d7,True
25175,Streptococcus_mutans_ATCC_25175.pt,3310932,e11577f744d12ae6e344d1b4d2ab106bc1b8b3d07dbe25f452daba28f70e5bed,True
25177,Mycobacterium_tuberculosis_ATCC_25177.pt,1623474,16b598d825b6fa68b89576c3b4a914e99792af4bbb0aa1d8541cc6fd270d58aa,True
25238,Moraxella_catarrhalis_ATCC_25238.pt,3130713,225bd938f8812e4bdbc00878435a1b7bae73843810f32f520f2e1ab0c9556741,True
25258,Lactobacillus_jensenii_ATCC_25258.pt,2737502,1baca2ec2a2eeb911c2721af67100f82ffa8e82eb0b1940ffacf40177ec898f4,True
25285,Bacteroides_fragilis_ATCC_25285.pt,4916564,1472728bfeedcd7e8d3cc93993955ce5ffb331cb3b8257a1aab34a2b11498a0c,True
25401,Listeria_grayi_ATCC_25401.pt,3949878,9927aafbff33e599b18ebc41c0a7bc10eaa3c7da6cc25054080292d048e87bda,True
25404,Escherichia_coli_ATCC_25404.pt,7587136,975b986b0bc84024bba5a0510ab44f18871d023f519dca0bd13535d535fd114a,True
25416,Burkholderia_cepacia_ATCC_25416.pt,6194516,8ada43e24cea0a9a7ac6edf99cb93d18bf1b73c0915d0a500567797183ffd479,True
25586,Fusobacterium_nucleatum_subsp_nucleatum_ATCC_25586.pt,3573235,9441d3e3c572353105d2e2b86d1a759afa27ff429205a259b69c2dbf6676df0b,True
25619,Pseudomonas_aeruginosa_ATCC_25619.pt,10356062,7a67db38824b4dac7042ae75e86c62c30131bd738aafeb78a98374f346ebb82c,True
25668,Pseudomonas_aeruginosa_ATCC_25668.pt,11470174,aa1ebce85b3b8a86c50d025aedd7423be6b46c373f3346fd0872171907672c32,True
25759,Romboutsia_lituseburensis_ATCC_25759.pt,6210989,58a94073e0129558aa0e3b47284544250484c3a0a0a0ad9f69ccf2d17a41ab27,True
25873,Vibrio_cholerae_ATCC_25873.pt,4654395,776886c71812ca4a668e7f11c17c73636ac75468e784ddaa3d6da6b9102026f7,True
25904,Staphylococcus_aureus_ATCC_25904.pt,4736345,145232f28dc61e5a07c0ef5d04175ec434fda8ba749339ee3dcad1ad7b414e4a,True
25922,Escherichia_coli_ATCC_25922.pt,8422720,6c5cf6b5f3cd18798ec82bfc4b77aedc7feb230d197ba57373b7eb09125833e2,True
25923,Staphylococcus_aureus_ATCC_25923.pt,4556121,7fea3a288c9faa7780bcba77db58b31d7cd2bcaee0e1ff1073e06fbeddd3fbf9,True
25927,Obesumbacterium_proteus_ATCC_25927.pt,7800227,db23dde983c679b520377dd42932ec58a2cd89d38eedd217925f0d3c07f935e0,True
25929,Shigella_flexneri_ATCC_25929.pt,7390533,4d2346e6b8e161399c1ad55112ec90f95343ffaec214e40356be375fd52653c6,True
25931,Shigella_sonnei_ATCC_25931.pt,8045883,49691edc06813d4c384b377fd6ca1848956101762416d8025c2f02d22179c567,True
25933,Proteus_mirabilis_ATCC_25933.pt,6718789,9880e76aa6f766ede88f2f1f3155566315c196f1894703a78f3a7424250c59eb,True
25975,Streptococcus_salivarius_subsp_salivarius_ATCC_25975.pt,3606013,0bc4d50c200e507cf2d02480c36f65707c23d416bb52aa70cb74d647668ed130,True
2601,Saccharomyces_kudriavzevii_ATCC_2601.pt,2393517,3e7bc758c4cc67d8cb5e59a015d60d0c57730d58a2ff1e6302944229739884ce,True
27270,Enterococcus_faecium_ATCC_27270.pt,2245972,40e024ad7f69bdf11dc34ea9057aba506aeb0eb175eb7f0fefd411ee2a815340,True
27294,Mycobacterium_tuberculosis_subsp_tuberculosis_ATCC_27294.pt,1705553,ce99ed15fcff1c1d1554e951af8ae0e6ce26dee5fe7642b54395835fc4e37572,True
27325,Escherichia_coli_ATCC_27325.pt,7619904,50e0c7c51b2a2d8512bbdfd00b08455bbef7c2e7eef594e80a8241da62a58163,True
27336,Streptococcus_pneumoniae_ATCC_27336.pt,3196328,ac8357ee6c0196ee4d9dab6a3b596d57a0f4a074aed7fd3d02b79f27b6f6e026,True
27352,Streptococcus_sobrinus_ATCC_27352.pt,3523934,9fd6d814e5fba4828c3d680ec28ed18b6cff4ce658d8cb429435ae77dea9e944,True
274,Serratia_marcescens_ATCC_274.pt,8439109,61265a444b320e9d9058cb2d6e5f9d77804d03add26eafd15b1d4facd55f0247,True
27562,Vibrio_vulnificus_ATCC_27562.pt,5424453,72b956f80cfd269e76df18ed4fae4549681716c8195dcd2b5db826dac2312bec,True
27660,Staphylococcus_aureus_ATCC_27660.pt,1951065,9e4960082fed46d00ad5ab04678e32b5c36c3f97248561497320c928fe16f25d,True
27698,Staphylococcus_aureus_subsp_aureus_ATCC_27698.pt,4621786,302ce6e759ce26ca218816c71d0748ac0f5acd459e691d6c98999638ff91e6d7,True
27725,Fusobacterium_varium_ATCC_27725.pt,5424468,02795e2eed6a462ebdc3203428a4a0d1b166f5b0d123e937e36b212b1941fd2c,True
27736,Klebsiella_pneumoniae_subsp_pneumoniae_ATCC_27736.pt,8324590,49da4d3620107b727bfbcdace64c7d7f7e9518543d971b629153e0ea4c6044c9,True
27756,Ruminococcus_torques_ATCC_27756.pt,4408660,584b024ffde154bed8442a04c327d2d6e16db2803c22f33122b2625452fc783c,True
27757,Clostridium_nexile_ATCC_27757.pt,5981514,799c8d150d66ec963d90ff0aca4190510759fc8867e5282ec48793b0ef15d8d8,True
27799,Klebsiella_pneumoniae_subsp_pneumoniae_ATCC_27799.pt,8832494,8e4180796e8b8e6e62803860703459f014c5c8b9e0ebc52d5290fa1a6b734431,True
27844,Staphylococcus_hominis_subsp_hominis_ATCC_27844.pt,3655140,274c19ebdd466e6249729fcaaa8dbc3d88ce7cb9f833b0cffacfeb13fb2f7bb2,True
27848,Staphylococcus_simulans_ATCC_27848.pt,4539811,b586141d11fd8e673cfd668bd7de3f282a784eb272952fc9f8bc19f99d2f7f71,True
27853,Pseudomonas_aeruginosa_ATCC_27853.pt,11208030,1d8c1fff324555b373802211d7be8776bb289ba44aa5c39aa3d439791ada0c95,True
27883,Pasteurella_aerogenes_ATCC_27883.pt,3704153,c5c1310ddf4796171865677862eee4f78a0e782f9f3d52573112b55cc6674022,True
27956,Streptococcus_agalactiae_ATCC_27956.pt,3622312,1235dd867a964366ca7a45397bf432e6dbaac6c67f7930e83dcd97d18c1e8d2a,True
27957,Streptococcus_dysgalactiae_subsp_dysgalactiae_ATCC_27957.pt,3524177,0d07043c7bdea146d947ebec3ecf99fb22a0ba5408628579f8422e08a6c53046,True
28146,Trichophyton_mentagrophytes_ATCC_28146.pt,4769207,1494dc679f3fd0aed640023e8adba7c41290922cea98d9a8be76742027f735d5,True
28188,Trichophyton_rubrum_ATCC_28188.pt,6669647,70d6599e88fc0cb6837e15f6b8811f462cc5850351415a52a1b55d71c1161673,True
28870,Candida_krusei_ATCC_28870.pt,3999030,6c2071af9a2b54148bf85bb21dc2903833149bc8a325a32a27d2e21d1956603d,True
29062,Mammaliicoccus_sciuri_ATCC_29062.pt,4621657,cf69042b2f975eecc4c9382244927a942af81dd5cb0a7e6ab667364e51ece157,True
29149,Ruminococcus_gnavus_ATCC_29149.pt,5784911,cb120c56c245b8a547ee340e3343e7a621ffd9b2e20e7f89ee52ac4bce16c01a,True
29178,Streptococcus_iniae_ATCC_29178.pt,3605839,f48d3aa7a0f2a9670e02191302fbafdb899b4c0b647b719f3aa328cbf01a0080,True
29212,Enterococcus_faecalis_ATCC_29212.pt,4834649,433cf3d1b605015f605c005b9b76069dcfd717f7c9eb2be397138e58a6e54a6d,True
29213,Staphylococcus_aureus_ATCC_29213.pt,4539737,561fae6de0b0082778fb82d6a3583ef40e92fda779a2555301e4ac572b12c77d,True
29236,Blautia_coccoides_ATCC_29236.pt,9995589,e2281589b1b6b148176c14a4c14760e35e8f1668f9eaea9e6ae2dbc133d123fa,True
29260,Pseudomonas_aeruginosa_ATCC_29260.pt,11126110,c1f14d55636a0d9bfd6bb5a45d5621fb911605a9dbc62a8f2d46d7eed4ef24b7,True
29307,Vibrio_vulnificus_ATCC_29307.pt,5342533,4048f927f52369b04721c6f602ff0ed9f946ef23fe81814ff8cc86e9684908ab,True
29399,Cutibacterium_acnes_ATCC_29399.pt,4097359,13f7037619eefe6d2399983d17c3676db564dd20aac536a3ee01b5431dce95b9,True
29473,Yersinia_ruckeri_ATCC_29473.pt,5915968,c8c7bdfee4ff7e47a95bc0cbcaa497999b94c4cfe46348bf6b8a7645f3fea862,True
29522,Aggregatibacter_actinomycetemcomitans_ATCC_29522.pt,3540457,5a35b0de713bb06fdb8a980010e2e00fb6f192b4f20a41576a63abd9c0337a2f,True
29523,Aggregatibacter_actinomycetemcomitans_ATCC_29523.pt,3802601,91ff32066cd9d649666d1d7de6b977014eb35c5cbd7a78c0eba752812b490fd7,True
29544,Cronobacter_sakazakii_ATCC_29544.pt,7390553,7f1182337f38da1b1b21872b9f8a47727924a7803d901d0bebf0b63431278c73,True
29629,Salmonella_enterica_subsp_enterica_serovar_Typhimurium_ATCC_29629.pt,7882366,b0a27f739fe738d7d26106463564f1344fcf90be1e96da6939101b0324bf589e,True
29665,Klebsiella_pneumoniae_subsp_pneumoniae_ATCC_29665.pt,8619502,29427f1f15effe8736164ddb56a4d757b312d83af60800f867dd0b94543bfa93,True
29737,Staphylococcus_aureus_ATCC_29737.pt,4556121,2877cca6cd6192990b03c76220e23cf976e96dff3079611b2a93ed77ff09c1e7,True
29741,Bacteroides_thetaiotaomicron_ATCC_29741.pt,10094012,077943b75c0bf2ff007fae49aae28b76a62e8994abec3f266d5a9cfa5ea58ad7,True
29743,Peptoniphilus_asaccharolyticus_ATCC_29743.pt,3360198,3b1fe3fa56f59937deae3cc400647ad50955a02c2031212dfb6ac355ef34b589,True
29771,Bacteroides_fragilis_ATCC_29771.pt,5506388,1d4e335262cad96adc77e2441bde6f3f89a399f4e98a60b0fc0dae81ac4d8f4b,True
29853,Morganella_morganii_subsp_morganii_ATCC_29853.pt,6391258,990efb510cae2d9a9c9a301ec30f19e14cc56dad1c6a12275334c70d5970ec95,True
29887,Staphylococcus_epidermidis_ATCC_29887.pt,4015538,bb2dfa7866b927b0caebb7273db1edf37e65afd20c32c6c451d1b47bdf4a9861,True
29903,Shigella_flexneri_ATCC_29903.pt,7619909,9e4431fd7da1dcce0073df324ef667c2f1b9561cf988a3e796ea0ec1864b46d1,True
29905,Proteus_vulgaris_ATCC_29905.pt,6440256,5d489d0919d9633600787c1edab6baa2c6db42930cc3385c139aead898355b52,True
29906,Proteus_mirabilis_ATCC_29906.pt,6653253,37a61a9d94884f13dd3302f41601e8c6154ce499d9c45ab50db9992711ad63ad,True
29930,Shigella_sonnei_ATCC_29930.pt,8160571,58677243231dec8dd5db7ed9f14a88a3152202b782ffa13d9c51298889e6ce6e,True
29934,Salmonella_enterica_subsp_diarizonae_ATCC_29934.pt,5883364,946e04e7bb69b32fa36e6d6a8743176a5c2741e599d0d629867584b2c0f0bf71,True
29970,Staphylococcus_haemolyticus_ATCC_29970.pt,4130231,03cf9db3a7c22e88188594fbf3047a8d3375ba2c2a5f06d88ca90d85a64b4d51,True
29971,Staphylococcus_xylosus_ATCC_29971.pt,4523358,5fd016c3edf86a664f0d6715f17a8f0d072e9b7760f92d881705ddab7db83b59,True
31532,Chromobacterium_subtsugae_ATCC_31532.pt,7554477,338781b00827ac466184d3e8cb9f600823fd1919354475f1e5d4fee4740f74a2,True
31616,Escherichia_coli_ATCC_31616.pt,7636288,064e3e8f99a999b69740546ef5685228112ba348e58bf4abeee0911ff8fe3c7b,True
31898,Raoultella_ornithinolytica_ATCC_31898.pt,9029042,4a42607d08ac1df9dcdcca9400262f3a430362098a4300481ed9bc3efb108679,True
33072,Lelliottia_amnigena_ATCC_33072.pt,7325007,a8d74d0779044ec1084714a4daa9374e37ae1725d2e55ef6311627481b536cb3,True
3308,Nocardia_farcinica_ATCC_3308.pt,9061701,7be60d3eecdc58223b7be3f1a706abd93b134cfb8d523b55c987afef40aa8e99,True
33090,Listeria_innocua_ATCC_33090.pt,4572480,c5c299b7fa62dfa6b52a8fee64714509b7f142bc22a5eb1d64c3cce87d63f845,True
33125,Vibrio_splendidus_ATCC_33125.pt,6358341,df7616fcebeba79739d166c7e316404063983c2ee2bff033a6944963eded560f,True
33155,Legionella_pneumophila_subsp_pneumophila_ATCC_33155.pt,5670392,f343bfd3ebbeac2358dff438491dab0e55e2172096275c74a37b2ac0b21483a5,True
33179,Cutibacterium_acnes_ATCC_33179.pt,4097359,577da865f3a7e0910e7c099bb40f91cf9189f924b2f66fac811e0f15e22710e9,True
33186,Enterococcus_faecalis_ATCC_33186.pt,4572505,24b8fcb2265140f2b107da91536708d6fe66c1db71dabb342d94959f69fb9604,True
33202,Edwardsiella_ictaluri_ATCC_33202.pt,6276441,3125e23d11a9bee2bcc419a5087d08a84ae7b2cddd6aeefc27029c3f6a318a1b,True
33215,Legionella_pneumophila_subsp_pneumophila_ATCC_33215.pt,5621240,cd35ca27cc072402ecc0525deee0ddd2fe4e588e78a44a5d952a544bfa913d80,True
33216,Legionella_pneumophila_subsp_fraseri_ATCC_33216.pt,5752292,0576b7a4533c1253971858cac04074d065c986dd694213ffa24c2c48b85bf417,True
33217,Legionella_bozemanae_ATCC_33217.pt,6374740,c14839cf0dcb5dc95374705a39df42c7340cbcb02fffbeee4921955aae8d0624,True
33218,Legionella_micdadei_ATCC_33218.pt,5440847,d2f24d8b89823049170e0b93d214953ec5787aca29ff2f52e066c9a50c5ada70,True
33257,Raoultella_terrigena_ATCC_33257.pt,9143636,8c185df2b19bb59438d1eb3ea0dc5e436359700b09bd12af05b1c1109c76d7fc,True
33270,Parvimonas_micra_ATCC_33270.pt,2753856,c5e8fb318720ec43e0b83bdefdc4fa90275590b9a1fb0d95dce91c90d44f753f,True
33277,Porphyromonas_gingivalis_ATCC_33277.pt,3933608,d97a0011a41d011c948521ca18989059d119669d047e76cf22040fe80ccff5e1,True
33279,Legionella_dumoffii_ATCC_33279.pt,6063439,7b8a91a4183d97498a27d26495d65a2013b1335c372b79e6279060638d72fad1,True
33291,Campylobacter_jejuni_subsp_jejuni_ATCC_33291.pt,2655701,728d735a81adae9ea2abeacceb4fa2391fd747efdf2f8b2e497fa8f6def505fb,True
33292,Campylobacter_jejuni_subsp_jejuni_ATCC_33292.pt,2786773,c2142f1ed004acc922146894c163344eecfa2d579ad650bac0ce729a75a89127,True
33304,Acinetobacter_baylyi_ATCC_33304.pt,5997908,4bb62ef9194f9dc71d74e637df046604c5c9153caca3dc22be8db7f747a63abc,True
33323,Lactobacillus_gasseri_ATCC_33323.pt,3048793,ac467262d04d1f9ea27404fc9fc5fb458c1f2bafdd854e087043b54d03a082f5,True
334,Lacticaseibacillus_paracasei_ATCC_334.pt,4752818,0592331a1d938f46ed862bbf7c8457a434590063683dfe560708aa2c86f2895e,True
33400,Streptococcus_pneumoniae_ATCC_33400.pt,3442088,70b678e141fdf69dbd977fe4e98fa0624ae83bce51b6c4e935ab3060dfdad9b3,True
33478,Streptococcus_sobrinus_ATCC_33478.pt,3605854,a1c1152a6f2414320ca305db41ab09350294b3412ac95f1c086efae35248be77,True
33484,Legionella_longbeachae_ATCC_33484.pt,6620510,3bc69e4b61c9eded06c11cfd7b1621223efbf6572ccf2cda5e555fded2c3ea88,True
33495,Klebsiella_pneumoniae_subsp_pneumoniae_ATCC_33495.pt,4638190,3fd9403b9ddc5820e92788a341a906475675b2758211b54a511ae4d179919c1d,True
33591,Staphylococcus_aureus_ATCC_33591.pt,4719961,8a21f4335503d463f23f2875e4435958cd0e2ef7d8fd7a12ec1ffeea3f86cae9,True
33592,Staphylococcus_aureus_ATCC_33592.pt,4769113,1edef6b65622cd692cc2c9bf228fab477d2795a9bea69dfac2e1f3483606f541,True
33593,Staphylococcus_aureus_ATCC_33593.pt,4687193,7c6d444e34969a9ea38e10201d092903c805be7c7b05ab82f37f75f65f874339,True
33658,Aeromonas_salmonicida_subsp_salmonicida_ATCC_33658.pt,7783923,a71773891061755ee3f71ee693140ce5eaab4b36be45281840cbb4a4fd8a0695,True
33761,Legionella_oakridgensis_ATCC_33761.pt,4474275,8f0543804bd669f8c78dc71c9a7bb65223f7b5164a26efaec6664b6ad49826b3,True
33809,Vibrio_fluvialis_ATCC_33809.pt,5178688,7bad1044fdd324a8c512e51ee7dab27aeb4e072f098088a92b1a86b20802ebef,True
33820,Lactobacillus_crispatus_ATCC_33820.pt,3671395,43bd21d9e83e04bf5e8f62795177cbff4766279edb60dc1410bea07ce30c881e,True
33840,Vibrio_diabolicus_ATCC_33840.pt,5375301,61aeb1d422358d15cccaebfe0c36a7d64af06ee3409f9a3effef02c1154bbcd3,True
33847,Vibrio_parahaemolyticus_ATCC_33847.pt,4736419,2bb490f841c54518e10deb41b49cb2837a0f35f0b2bc3ff21e15d3c3f0e6112b,True
34438,Ogataea_polymorpha_ATCC_34438.pt,2508106,9ee27dc5eea44deb27bc289091673f0133ae60d7b50ac584d2606d64ee6060fb,True
34449,Candida_lusitaniae_ATCC_34449.pt,4539722,b7b03327b47f7a3094fa17fdec52f5e1db1247ea4a9f5f74e1edb6985309f8bc,True
35029,Klebsiella_aerogenes_ATCC_35029.pt,8668500,05e56bb0d28f07d195cbe4e0a289ab8b0c287ee92f080bc94ac1c3e03706d3d3,True
35030,Enterobacter_cloacae_subsp_cloacae_ATCC_35030.pt,7800282,ca37454c2636a990f467e20a2ea96488997fabde5f3d6c70be00903d8d386f15,True
35032,Pseudomonas_aeruginosa_ATCC_35032.pt,11257182,e3a4ebd5c4d5ecc0be642162cf9c766435a39d46f637dd2db2f424002c64b208,True
35037,Streptococcus_oralis_ATCC_35037.pt,3179860,23d45b3a86526b718dcc0b3dc71894e21d0b27033f4cbf7dc6899f57a59f3d07,True
35072,Legionella_feeleii_ATCC_35072.pt,5670218,be815f76d45c7db116a7971bb1aa77e2fc985fe99a7a222c8046845ae536c457,True
35105,Streptococcus_gordonii_ATCC_35105.pt,3605854,2023e12095f74cbca36384295aa1f35ea4cca686337dfc8f14d2c3ac363151dc,True
35150,Escherichia_coli_ATCC_35150.pt,8930624,6fa945a016f530a6174187ec7e128b6bc9abd57fd29b99e2147095c0a2a1198e,True
35151,Pseudomonas_aeruginosa_ATCC_35151.pt,10601822,2a360902a1d7e359850ebc252b67fc2e02b18829106028a18ac4b6257e9e8316,True
35152,Listeria_monocytogenes_ATCC_35152.pt,4769118,3a46ff47487adf62931162878fac7142d625499f451cecafb5549bd8f722d115,True
35218,Escherichia_coli_ATCC_35218.pt,8389952,69990ff00bb5d04c84449c7e2a91021884983f2de11f15ba59fe4187935a393f,True
35556,Staphylococcus_aureus_ATCC_35556.pt,4572505,032dacf59b9a265cfa7b86c38b45efa5cac3383e3ad86ac7b5ba079f90b18227,True
35624,Aeromonas_veronii_ATCC_35624.pt,7537989,221fc447b03502d3ae2cc758eed5a09f0ba15bdcd57c382baac2e2a5c3ed01d0,True
35654,Aeromonas_hydrophila_ATCC_35654.pt,7767380,a0bec5684cb539fca3c4c9624041fb6eeeee7ab61942ffc5937edf4b16bfcf76,True
35657,Klebsiella_pneumoniae_subsp_pneumoniae_ATCC_35657.pt,8570350,77ec6feb3cfd541598effbd7789dcf6812d59594c90e29ea33c2a3f01b63281e,True
35659,Proteus_mirabilis_ATCC_35659.pt,6489413,ef9868f47942a2849d385d1ba581f40e95862ddf0f94c60a778d193eaf0c50e6,True
35667,Enterococcus_faecium_ATCC_35667.pt,4015444,954453beb947703a4b26d8ebdf35446f02eb4daae0cdecd01c10a149f59245e7,True
35668,Streptococcus_mutans_ATCC_35668.pt,3294548,11b01e364d31df0a4e5e4f849a65bc20aeff2db164d5371f80500fc0678951f3,True
35734,Mycobacterium_tuberculosis_variant_bovis_BCG_ATCC_35734.pt,7128652,fdd15664e69a01deab1d67fc771c55011aa90dc619e187275900453ffa15a552,True
35752,Mycobacterium_chelonae_ATCC_35752.pt,4162910,fed77b7d704e2f5dcb8adf183ae9b84ee99018328ba376aa7d1f7be8c82887f4,True
35822,Mycobacterium_tuberculosis_ATCC_35822.pt,7161266,11f8a173a67dab7a3541f9af10509a733e0e37c136a55f9ac8ccac057c5a40ad,True
35838,Mycobacterium_tuberculosis_ATCC_35838.pt,4359602,0030ccf244ccaacf472d0ddac777156dc8c4f13744924adb92e1e72bd439e12b,True
35897,Listeria_welshimeri_ATCC_35897.pt,4621647,c707f847a8eaceaba5a9a4ebd0811f2eaa444af2015c9a610a7d826c9a09c31d,True
35937,Xanthomonas_vesicatoria_ATCC_35937.pt,6309283,70b19f21db218d8d6fd1b71446fdf6dfc95a5b65b808fe69ba6643350b355c07,True
35967,Listeria_seeligeri_ATCC_35967.pt,4064586,7486f92b537693cbf6acac70a68833bea51d96eb134d99f0be7ab898cc178994,True
35983,Staphylococcus_epidermidis_ATCC_35983.pt,4244914,de40efc9979faa3fb64b95e4a0609919af5295f20428575fbbf093eec10bda19,True
35984,Staphylococcus_epidermidis_ATCC_35984.pt,4294066,65c669af834b27d94b3d8a8ed2cbb812a89cc0dcc68bd0e4e972f66eed25c312,True
36031,Fusarium_keratoplasticum_ATCC_36031.pt,10765736,97e3bdcfe2ee20edf3f0d22baaab97de3e4ec1c2e0b4035620f7fcb3edebf9d2,True
3624,Clostridium_perfringens_ATCC_3624.pt,5326174,50e41fe0acec25199ab96574e1dee951bebfd498980bde970a56fd9b535c388e,True
3626,Clostridium_perfringens_ATCC_3626.pt,5735774,67380d7625417485ab50918d08ec6bb61b697f3288bdfd72bb493bbbca34a3c8,True
373,Corynebacterium_xerosis_ATCC_373.pt,4425049,af01b59b7fb7c28a7217acd8235fa890787c7f719c94343e9029cb281615d541,True
39006,Serratia_sp_ATCC_39006.pt,8144167,552283b7322a3f66424d822e05c186fb84ca577405b814bfa4fa28f0f11d82c2,True
39183,Salmonella_enterica_subsp_enterica_ATCC_39183.pt,8046042,22493c4d37363473ce3a057df72ebf30560cbc3bf73e959d42a3394678a77671,True
393,Lacticaseibacillus_casei_ATCC_393.pt,4834654,1e42f2ff5b47f0da7fe3db4ece9f70891c6b3b84306fad9fb08424915b72da4e,True
4157,Escherichia_coli_ATCC_4157.pt,8357179,310b0dd5a1e4603de04539c390b1ef7b5ca3a61239449ce83110d4dbba87b0cf,True
42132,Malassezia_sympodialis_ATCC_42132.pt,2475358,aab34f352a9ac90044ffbc310cbad41467ba5fde924a26901d58f975f16e2e34,True
43069,Neisseria_gonorrhoeae_ATCC_43069.pt,3655001,57ff0beccc5dbdc696576eb13e9613180cc324a6f01d4c9e49bd8b0a6706879f,True
43078,Streptococcus_dysgalactiae_subsp_dysgalactiae_ATCC_43078.pt,3524177,67dc0743cf7d5a3c517a2c58866ac413696576b7a3e86eaca60c2453f9c7febf,True
43079,Streptococcus_equi_subsp_zooepidemicus_ATCC_43079.pt,3442158,e514edcef55819454898f8b6930799d581e5ebfefff133e15cad6b65bce39e00,True
43086,Klebsiella_michiganensis_ATCC_43086.pt,9520552,87fb9ceb3f929d5a67af52b158065882da5410576f1d6464096f333d72a2b662,True
43137,Pasteurella_multocida_subsp_multocida_ATCC_43137.pt,3737065,210864975b74c2687c65ba1d875e02a67185cfbb87e90e7efe38e8c2112dccfe,True
43255,Clostridioides_difficile_ATCC_43255.pt,6030760,8d3b9e9159cad2348bd2e0bd8fe2ff44f2fea780ebfa990276b0b42c4059d04a,True
43300,Staphylococcus_aureus_ATCC_43300.pt,4752729,7ea05c00c28c79cc4d0fe41a22124d7db1da44774621f036d42382776eb9de9d,True
4342,Bacillus_tropicus_ATCC_4342.pt,8635712,7cbc674d3a9ab81d1ecab0ba42c34f070d564c040a5e0e4b9bd4e56e41da3e58,True
43504,Helicobacter_pylori_ATCC_43504.pt,2770255,f8a55969527f09a650afc17e7641bc45696cd2618e19caf3cf9d402e4e327ce1,True
43526,Helicobacter_pylori_ATCC_43526.pt,2770255,7dbbe5cd9799f0e0316c1d67664d1b1ef8222f9d27dee777899d3abafb837922,True
4356,Lactobacillus_acidophilus_ATCC_4356.pt,3245480,5bba6136355c8fd40a9ee56448011201303d3d932c42570a9cac2d74408a5767,True
43598,Clostridioides_difficile_ATCC_43598.pt,6849960,e1853abf3c573856642da66e35f250e8fab5139cbe4740f1bcb2ab09fa96304b,True
43629,Helicobacter_pylori_ATCC_43629.pt,2786639,47d6853a52dce51e14381482652f9ef3ada3f62df6611e6f7da43297c6c1284b,True
43809,Staphylococcus_lugdunensis_ATCC_43809.pt,4179378,4641a2a88538281f990eb47b99a0113ab389a49c8a6c31c14e786f2f5f00ae1e,True
43816,Klebsiella_pneumoniae_subsp_pneumoniae_ATCC_43816.pt,8799726,b358d14902f529eb635fc7af1a6c111af70b60462653edb78d1b04f569dee704,True
43827,Escherichia_coli_ATCC_43827.pt,8045888,6e544cf2b57c7a3ebb2ed05028e18bfdf5aba824d9e08d09debfeff83ce25152,True
43894,Escherichia_coli_ATCC_43894.pt,5768512,c8f1482ea195342f32f41e9fd18bb8b7c260d83280ff5e2f50cc816451e668e1,True
43895,Escherichia_coli_ATCC_43895.pt,7324992,64cf961496b58990f524302a0e9f6b794cbbe9e3160564228f2fe9ba534ddabe,True
43971,Salmonella_enterica_subsp_enterica_serovar_Typhimurium_ATCC_43971.pt,7865982,805a0c68725cffed227dc705ad85309b8c2b82886b7ff89178732ed281ea51fd,True
43979,Aeromonas_sobria_ATCC_43979.pt,7849280,08ada828a169d78e19e220c725311a1dc01b62b27aea98328d4054107a18cde3,True
4698,Micrococcus_luteus_ATCC_4698.pt,2770245,9fdf266cd01e320b034948dda790cb0cc971c3c348eef487e2116a072eb1d61c,True
47076,Escherichia_coli_ATCC_47076.pt,7603520,b182f209dff49af604a0ee20634e8c1dde3d15200a49026be6ced78d9d2e16f8,True
47077,Enterococcus_faecalis_ATCC_47077.pt,4490585,9130ba37fb752c5ee9827d787c3fded2d4d5ab7777ef10a0086204e91356fc4b,True
47085,Pseudomonas_aeruginosa_ATCC_47085.pt,10290526,63c0f45005a82219bd3d18887ce92195cc8ec0b76d4dd248106e27cdcbd06c7b,True
4875,Acidipropionibacterium_acidipropionici_ATCC_4875.pt,5998057,0a268f9b7b6d4ae91d0fe892a20367fbdeb176b676ff2b71c15fd06d754a01d9,True
49025,Alicyclobacillus_acidoterrestris_ATCC_49025.pt,6931920,5db315c676f23375c3f1758a1edcecf4c80c13fd4e872c99ce066aaa0b269074,True
49046,Prevotella_intermedia_ATCC_49046.pt,3392857,8f06acf7f830c9d274c43df76514d6a455a742883f296873a0ad16dad01603df,True
49064,Bacillus_cereus_ATCC_49064.pt,8766779,0252db72f70025a8d7896cf526294e9cff48fde891267d2019093637d97af50b,True
49128,Pseudomonas_putida_ATCC_49128.pt,9979210,2ccfccc4dd4802ae369f1207e363bcab2c34e61ba96f1b365c324358a7b7c043,True
49131,Klebsiella_oxytoca_ATCC_49131.pt,9618762,60df398afd49bd4ecd9cab8e99b1c3bbdb24323946c1e2576473c6f2e00388f9,True
49132,Proteus_vulgaris_ATCC_49132.pt,6554944,17700176dfd7079f3f7465338c179b626e6273a960e02380048b119d30a574c1,True
49138,Shewanella_haliotis_ATCC_49138.pt,7963983,e9cdf609d371338c4962c2a4eefe9b5763e23bfc6c6746f9b37d3ebb24c94beb,True
49140,Aeromonas_hydrophila_ATCC_49140.pt,8013140,741b1a9f74e647fed50d0a3a713d667d7de3ba15c26c1f3f4d4e1435744d00dc,True
49141,Enterobacter_ludwigii_ATCC_49141.pt,7914841,fa40ede1202118437bd7e535f66178df7002deaca2b39a34424684eaaef520b8,True
49145,Gardnerella_vaginalis_ATCC_49145.pt,2819417,e18d07da0de03d3d35fbe12e4a27e7b68d9ec10f522bbe239b164b8e940ca904,True
49147,Streptococcus_gallolyticus_ATCC_49147.pt,3950002,17872d0c14fd021b509c03526b383a2847321e139862850740292212be7cd39f,True
49226,Neisseria_gonorrhoeae_ATCC_49226.pt,3556697,56f4dddb6079f660fa43487e07e1ce635181105fd95e1cd348ee970c12c45d90,True
49230,Staphylococcus_aureus_subsp_aureus_ATCC_49230.pt,4589018,2c9a9ffa526d32be2003478a11f71ff0c066b90e34e53b8421b5ce48f8093dc6,True
49247,Haemophilus_influenzae_ATCC_49247.pt,3065182,ebeeac4ebcda4451e1c1f65fe95073c7ba5d1ad283a001baa0058837ffdd2815,True
49256,Fusobacterium_nucleatum_subsp_vincentii_ATCC_49256.pt,3589619,fd5cf418c66bc940d5a0ad1d7adadf45235ce5851bf6ff5df2ce370240dec38e,True
49399,Streptococcus_pyogenes_ATCC_49399.pt,3097950,3cddac8a200c5894af8d2114b74a696213eb78337977e752fe240dbcc538b44a,True
49417,Porphyromonas_gingivalis_ATCC_49417.pt,4146600,6f0ee63976bb45942dd1d79489fde14ef341ed1916985ed765e9e5adea7848db,True
49453,Staphylococcus_saprophyticus_ATCC_49453.pt,4163004,bc3d8de6d09fa5d567e402cc7d03ddbb83c7f92dc362f166cb5c1482af134f3b,True
49454,Staphylococcus_warneri_ATCC_49454.pt,3982686,4a7b405120deea076b7fa0898a2d328929ab7fb6ebef2d77f22f11d4de46c5e5,True
49472,Klebsiella_pneumoniae_subsp_pneumoniae_ATCC_49472.pt,8488430,18a23b1d7dc4bb915e3531cf3b2a8e673b832cd1ab15ba869090d2038592b4ce,True
49525,Staphylococcus_aureus_ATCC_49525.pt,4506969,3506f7bdd774e7b7aa88efe161c2c7790cf6ab3155947f1e5d8eb0c60deea230,True
49540,Lactobacillus_vaginalis_ATCC_49540.pt,3114339,cf7209609b9b24606e7c3df10598f1e15318586aaf956714f0cdb82ba09b7801,True
49619,Streptococcus_pneumoniae_ATCC_49619.pt,3442088,5d4ddf0e5c6d14af017bdf4bece544080e8a7f7e257a67991c711a97d9d75db6,True
49676,Exiguobacterium_chiriqhucha_ATCC_49676.pt,4965815,91edd3d3d6a55801f8fae264820a55d670405928ba0a47c1fca29ba97a0e8365,True
49701,Klebsiella_aerogenes_ATCC_49701.pt,8488276,4301cea17fd5c9a09600bc16367efe72583f082c748e3e4d4f191b198ee979a1,True
49732,Micrococcus_luteus_ATCC_49732.pt,1967434,1f003bb38e11b42ad8ed8d623d52cb81964c063f737fc9947d519bf1609b05ae,True
49766,Haemophilus_influenzae_ATCC_49766.pt,3048798,6e32ffdb19c72d84d9a43db69d258320fa3ed953156bada53cd7de58278ca24c,True
49775,Staphylococcus_aureus_subsp_aureus_ATCC_49775.pt,4326874,e9ea41ceff4587a51a19f097efd09368ce12c769813d9c9bf35e221c29883963,True
49907,Staphylococcus_saprophyticus_ATCC_49907.pt,4130236,00b65e0e9e4a590d6161698dbb657d686b0ffb41ec2ee77a4ec11476e3caf5cf,True
51259,Alloprevotella_tannerae_ATCC_51259.pt,4277667,7d423090a8cc2becb375b34299d16af64c42d6873d49b872e0cb0354eb5551da,True
51277,Cutibacterium_acnes_ATCC_51277.pt,4212047,83a5c8e5f1b762b044870f32c8cd4a73c19974981fc52122577a62b0bae7524d,True
51299,Enterococcus_faecalis_ATCC_51299.pt,2917721,1215c3db166d75a8d825d5fdbed1e5ca7821836d63ccffdccd8b81921447edf1,True
51329,Cronobacter_muytjensii_ATCC_51329.pt,7161182,e649e32cad6382c336ce406122c51b596e8fa7abc7f9066ace931457c828ef7e,True
51331,Stenotrophomonas_maltophilia_ATCC_51331.pt,6735292,1fc48628b022dc988c51c7ab65b6d8b59469761d3acd9ffc583e626f15eb8bf6,True
51365,Staphylococcus_carnosus_subsp_carnosus_ATCC_51365.pt,4228590,58ccd8a9b5355761ef46b71776946d5943b39d89911c5a4d4a08d3d38173d811,True
51559,Enterococcus_faecium_ATCC_51559.pt,4621652,98846d7369543e4b981e12bb763b40de905fead8671f393a722fb3d322c1a623,True
51575,Enterococcus_faecalis_ATCC_51575.pt,5424473,604db9a2345ac7166cf071f2af94b98cba0eaf3c4b166ab616b9b7bffa70aa78,True
51625,Staphylococcus_epidermidis_ATCC_51625.pt,4048306,bf52365cd39dc7fb0b4cac155b51fd93cec8394e6f1e9237db9cf160a7c639cf,True
51653,Helicobacter_pylori_ATCC_51653.pt,2655567,6343d61351237994e41010929729c4c19ec86d8bb007df7fb33fa9240a2d8233,True
51659,Escherichia_coli_ATCC_51659.pt,8783168,0ce674741bd50d16ee7481e4daa76d598e4696dd1f81ce4b73f0ae64a772b64a,True
51697,Klebsiella_aerogenes_ATCC_51697.pt,8684884,909cfa4a3f6e59d9db18afd2de0dc0da4213f6de84e9512ae3d622892417f064,True
51741,Salmonella_enterica_subsp_enterica_ATCC_51741.pt,7685594,43d655d11718fa7d8dcfa8e0e49e0f2ee07775ddb29ebf2c0bf8e0b47fb85ce0,True
51907,Haemophilus_influenzae_ATCC_51907.pt,3016030,1b2c45b9b588f2acd8b11cef8c8859667ad7a91d78d5c0d7f2e7fdd01c2c8c3b,True
53544,Lactobacillus_acidophilus_ATCC_53544.pt,3278253,fbf9b1183c52c3773748d6c67e894157f8c27d8bdaea6689f042627e473d1103,True
6051,Bacillus_subtilis_ATCC_6051.pt,6915392,553cdda5eb17ffe13fc7fa91523779009a7f3d99789491ed8cc927b3163c38b8,True
607,Mycobacterium_smegmatis_ATCC_607.pt,4998489,62f6014566bb3d6ca4594ec189dcb9fe8eb0d367806e45d2a3fcd6f87435a2dd,True
6207,Propionibacterium_freudenreichii_subsp_freudenreichii_ATCC_6207.pt,3540596,82c9e47efbfa9b7e8a304f39c8d2520a300f2dac8316b2b7da5637db1b02c7d4,True
6249,Streptococcus_oralis_ATCC_6249.pt,2983247,12c3193f016c1b222f72f5dda5e9d50b79ae39896711ad13cf741f15bb7a40d0,True
6258,Issatchenkia_orientalis_ATCC_6258.pt,4195678,1f93d1ba5f43f413cce52ad53a2faea69adb03a9fee2710d0ef26513ab5b5d4d,True
6260,Meyerozyma_guilliermondii_ATCC_6260.pt,3491240,d5b2ee2c8ecbbbd19dab4cbc346630c970e85dc74da5c06be2c4a085a904659c,True
6275,Aspergillus_niger_ATCC_6275.pt,8078656,3b38704639d25b8560b6e91ca4defb0c6b902993e8b01382b0e7447a9cd88a49,True
6302,Streptococcus_pneumoniae_ATCC_6302.pt,3409251,f2894733ecab1d080d05c70bc19d5ee4858c95750ccab8e290d43e4ed3496a88,True
6303,Streptococcus_pneumoniae_ATCC_6303.pt,3425635,f07635690fb0dee38b20a5e8b357c4eb97bc846c82161ab461293f8cf6b2cf80,True
6380,Proteus_vulgaris_ATCC_6380.pt,6505787,caf30d20435ef5c411b1559e669952fce52b14509f73ecb9a6a8305fec4a6a1c,True
6538,Staphylococcus_aureus_ATCC_6538.pt,4556116,8623f0b420f77b7aed876386edd2d8560e1c4411d7c726c82f45ce35215c2ca2,True
6538P,Staphylococcus_aureus_ATCC_6538P.pt,4556121,a01980a2d12686bb8ef7623b53681cce9d91873eb504d88349ba5abc9de00712,True
6539,Salmonella_enterica_subsp_enterica_serovar_Typhi_ATCC_6539.pt,7423579,044028a57f69813a0e8076eb0602b9a0f405ead91fb422ddf2f19a01ca0a8480,True
6569,Enterococcus_faecium_ATCC_6569.pt,4392271,61710dc4f432bec6cea085b48667615022389c05da4d657e1525a4894e4fa8ae,True
66027,Candida_albicans_ATCC_66027.pt,5309760,ae3b7272b95cbffd2658ee044943092e4b1bfe6878630e1fe2feb4c8392bd6d1,True
66028,Candida_kefyr_ATCC_66028.pt,2917681,bd503cbdfef8b7b14fa9ea57d72e8d27d389a0667c93ace96db33c6228d4b2af,True
66029,Candida_tropicalis_ATCC_66029.pt,5555530,2b39c9313804f29d6f2aa6606d1b5ccec64b9674d4d6aab2a9118a995f4f464c,True
6633,Bacillus_spizizenii_ATCC_6633.pt,6636874,5cd28f1ea2466e19bdf788c119a1cb6b4e596e7cef06e16f8831e61dfbd348b8,True
66981,Alternaria_alternata_ATCC_66981.pt,11191636,646903469d79f1f6b4b190623bc7ff19535509a5d516cc8f4c5d5b31501b4aba,True
6841,Mycobacterium_fortuitum_subsp_fortuitum_ATCC_6841.pt,10388974,b53fc0e6fac602c806857e9ceb548c78baf5afa93d0df521835a4acb9dc0e48a,True
6919,Cutibacterium_acnes_ATCC_6919.pt,4097354,d5700a318d8583236cd9c66fb5d9520dc6831e8c559c8cbd1b45123c0ec8ce1d,True
6939,Rhodococcus_equi_ATCC_6939.pt,3081531,1c4ccec2d3ce84bf38aefcaa82f1d49dfff0c212cacc123a81cdb8f749e37569,True
700084,Mycobacterium_smegmatis_ATCC_700084.pt,9274792,112b2dcda4baffa86c52fda7b13c13a601532af83599b86e07c5b0d3c7200171,True
7002,Proteus_mirabilis_ATCC_7002.pt,6587712,fa48df69cb4d84781ca62ebc027939e66abdb2be95fedd13c462df577d92ba1f,True
700221,Enterococcus_faecium_ATCC_700221.pt,4670809,18f028e1b00917ed0e022e84b2fb5f1a2b4e69430b8b33e22b12a8e7e2541a92,True
700323,Enterobacter_hormaechei_ATCC_700323.pt,7636392,8594aa2f82350d58b50a4bc92baafc19fdf4edf212d9334853615677f1680b88,True
700324,Klebsiella_oxytoca_ATCC_700324.pt,9471311,b0e7c7ddf40b14ab1181c52c9327c1236474e3f1cc1d08cf65fe6115d60ceffd,True
700327,Enterococcus_casseliflavus_ATCC_700327.pt,5735863,3325d511ee566c913e5b7b26f8891b152c3b160044ec77c6c5555ecbbcdb6d5e,True
700336,Escherichia_coli_ATCC_700336.pt,8455493,34689948a5b617b7b3634684d1c1c4317cd97d2b3aa4935ee2c98f465b87d79d,True
700388,Burkholderia_thailandensis_ATCC_700388.pt,5850551,4c0f31ad3a62f7262140329040d98865a8caa5dca8164115185475a8f505f180,True
700392,Helicobacter_pylori_ATCC_700392.pt,2737492,a54b71dae8a788b43ae31a9208466479e8222b48de3d15aa02dcf0680ccf86da,True
700406,Aerococcus_viridans_ATCC_700406.pt,3327316,8e26bbf729668de6071d73f20e7cc426e92ffc5b969570349ec7610d2a6b9ffc,True
700408,Salmonella_enterica_subsp_enterica_serovar_Typhimurium_ATCC_700408.pt,8095427,a3075579829f3d63d573c1de05c3f557b321d43972ec64ff8be29e291524f726,True
700565,Staphylococcus_epidermidis_ATCC_700565.pt,4146615,1e7bdd49468a81594246a63beb737eeb70032d074385b7bc3b0b63c3dac1763a,True
700603,Klebsiella_quasipneumoniae_ATCC_700603.pt,8668599,50f273605adfda561228b358e12902d02943ab71a9f15a53f31a193acb11a178,True
700610,Streptococcus_mutans_ATCC_700610.pt,3343705,bd07adab8241f5fcd90796eacb62eee30dd38eaaec354ca2d6545f0404d6aa17,True
700677,Streptococcus_pneumoniae_ATCC_700677.pt,2377133,86bfa9bc759cf2f39dec3aa1efd7aa1a0afe59af63ed9c1297b6c0fe13f973e5,True
700698,Staphylococcus_aureus_ATCC_700698.pt,4719966,2b3501fe62f59b70d220be209d022acee563d2ba6e871e1d9909ec069dbc54b5,True
700699,Staphylococcus_aureus_ATCC_700699.pt,2753886,7fac02df84a869d749d39ccbee14baa8b499c2ad5b2002172711818693deec39,True
700720,Salmonella_enterica_subsp_enterica_serovar_Typhimurium_ATCC_700720.pt,7964355,24d3bf3951be685c67f39a6b055271f66a22d6578d1a9b9158d623c08f3c61c3,True
700728,Escherichia_coli_ATCC_700728.pt,5719365,37c0ae36de895a08feea7f29ee29a0db00f7d48dc529170bbbab3c2ef7fa184d,True
700802,Enterococcus_faecalis_ATCC_700802.pt,5277022,146a3ab5ae4ac8b82851099dab38ac19f2e892a506e066429379c298d8952bd2,True
700926,Escherichia_coli_ATCC_700926.pt,7619909,1a03a23c0f2460fe96147fd074a5fcb293461901e71fdfcee873868ad17989b0,True
700928,Escherichia_coli_ATCC_700928.pt,8586565,302b9edc1fd3fb23bca729985b9d319919332403a164c518e8d74193331241ee,True
700931,Salmonella_enterica_subsp_enterica_serovar_Typhi_ATCC_700931.pt,7865957,863f9de33d8cbd279ee00b88a62ffc9cd7b60e7c329a6b678e49f2326abb042f,True
7050,Weizmannia_coagulans_ATCC_7050.pt,5440847,82ce7220b2b64b6c36138e40bf68bcbce80c6fa5dfc7ab1be4c4ea73e8b0d816,True
7073,Streptococcus_salivarius_subsp_salivarius_ATCC_7073.pt,3622392,0c5d1e4b233913b741357e08bb54bd8a257aaa3f4196317140670a8b1a8b5f47,True
7080,Enterococcus_faecalis_ATCC_7080.pt,4408660,e6fc57022f83e31a878e7287dd6b0c4f8eedef90b7fe0c9ca11ecf8ee4eaf02e,True
7468,Micrococcus_yunnanensis_ATCC_7468.pt,3360094,d3eb5db1f488617a8d054abf3eacead0a80bc62f01008231c72e120424a02f23,True
750,Candida_tropicalis_ATCC_750.pt,4687168,8235d733f418595dd3cb1ed9cd0c855a93505133d0b77a22105972e052367ad7,True
7644,Listeria_monocytogenes_ATCC_7644.pt,4818265,54376ce5eb96624c353d00661b60e61384e72c9069c2c98a7e2d7c8097a62b7c,True
76485,Candida_albicans_ATCC_76485.pt,5260608,2ba34108b9107af5798aec16751467904ef8eb2c57c6ea6b343172f50b3a9750,True
7700,Pseudomonas_aeruginosa_ATCC_7700.pt,4392281,7ad2f33e5628dcb10019707f48f1aff44033b45a1be30941043e80171fcc2048,True
7754,Saccharomyces_cerevisiae_ATCC_7754.pt,3622243,4dfe2c5c3c89c5dd397b4e0ca22473c83995ccb5e2ee745043f34889b6cd8018,True
7966,Aeromonas_hydrophila_ATCC_7966.pt,7783759,7949ce99b932183a090832b67ac484752df049071bd93e45ff31fb6e4347788a,True
8014,Lactiplantibacillus_plantarum_ATCC_8014.pt,5260732,8ebc9e0b243576c07731a434f14587cb6a156c61a534deaa9331f22508cd038f,True
8090,Citrobacter_freundii_ATCC_8090.pt,8144207,d1bb718a78ea53aca2c0ada1977dfc054a63f44916cd40258974d55a8e098097,True
8100,Serratia_marcescens_ATCC_8100.pt,8619338,22e09d24c06ef10c8f058ab0c06c536686a46dc5b9247789aeece48d37ee3534,True
8176,Moraxella_catarrhalis_ATCC_8176.pt,3114324,d2d64b4b68910865f939671b9d33427f260e3d3146d25f03eefde3e6a94548fb,True
8482,Phocaeicola_vulgatus_ATCC_8482.pt,8471887,41e91efd61d258ea70d00eeefffac7f644bf60d4aa77901aa5a7e3c4e0d61440,True
8530,Lactobacillus_rhamnosus_ATCC_8530.pt,4867422,58369879b7511226477ea8a0c2c28e4b58b77882e5f75c2232f31afbb9f0fce8,True
8739,Escherichia_coli_ATCC_8739.pt,7783739,3201f30e83aaeede1a61c29a2a860dc46e12eb7f6d71d078122bb85729cbdc8c,True
8750,Alcaligenes_faecalis_subsp_faecalis_ATCC_8750.pt,6686170,b434ee09a634090a921630da3dc57b9b403ff47bddafdadde72d2e103a8c2968,True
90018,Candida_parapsilosis_ATCC_90018.pt,4949332,9a4c4e1b384407f17e8d09f7c49fab5c3ecc3d442244fc2900df6cc6f2549019,True
90028,Candida_albicans_ATCC_90028.pt,5276992,e44da4682bd52f3163a16b824a71e9140fdd99eb38b529e8e3d4933f24aa89ec,True
90112,Cryptococcus_neoformans_var_grubii_ATCC_90112.pt,3720666,b72d52a6572ab2d2aa02e3bd876b75796955bc25bc0a971a070e34ba5dbd7832,True
9027,Pseudomonas_paraeruginosa_ATCC_9027.pt,10454440,d2ff1e8cb65037176790d92310711d2fe4c6479afbf89875b07cd8f15c06206a,True
9120,Salmonella_enterica_subsp_enterica_serovar_Pullorum_ATCC_9120.pt,7702122,5099293042e5934053cd140a1e759cfeac1bc19c75c3930cb777dc8a8296eb98,True
9142,Aspergillus_niger_ATCC_9142.pt,4867392,1021fc30ac7cc6f033f8a3f6b8a5e1c024328ceb4dc06b1c27b5f749ab6462a5,True
9144,Staphylococcus_aureus_ATCC_9144.pt,4654420,bac3de7be6b39f2426dc21d7712f1ca40645925cd249e22d6fc01c5cac548424,True
9150,Salmonella_enterica_subsp_enterica_serovar_Paratyphi_A_ATCC_9150.pt,7554681,2258d13d1cfe495987516e73607cbb9038b78b8be9768c8a17d9e107d26fa459,True
927,Mycobacterium_marinum_ATCC_927.pt,10061135,3c7ce41ed6fb925dd62eb2bb8b1fd1ed35d6a354229f9cc28d3697ec24f0b0d6,True
9290,Shigella_sonnei_ATCC_9290.pt,8127798,2128822295ead53c49cf7beb00c3e7fde7b9bdaeaae9daf3400c43d4ac577835,True
9338,Lactobacillus_fermentum_ATCC_9338.pt,3491166,3bab8ae0cbc40987782136780d9cca9a1ce570a4b8d3c23c368ef19509e5dd4d,True
9340,Bordetella_pertussis_ATCC_9340.pt,5637455,da95582aa023681ea739594e6219dceaf35b891a0b24224b05cf3e6943cefb19,True
9341,Kocuria_rhizophila_ATCC_9341.pt,4425029,cc2e5baf349db29f8d85c8be799968f7ef6d5921ecf017e6ae17ce202e58b33c,True
9372,Bacillus_atrophaeus_ATCC_9372.pt,6817098,03c3a6ab2f0505a68e825e971b3547811bcae7ceb0ccc737ded5594aa3c35923,True
9449,Rhodotorula_mucilaginosa_ATCC_9449.pt,4572579,9a5282a2dc7219d9cbbb3e09d58882685f29bc20511db92ea0e92c530c071f65,True
9533,Trichophyton_interdigitale_ATCC_9533.pt,18449837,6add2ee3d904256d5b7b2b97b2515690b356f1c56dcf17997ad398f0d47c62ca,True
9563,Xanthomonas_phaseoli_ATCC_9563.pt,4310351,3ed08aece390b2ea2ae9584c2a2caeaa725a6e99261fda6bd7c8563c62e12f7c,True
9610,Yersinia_enterocolitica_subsp_enterocolitica_ATCC_9610.pt,7472711,907116ac96b682b4a1255a951d4dfbc139dce315d127b3f8a519d94f94ed6504,True
9614,Propionibacterium_freudenreichii_subsp_shermanii_ATCC_9614.pt,2836059,b17b3c3ebdc414fd7459936ef63bcd1b28fd19b2183dbd6e3ace44e6b8307fa5,True
9637,Escherichia_coli_ATCC_9637.pt,8029499,7a3b1c352fb55b6d46604e761da732821d147f00f184e9d410591c5291c2e5ca,True
9642,Aspergillus_brasiliensis_ATCC_9642.pt,12912035,3bd24b1469e8e1b40265157713df377d88f0f75527d858775f5a39689ecbb889,True
9643,Aspergillus_flavus_ATCC_9643.pt,11978053,53f4b925a7d50cfd1d5fca5e34fdde60f13c79817b7af4898174d2409fea1622,True
96901,Candida_albicans_ATCC_96901.pt,7357760,cb7d073dfb2b8e1f9d6e30b1486548da2aa5c33d07a9405d4cc55c568777ab99,True
96918,Aspergillus_fumigatus_ATCC_96918.pt,18171225,57e1f45e8b1db22ad6630c2abe4d4ac1d38c98ada3ddfdcb4384a42c9e9608f1,True
9721,Pseudomonas_aeruginosa_ATCC_9721.pt,10454361,3b3347194baed2761de5f4d157fa35247b96d963f943bd7602ba2bda48e66e28,True
9763,Saccharomyces_cerevisiae_ATCC_9763.pt,1951075,4dd1e9dab56a7b16be5f66ba5862b639fd57d08299d32f5cbc65279d8407bca3,True
9809,Streptococcus_gallolyticus_ATCC_9809.pt,3720621,d8cfce2405b7f562d78f9d5cbb2a171893357e439bda49b6540f45b88a90aee6,True
9811,Streptococcus_oralis_ATCC_9811.pt,3097935,909490242d92f396d35515f8c987c97072611880dc0cddfe3c46873adebc8466,True
9885,Priestia_megaterium_ATCC_9885.pt,8488266,ff55b66a4f3ab6573bcd1ccb5ff42b7848439ac67d691994532fd2c6f6dd8b0e,True
BAA-1025,Escherichia_coli_ATCC_BAA_1025.pt,7423311,83c50a7d459d682610d9fb4c0671d6c46fd6f4e80ee296519c57d6bd94a7c1d9,True
BAA-1114,Ralstonia_solanacearum_ATCC_BAA_1114.pt,6096301,d89eb4b5cb0a0e0c7e1dad626dbf09d045e71c041ac1991059743fb4408a58ec,True
BAA-1143,Enterobacter_cloacae_subsp_cloacae_ATCC_BAA_1143.pt,7587305,3cef54ed8c953cc2e0b6ca1d59e6f41e4881f47c6d0d2723fa262c10ad210b70,True
BAA-1382,Clostridioides_difficile_ATCC_BAA_1382.pt,7046583,b77e0d5445d92895ac669d7745339889fb011632066d56a823de69d345929272,True
BAA-1556,Staphylococcus_aureus_ATCC_BAA_1556.pt,4720040,80a0a280c53314bebdcfdd8e655f3a73e7beaec391a656bc052807c66bff017f,True
BAA-1605,Acinetobacter_baumannii_ATCC_BAA_1605.pt,6620594,d59d0de64114fef5bc035371ecc251c72876415b80667892b4ea403a466a5f59,True
BAA-1683,Staphylococcus_aureus_ATCC_BAA_1683.pt,4638120,6b44033739165b3d6d8c0dec9560c338698f27d55a7faeccdc9ec0bbeef728b1,True
BAA-1696,Staphylococcus_aureus_ATCC_BAA_1696.pt,4638120,52ce2b924686e89afb18c6d724140e00d9371848e4b5952d1c1b273b02fa3b25,True
BAA-1705,Klebsiella_pneumoniae_ATCC_BAA_1705.pt,8701352,420ca0deb05a244930a3c199e5fef2398dd4251599d94f5d8fd6e6af98384e60,True
BAA-1706,Klebsiella_pneumoniae_ATCC_BAA_1706.pt,8701352,4ff7c727a58b8d7ecb295ce47ff6f9c395b60057f8b5129122ca8a47c0ceb4f6,True
BAA-1707,Staphylococcus_aureus_ATCC_BAA_1707.pt,4638120,3073f018117e934811480163b8962198677c9db7e71b6a553979ef9dcec1088f,True
BAA-1708,Staphylococcus_aureus_ATCC_BAA_1708.pt,4703656,f699900da8180dc7863aad228009a7ff7d886ff1e84e2cc94cf1c7dba3de2e0e,True
BAA-1710,Acinetobacter_baumannii_ATCC_BAA_1710.pt,6473138,c4209eb7183733c517ca403fd87cb047173182119099eb56dc5cf15fb31b581e,True
BAA-1717,Staphylococcus_aureus_ATCC_BAA_1717.pt,4720040,342b95140688fb9244488308ab61ea8b4579fc222322aa7be6643dae6526e6d9,True
BAA-1718,Staphylococcus_aureus_ATCC_BAA_1718.pt,2327976,4c622ff57f2fd091954f408808d51e211953344de3260ecc1505e5c8ee363cb1,True
BAA-1720,Staphylococcus_aureus_ATCC_BAA_1720.pt,4769192,9e20747a325d2355de6ae6d561b1db87874b1799f3449e8129acece63c85a39d,True
BAA-1744,Pseudomonas_aeruginosa_ATCC_BAA_1744.pt,11306413,69e2a5a9474caa9e1e9932a8d467664b136b4a082bc894fba0d340accb8f6e8b,True
BAA-1750,Staphylococcus_aureus_ATCC_BAA_1750.pt,4883880,e3dd305f7c59ab21c28285d9999b91a69f111651131d7d3af2bd3aa2d8414763,True
BAA-1794,Acinetobacter_baumannii_ATCC_BAA_1794.pt,6342066,ea8f20ae777b40b9c8b75e9b031b006a4eb90723572fc2e62f11ba6575c5b95a,True
BAA-1798,Acinetobacter_baumannii_ATCC_BAA_1798.pt,6423986,1f834832e9172cba66562b4720287d3a3448e6537735d173b9fdb8909d539525,True
BAA-1800,Acinetobacter_baumannii_ATCC_BAA_1800.pt,6374834,34aae336cde16136f32dc78f9b4d01e21e73be614dc35274f7992bd8d6c184f7,True
BAA-2108,Pseudomonas_aeruginosa_ATCC_BAA_2108.pt,9291181,d1ee651b57ace5881e001901a77e9715924381f7442556eff1e7947ea1afd83e,True
BAA-2110,Pseudomonas_aeruginosa_ATCC_BAA_2110.pt,10864045,5deb3cf96d2aa2717f7549cf3af7932fffef4d4e35953c82ba0fd938b0f79ffd,True
BAA-2111,Pseudomonas_aeruginosa_ATCC_BAA_2111.pt,7013805,08c67bd78b12f6b32b3cd1663bc581348943ceb2f3ea7370771a2893524bb39d,True
BAA-2114,Pseudomonas_aeruginosa_ATCC_BAA_2114.pt,10257837,fed881675d32ab14aed16c6ff224ed55b75903211777c5d78cd9e2e8f32ed70d,True
BAA-2146,Klebsiella_pneumoniae_ATCC_BAA_2146.pt,8914344,96a340afd3fd15abef0bbac506795693b36472b6bd93c64ecfd62c752ee16807,True
BAA-2312,Staphylococcus_aureus_ATCC_BAA_2312.pt,4638120,342f356ece719fc63bbbb277433a01f36d9343696b4d7d2fd47ed41f8023814a,True
BAA-2316,Enterococcus_faecium_ATCC_BAA_2316.pt,4703651,d6bdcdffcd48aada31c7c167a19431bf093753028ad7f00ede1cf3ea89c13781,True
BAA-2340,Escherichia_coli_ATCC_BAA_2340.pt,8504655,a6c7537a467e677bb3c4999d55e4df538df406bbd6f09bdf196ed9374dce5ae8,True
BAA-2342,Klebsiella_pneumoniae_ATCC_BAA_2342.pt,8996264,b6ecde632ca52597f6a57f5d64e00a431914558d65bba1bb97bdcbdae711843c,True
BAA-2365,Enterococcus_faecalis_ATCC_BAA_2365.pt,5408168,94516c02d4a564b5eac91df5180a7eb751c90ce8369dbda72264f6fef9130eca,True
BAA-2452,Escherichia_coli_ATCC_BAA_2452.pt,7816527,a154e5147d2fc9faa9cd69c2bff60cddde48b3a1d9b993dd8fa42738b8384d8f,True
BAA-2468,Enterobacter_cloacae_ATCC_BAA_2468.pt,8226211,d8e976d3634018d4c20f9f2df13387e039f219fb2f52afb2be3ffe407f94cc70,True
BAA-2469,Escherichia_coli_ATCC_BAA_2469.pt,8439119,784649048c4900653b22b6beea80d60edd7b30c37acd18bdae7ac45cc6a937ae,True
BAA-2470,Klebsiella_pneumoniae_subsp_pneumoniae_ATCC_BAA_2470.pt,9012733,283fd2dba6f889808f8eae93d4bc1baa0e63d19df048ab2d14470ce72a5070bd,True
BAA-2471,Escherichia_coli_ATCC_BAA_2471.pt,7783759,86635656d13864deb69e6d86634cc307ec9c7db4dcc4c078565c9d3cfe377b65,True
BAA-2523,Escherichia_coli_ATCC_BAA_2523.pt,8668495,d588284781e8e56061e64768b2ca0ebb763b6b74344d9010ffd427dfed9a959d,True
BAA-2524,Klebsiella_pneumoniae_subsp_pneumoniae_ATCC_BAA_2524.pt,8783357,b200e6cccdf96f9f3942f5b861b055636851e05828ad647022839be48b3c87d1,True
BAA-255,Streptococcus_pneumoniae_ATCC_BAA_255.pt,3343794,19970b3461759e9b62fba829748df578a383ff3d01e85888e1ef435048e2df5c,True
BAA-2762,Staphylococcus_aureus_subsp_aureus_ATCC_BAA_2762.pt,4638185,99595b7769e75a47270729d6b8dd00df7ad0713d8a7685db76e38ac0d91258f4,True
BAA-2814,Klebsiella_pneumoniae_ATCC_BAA_2814.pt,8914344,292086a2b962847713d9cd04d4544cc6f351832c4df2b4099406c04844575804,True
BAA-3045,Enterobacter_cloacae_ATCC_BAA_3045.pt,7964067,ddd14d5ab256c5ca5b9d4083c211e85521d4f1248c022ced27535daa07dd49be,True
BAA-3051,Escherichia_coli_ATCC_BAA_3051.pt,8291663,d06ac30435d61b94286c5332d290e75984c9290b6f1c57aa0cd4f7f3ffad42df,True
BAA-3054,Escherichia_coli_ATCC_BAA_3054.pt,8619343,10a18ce3c2dd4773805de97f3110770337a37f669d5bab059a45f9c9f641053e,True
BAA-3170,Escherichia_coli_ATCC_BAA_3170.pt,8193359,729e62e0c6a85f7209242538ab233d630fc4192dc72d26984e83be3ed8f19e42,False
BAA-3197,Pseudomonas_aeruginosa_ATCC_BAA_3197.pt,9979309,315682547577fb242ad25394fc059f5e0f00ea0883f52f5f1f4edb98ba97197b,False
BAA-39,Staphylococcus_aureus_subsp_aureus_ATCC_BAA_39.pt,3966431,eb73976e3a47ac555bdb5608f1c67013f9bff8c5a7dfe54b0e31ed49857a6c18,True
BAA-41,Staphylococcus_aureus_ATCC_BAA_41.pt,4736350,0558fbf5523ee3b8e85b70ca3d170821ea29e0a8a2aa8ff8fd2a8a1b24f3f71d,True
BAA-427,Pseudomonas_aeruginosa_ATCC_BAA_427.pt,11060648,b7618411d072cd0a3931ed068fc881dee7433925dc75498c8cbfdd5a5c7dc8d5,True
BAA-44,Staphylococcus_aureus_ATCC_BAA_44.pt,4867422,6ecc5ae622bc18bccf0ba846deec688a1e325b09819a2ae90e7b0f4dd2add8be,True
BAA-679,Listeria_monocytogenes_ATCC_BAA_679.pt,4834728,f6b0413895f79377199b705c564300f9dab15f5c5cd755194405ed3f121bd3d7,True
BAA-747,Acinetobacter_baumannii_ATCC_BAA_747.pt,6555053,8770e5f3e1e8c54751d3bc5fde5c84cc6131ea26ccfd587c643956999653ea76,True
BAA-750,Staphylococcus_saprophyticus_ATCC_BAA_750.pt,4064710,4e9626c3540915fef976cea46b4aff79bf0dfb99a49a31cfcaad8a8652766b66,True
BAA-751,Listeria_monocytogenes_ATCC_BAA_751.pt,4933032,d61df15908da6fa8db2d4a3ffc4f7343b6db8361439efd85e223685f9403230b,True
BAA-871,Pseudomonas_syringae_pathovar_tomato_ATCC_BAA_871.pt,10225134,305a61f9e33c7dcbc3305482e9ce5586ac3e1f4ff1f49ff55c818a607bb8fe46,True
BAA-894,Cronobacter_sakazakii_ATCC_BAA_894.pt,7128483,5adbfe89e96cd58df8c91a9dbd9acead1dca1fcdfda22158524b523b7ce5a3fb,True
BAA-895,Citrobacter_koseri_ATCC_BAA_895.pt,7750996,9a0873c1f96b6892eb66878c732da130ebea5b8118635148d8a035f9f8f30ec2,True
BAA-949,Corynebacterium_jeikeium_ATCC_BAA_949.pt,2426290,7faa6219616e9fe7844123725fda96d8c92e69081f0ad5511f62bfd0cb6946be,True
BAA-999,Bifidobacterium_longum_ATCC_BAA_999.pt,3966376,ac35e42a8d4f2b6f56f836f49ae1525375345a75cfd138b40131d357573f17f5,True
MYA-1198,Fusarium_oxysporum_ATCC_MYA_1198.pt,10634585,fb5bd76c0d5c1e4b50208a62d93cb200bb9a071bd28f41d1a7d50f76cf07ba7c,True
MYA-2876,Candida_albicans_ATCC_MYA_2876.pt,5260623,f4b9ddff080bbe30b727ee56ce01a00c40f90dbd51766e19b9de79d85e148e77,True
MYA-3404,Candida_tropicalis_ATCC_MYA_3404.pt,4048217,c62bb9cf151ddc9847e60d0e5af4fcf5c91c9e29285a44617bfd494b646b4d76,True
MYA-4892,Aspergillus_niger_ATCC_MYA_4892.pt,11896148,b84a2b25d8626643ef824a5400895066f8f626a04b2333c1de0b19885219195b,True
MYA-646,Candida_dubliniensis_ATCC_MYA_646.pt,5309790,9c108e6314ddda3cfb859eeedc514e65c83ae14abdf38c37b72a7494e09ef52d,True
MYA-826,Paracoccidioides_lutzii_ATCC_MYA_826.pt,9012653,3c1e11cba9da2bd8fe1ff038436144cc9c68636c5246e3824ffec2dbbf9ba2bc,True
