protocol,scenario,aggregation,group,measurements,unique_molecules,pathogens,right_censored_measurements,left_censored_measurements,double_angle_measurements,r2,mae,rmse,spearman,pearson,r2_sample_sd,mae_sample_sd,rmse_sample_sd,spearman_sample_sd,pearson_sample_sd,r2_paper_legacy,mae_paper_legacy,rmse_paper_legacy,spearman_paper_legacy,pearson_paper_legacy,r2_multiplier_2,mae_multiplier_2,rmse_multiplier_2,spearman_multiplier_2,pearson_multiplier_2,delta_r2_vs_paper_legacy,delta_r2_vs_multiplier_2,delta_mae_vs_paper_legacy,delta_mae_vs_multiplier_2,delta_rmse_vs_paper_legacy,delta_rmse_vs_multiplier_2,delta_spearman_vs_paper_legacy,delta_spearman_vs_multiplier_2,delta_pearson_vs_paper_legacy,delta_pearson_vs_multiplier_2
phylum,paper_legacy,group,0,5328,3288.0,148.0,1145,7,0,0.309489971578489,0.5302093944840706,0.6842260886001895,0.5799550780609374,0.6338185687649841,,,,,,0.309489971578489,0.5302093944840706,0.6842260886001895,0.5799550780609374,0.6338185687649841,0.3093517811837033,0.5302658941078814,0.6843188985768311,0.5798626017991961,0.6337447404555122,0.0,0.00013819039478568662,0.0,-5.649962381082396e-05,0.0,-9.280997664162793e-05,0.0,9.247626174124779e-05,0.0,7.382830947189056e-05
phylum,paper_legacy,group,1,44959,14723.0,627.0,7804,188,8,0.4171062111955476,0.5579674458245953,0.7235313080851185,0.6724138261970618,0.6790106617593594,,,,,,0.4171062111955476,0.5579674458245953,0.7235313080851185,0.6724138261970618,0.6790106617593594,0.41698098977196985,0.5581133303829152,0.7236563913808071,0.6722958846172594,0.6789374744093729,0.0,0.00012522142357773713,0.0,-0.00014588455831987535,0.0,-0.00012508329568861054,0.0,0.00011794157980238307,0.0,7.318734998651433e-05
phylum,paper_legacy,group,2,35537,14140.0,636.0,6315,202,7,0.437621114287692,0.5458120527654874,0.7067792359807124,0.6407721080224705,0.6628714642452199,,,,,,0.437621114287692,0.5458120527654874,0.7067792359807124,0.6407721080224705,0.6628714642452199,0.4374717793658699,0.545935028176132,0.7068916375964238,0.6406002300208912,0.6627559494218308,0.0,0.0001493349218221196,0.0,-0.00012297541064465456,0.0,-0.00011240161571146601,0.0,0.00017187800157936195,0.0,0.0001155148233891179
phylum,paper_legacy,pooled,all_groups_pooled,85824,16540.0,1411.0,15264,397,15,0.42328018833873415,0.5512110478393716,0.7142416591493191,0.6437953752702906,0.6600577545017726,,,,,,0.42328018833873415,0.5512110478393716,0.7142416591493191,0.6437953752702906,0.6600577545017726,0.4231446836983592,0.5513417071513149,0.7143593453331551,0.6436494381025495,0.6599594891792239,0.0,0.00013550464037492826,0.0,-0.00013065931194333746,0.0,-0.00011768618383600771,0.0,0.00014593716774113918,0.0,9.826532254875175e-05
phylum,paper_legacy,mean_across_groups,mean_across_groups,85824,,,15264,397,15,0.38807243235390954,0.5446629643580511,0.7048455442220067,0.63104700409349,0.6585668982565211,0.06882308964555717,0.013914656182668716,0.01972382930753746,0.04699029965372565,0.02290149085903281,0.38807243235390954,0.5446629643580511,0.7048455442220067,0.63104700409349,0.6585668982565211,0.38793485010718104,0.5447714175556428,0.7049556425180207,0.6309195721457823,0.6584793880955719,0.0,0.00013758224672849595,0.0,-0.00010845319759178462,0.0,-0.0001100982960139385,0.0,0.00012743194770770128,0.0,8.751016094921127e-05
phylum,right_censored_multiplier_1,group,0,5328,3288.0,148.0,1145,7,0,0.2920626034423386,0.4991424782827424,0.6431169530342541,0.5769462380440711,0.6299560505403117,,,,,,0.309489971578489,0.5302093944840706,0.6842260886001895,0.5799550780609374,0.6338185687649841,0.3093517811837033,0.5302658941078814,0.6843188985768311,0.5798626017991961,0.6337447404555122,-0.017427368136150423,-0.017289177741364736,-0.031066916201328176,-0.031123415825139,-0.04110913556593543,-0.041201945542577056,-0.0030088400168662988,-0.002916363755125051,-0.0038625182246724288,-0.003788689915200538
phylum,right_censored_multiplier_1,group,1,44951,14719.0,627.0,7804,188,0,0.42405541433453775,0.531666261668765,0.693478400407835,0.6677152654053484,0.6726848447762198,,,,,,0.4171062111955476,0.5579674458245953,0.7235313080851185,0.6724138261970618,0.6790106617593594,0.41698098977196985,0.5581133303829152,0.7236563913808071,0.6722958846172594,0.6789374744093729,0.006949203138990168,0.007074424562567905,-0.02630118415583038,-0.026447068714150257,-0.030052907677283414,-0.030177990972972024,-0.00469856079171338,-0.004580619211910997,-0.006325816983139609,-0.006252629633153095
phylum,right_censored_multiplier_1,group,2,35530,14137.0,636.0,6315,202,0,0.4250422084976839,0.5186500901306892,0.6797672036741615,0.6399650839727409,0.6615548423115046,,,,,,0.437621114287692,0.5458120527654874,0.7067792359807124,0.6407721080224705,0.6628714642452199,0.4374717793658699,0.545935028176132,0.7068916375964238,0.6406002300208912,0.6627559494218308,-0.012578905790008088,-0.012429570868185968,-0.027161962634798198,-0.027284938045442853,-0.027012032306550804,-0.02712443392226227,-0.0008070240497296544,-0.0006351460481502924,-0.0013166219337152896,-0.0012011071103261717
phylum,right_censored_multiplier_1,pooled,all_groups_pooled,85809,16538.0,1411.0,15264,397,0,0.42161747627307844,0.5242573501020464,0.6847893752305831,0.640354286992955,0.6555067840942086,,,,,,0.42328018833873415,0.5512110478393716,0.7142416591493191,0.6437953752702906,0.6600577545017726,0.4231446836983592,0.5513417071513149,0.7143593453331551,0.6436494381025495,0.6599594891792239,-0.0016627120656557137,-0.0015272074252807855,-0.026953697737325144,-0.02708435704926848,-0.029452283918736,-0.029569970102572007,-0.00344108827733558,-0.003295151109594441,-0.004550970407564026,-0.004452705085015274
phylum,right_censored_multiplier_1,mean_across_groups,mean_across_groups,85809,,,15264,397,0,0.38038674209152007,0.5164862766940655,0.6721208523720836,0.6282088624740535,0.6547319125426787,0.0764925391248714,0.01636950481464282,0.02603687503458476,0.04651247832542068,0.022166455336530295,0.38807243235390954,0.5446629643580511,0.7048455442220067,0.63104700409349,0.6585668982565211,0.38793485010718104,0.5447714175556428,0.7049556425180207,0.6309195721457823,0.6584793880955719,-0.007685690262389466,-0.00754810801566097,-0.02817668766398551,-0.028285140861577296,-0.032724691849923104,-0.03283479014593704,-0.0028381416194365183,-0.002710709671728817,-0.0038349857138424426,-0.0037474755528932313
phylum,right_censored_multiplier_2,group,0,5328,3288.0,148.0,1145,7,0,0.3093517811837033,0.5302658941078814,0.6843188985768311,0.5798626017991961,0.6337447404555122,,,,,,0.309489971578489,0.5302093944840706,0.6842260886001895,0.5799550780609374,0.6338185687649841,0.3093517811837033,0.5302658941078814,0.6843188985768311,0.5798626017991961,0.6337447404555122,-0.00013819039478568662,0.0,5.649962381082396e-05,0.0,9.280997664162793e-05,0.0,-9.247626174124779e-05,0.0,-7.382830947189056e-05,0.0
phylum,right_censored_multiplier_2,group,1,44951,14719.0,627.0,7804,188,0,0.41698098977196985,0.5581133303829152,0.7236563913808071,0.6722958846172594,0.6789374744093729,,,,,,0.4171062111955476,0.5579674458245953,0.7235313080851185,0.6724138261970618,0.6790106617593594,0.41698098977196985,0.5581133303829152,0.7236563913808071,0.6722958846172594,0.6789374744093729,-0.00012522142357773713,0.0,0.00014588455831987535,0.0,0.00012508329568861054,0.0,-0.00011794157980238307,0.0,-7.318734998651433e-05,0.0
phylum,right_censored_multiplier_2,group,2,35530,14137.0,636.0,6315,202,0,0.4374717793658699,0.545935028176132,0.7068916375964238,0.6406002300208912,0.6627559494218308,,,,,,0.437621114287692,0.5458120527654874,0.7067792359807124,0.6407721080224705,0.6628714642452199,0.4374717793658699,0.545935028176132,0.7068916375964238,0.6406002300208912,0.6627559494218308,-0.0001493349218221196,0.0,0.00012297541064465456,0.0,0.00011240161571146601,0.0,-0.00017187800157936195,0.0,-0.0001155148233891179,0.0
phylum,right_censored_multiplier_2,pooled,all_groups_pooled,85809,16538.0,1411.0,15264,397,0,0.4231446836983592,0.5513417071513149,0.7143593453331551,0.6436494381025495,0.6599594891792239,,,,,,0.42328018833873415,0.5512110478393716,0.7142416591493191,0.6437953752702906,0.6600577545017726,0.4231446836983592,0.5513417071513149,0.7143593453331551,0.6436494381025495,0.6599594891792239,-0.00013550464037492826,0.0,0.00013065931194333746,0.0,0.00011768618383600771,0.0,-0.00014593716774113918,0.0,-9.826532254875175e-05,0.0
phylum,right_censored_multiplier_2,mean_across_groups,mean_across_groups,85809,,,15264,397,0,0.38793485010718104,0.5447714175556428,0.7049556425180207,0.6309195721457823,0.6584793880955719,0.06882181453303456,0.013960136784075717,0.019740077070098158,0.04697088774764854,0.022897871803708045,0.38807243235390954,0.5446629643580511,0.7048455442220067,0.63104700409349,0.6585668982565211,0.38793485010718104,0.5447714175556428,0.7049556425180207,0.6309195721457823,0.6584793880955719,-0.00013758224672849595,0.0,0.00010845319759178462,0.0,0.0001100982960139385,0.0,-0.00012743194770770128,0.0,-8.751016094921127e-05,0.0
phylum,right_censored_multiplier_4,group,0,5328,3288.0,148.0,1145,7,0,0.299720281281215,0.5885220639680131,0.7496224391508346,0.573234647024684,0.6275902492525504,,,,,,0.309489971578489,0.5302093944840706,0.6842260886001895,0.5799550780609374,0.6338185687649841,0.3093517811837033,0.5302658941078814,0.6843188985768311,0.5798626017991961,0.6337447404555122,-0.009769690297274036,-0.00963149990248835,0.058312669483942536,0.05825616986013171,0.06539635055064508,0.06530354057400345,-0.006720431036253416,-0.006627954774512168,-0.006228319512433744,-0.006154491202961854
phylum,right_censored_multiplier_4,group,1,44951,14719.0,627.0,7804,188,0,0.39448623668159755,0.6065695543304875,0.7732462948728934,0.6711606896543464,0.6764915970878463,,,,,,0.4171062111955476,0.5579674458245953,0.7235313080851185,0.6724138261970618,0.6790106617593594,0.41698098977196985,0.5581133303829152,0.7236563913808071,0.6722958846172594,0.6789374744093729,-0.022619974513950036,-0.0224947530903723,0.048602108505892194,0.04845622394757232,0.04971498678777497,0.04958990349208636,-0.0012531365427154162,-0.0011351949629130331,-0.0025190646715130827,-0.0024458773215265683
phylum,right_censored_multiplier_4,group,2,35530,14137.0,636.0,6315,202,0,0.43014403307565496,0.5949789744849437,0.7546660618685882,0.6363733969990448,0.6564131619967367,,,,,,0.437621114287692,0.5458120527654874,0.7067792359807124,0.6407721080224705,0.6628714642452199,0.4374717793658699,0.545935028176132,0.7068916375964238,0.6406002300208912,0.6627559494218308,-0.007477081212037051,-0.0073277462902149315,0.04916692171945636,0.0490439463088117,0.04788682588787585,0.047774424272164384,-0.004398711023425705,-0.0042268330218463435,-0.006458302248483205,-0.0063427874250940874
phylum,right_censored_multiplier_4,pooled,all_groups_pooled,85809,16538.0,1411.0,15264,397,0,0.40719379299898895,0.6006497751632273,0.7641474461906227,0.6410522786435362,0.6561522331354098,,,,,,0.42328018833873415,0.5512110478393716,0.7142416591493191,0.6437953752702906,0.6600577545017726,0.4231446836983592,0.5513417071513149,0.7143593453331551,0.6436494381025495,0.6599594891792239,-0.016086395339745208,-0.01595089069937028,0.04943872732385568,0.04930806801191234,0.04990578704130355,0.04978810085746754,-0.0027430966267544266,-0.0025971594590132874,-0.0039055213663627963,-0.0038072560438140446
phylum,right_censored_multiplier_4,mean_across_groups,mean_across_groups,85809,,,15264,397,0,0.3747835170128225,0.5966901975944814,0.7591782652974387,0.6269229112260251,0.6534983361123778,0.06740724463879363,0.009144626317890954,0.012441528227338506,0.04964233291542766,0.024580634907976816,0.38807243235390954,0.5446629643580511,0.7048455442220067,0.63104700409349,0.6585668982565211,0.38793485010718104,0.5447714175556428,0.7049556425180207,0.6309195721457823,0.6584793880955719,-0.01328891534108706,-0.013151333094358564,0.052027233236430326,0.05191878003883854,0.05433272107543197,0.05422262277941803,-0.004124092867464957,-0.003996660919757256,-0.005068562144143307,-0.004981051983194096
phylum,right_censored_excluded,group,0,4183,2665.0,138.0,0,7,0,0.22512922918877887,0.5092857437318375,0.6541826575467374,0.5017909214809787,0.5751291131831754,,,,,,0.309489971578489,0.5302093944840706,0.6842260886001895,0.5799550780609374,0.6338185687649841,0.3093517811837033,0.5302658941078814,0.6843188985768311,0.5798626017991961,0.6337447404555122,-0.08436074238971014,-0.08422255199492445,-0.020923650752233014,-0.020980150376043838,-0.030043431053452085,-0.030136241030093713,-0.07816415657995868,-0.07807168031821743,-0.058689455581808714,-0.05861562727233682
phylum,right_censored_excluded,group,1,37147,12454.0,571.0,0,188,0,0.4390650247394243,0.5518067911644475,0.7140923353691381,0.6523199700947672,0.6747298069149907,,,,,,0.4171062111955476,0.5579674458245953,0.7235313080851185,0.6724138261970618,0.6790106617593594,0.41698098977196985,0.5581133303829152,0.7236563913808071,0.6722958846172594,0.6789374744093729,0.021958813543876743,0.02208403496745448,-0.006160654660147813,-0.006306539218467688,-0.009438972715980376,-0.009564056011668987,-0.020093856102294638,-0.019975914522492255,-0.004280854844368687,-0.004207667494382172
phylum,right_censored_excluded,group,2,29215,11959.0,597.0,0,202,0,0.3832240068689432,0.5485756506287435,0.7099131533993076,0.5946899497025726,0.6431951502234159,,,,,,0.437621114287692,0.5458120527654874,0.7067792359807124,0.6407721080224705,0.6628714642452199,0.4374717793658699,0.545935028176132,0.7068916375964238,0.6406002300208912,0.6627559494218308,-0.054397107418748814,-0.054247772496926694,0.0027635978632560843,0.0026406224526114297,0.0031339174185952556,0.0030215158028837896,-0.046082158319897926,-0.045910280318318564,-0.01967631402180403,-0.019560799198414913
phylum,right_censored_excluded,pooled,all_groups_pooled,70545,14825.0,1306.0,0,397,0,0.4139352005691127,0.5479473636761606,0.7089447521185204,0.6067681489325911,0.644657547970321,,,,,,0.42328018833873415,0.5512110478393716,0.7142416591493191,0.6437953752702906,0.6600577545017726,0.4231446836983592,0.5513417071513149,0.7143593453331551,0.6436494381025495,0.6599594891792239,-0.009344987769621449,-0.00920948312924652,-0.003263684163210989,-0.0033943434751543267,-0.00529690703079877,-0.0054145932146347775,-0.037027226337699504,-0.036881289169958364,-0.015400206531451577,-0.015301941208902825
phylum,right_censored_excluded,mean_across_groups,mean_across_groups,70545,,,0,397,0,0.3491394202657155,0.5365560618416761,0.692729382105061,0.5829336137594395,0.6310180234405274,0.11096598775033092,0.02367198248244562,0.03344777826875337,0.0759500309101249,0.05090467916095363,0.38807243235390954,0.5446629643580511,0.7048455442220067,0.63104700409349,0.6585668982565211,0.38793485010718104,0.5447714175556428,0.7049556425180207,0.6309195721457823,0.6584793880955719,-0.03893301208819405,-0.038795429841465556,-0.008106902516374914,-0.008215355713966699,-0.012116162116945772,-0.01222626041295971,-0.04811339033405049,-0.047985958386342786,-0.027548874815993774,-0.027461364655044562
phylum,all_censored_excluded,group,0,4176,2661.0,138.0,0,0,0,0.2276757687268407,0.5077714228686194,0.6517019054533738,0.5035886371861651,0.5775954086118134,,,,,,0.309489971578489,0.5302093944840706,0.6842260886001895,0.5799550780609374,0.6338185687649841,0.3093517811837033,0.5302658941078814,0.6843188985768311,0.5798626017991961,0.6337447404555122,-0.08181420285164831,-0.08167601245686262,-0.022437971615451135,-0.02249447123926196,-0.03252418314681571,-0.03261699312345734,-0.07636644087477229,-0.07627396461303104,-0.05622316015317075,-0.05614933184369886
phylum,all_censored_excluded,group,1,36959,12389.0,562.0,0,0,0,0.4386199972568138,0.5510462773518633,0.7121091248187286,0.6526747018735664,0.6751142572611651,,,,,,0.4171062111955476,0.5579674458245953,0.7235313080851185,0.6724138261970618,0.6790106617593594,0.41698098977196985,0.5581133303829152,0.7236563913808071,0.6722958846172594,0.6789374744093729,0.021513786061266194,0.02163900748484393,-0.006921168472732053,-0.007067053031051929,-0.011422183266389885,-0.011547266562078495,-0.01973912432349545,-0.019621182743693066,-0.0038964044981942836,-0.0038232171482077693
phylum,all_censored_excluded,group,2,29013,11914.0,595.0,0,0,0,0.38596084810606024,0.5468168037193063,0.7068473393763766,0.5962903570379751,0.6445991431470813,,,,,,0.437621114287692,0.5458120527654874,0.7067792359807124,0.6407721080224705,0.6628714642452199,0.4374717793658699,0.545935028176132,0.7068916375964238,0.6406002300208912,0.6627559494218308,-0.051660266181631775,-0.051510931259809656,0.0010047509538189114,0.0008817755431742569,6.810339566420964e-05,-4.4298220047256365e-05,-0.04448175098449547,-0.04430987298291611,-0.01827232109813859,-0.01815680627474947
phylum,all_censored_excluded,pooled,all_groups_pooled,70148,14759.0,1295.0,0,0,0,0.41485612728666377,0.5467207725502522,0.7064750264350872,0.6076507295509191,0.6454677495758822,,,,,,0.42328018833873415,0.5512110478393716,0.7142416591493191,0.6437953752702906,0.6600577545017726,0.4231446836983592,0.5513417071513149,0.7143593453331551,0.6436494381025495,0.6599594891792239,-0.008424061052070386,-0.008288556411695458,-0.004490275289119383,-0.004620934601062721,-0.007766632714231947,-0.007884318898067955,-0.03614464571937148,-0.03599870855163034,-0.014590004925890465,-0.014491739603341713
phylum,all_censored_excluded,mean_across_groups,mean_across_groups,70148,,,0,0,0,0.3507522046965716,0.5352115013132631,0.6902194565494929,0.5841845653659021,0.6324362696733532,0.1097911804999781,0.023857714487944322,0.03346076662812659,0.07527666514265706,0.04988419668419281,0.38807243235390954,0.5446629643580511,0.7048455442220067,0.63104700409349,0.6585668982565211,0.38793485010718104,0.5447714175556428,0.7049556425180207,0.6309195721457823,0.6584793880955719,-0.037320227657337945,-0.03718264541060945,-0.009451463044787944,-0.009559916242379729,-0.014626087672513832,-0.01473618596852777,-0.046862438727587885,-0.046735006779880184,-0.026130628583167947,-0.026043118422218736
strain,paper_legacy,group,0,71419,15892.0,431.0,12423,286,14,0.41380215908332696,0.5536151569261932,0.7138597898110787,0.6323248775859809,0.6457931735938808,,,,,,0.41380215908332696,0.5536151569261932,0.7138597898110787,0.6323248775859809,0.6457931735938808,0.41371892617083417,0.5536954023448847,0.7139150781931262,0.6322275077534504,0.6457251562859604,0.0,8.323291249279219e-05,0.0,-8.024541869144919e-05,0.0,-5.5288382047491424e-05,0.0,9.73698325305028e-05,0.0,6.801730792038718e-05
strain,paper_legacy,group,1,8146,5292.0,412.0,1129,49,0,0.6837493199500865,0.4211080911098371,0.5713910781489364,0.8323597111118026,0.8325692826923179,,,,,,0.6837493199500865,0.4211080911098371,0.5713910781489364,0.8323597111118026,0.8325692826923179,0.6837071004000594,0.4212928627742515,0.5715884441081335,0.832358189088092,0.8325674106363786,0.0,4.2219550027033925e-05,0.0,-0.00018477166441438486,0.0,-0.00019736595919706001,0.0,1.5220237106206014e-06,0.0,1.8720559392670921e-06
strain,paper_legacy,group,2,6793,4742.0,419.0,1387,65,4,0.6467269101135311,0.4182584466853915,0.5587078002459894,0.7790134368093543,0.8044381045705238,,,,,,0.6467269101135311,0.4182584466853915,0.5587078002459894,0.7790134368093543,0.8044381045705238,0.6464444085854137,0.418270062134145,0.5587068463629327,0.7787763212573332,0.8042668852624334,0.0,0.0002825015281173737,0.0,-1.161544875349918e-05,0.0,9.538830567645817e-07,0.0,0.00023711555202110546,0.0,0.00017121930809038677
strain,paper_legacy,pooled,all_groups_pooled,86358,16560.0,1204.0,14939,400,18,0.46384816203619217,0.5304687120015099,0.6905017122431709,0.6681008519273057,0.6825757515129203,,,,,,0.46384816203619217,0.5304687120015099,0.6905017122431709,0.6681008519273057,0.6825757515129203,0.4637695270635954,0.5305548681540915,0.6905660049757006,0.6680032736856601,0.6825141722921861,0.0,7.863497259674723e-05,0.0,-8.61561525815624e-05,0.0,-6.42927325297249e-05,0.0,9.757824164557949e-05,0.0,6.157922073413147e-05
strain,paper_legacy,mean_across_groups,mean_across_groups,86358,,,14939,400,18,0.5814261297156482,0.46432723157380734,0.6146528894020015,0.7478993418357126,0.7609335202855743,0.14634210383698681,0.07733873756815776,0.0861494236845103,0.1035835355423216,0.10070161554236623,0.5814261297156482,0.46432723157380734,0.6146528894020015,0.7478993418357126,0.7609335202855743,0.5812901450521024,0.4644194424177604,0.6147367895547308,0.7477873393662918,0.7608531507282574,0.0,0.0001359846635458073,0.0,-9.221084395305557e-05,0.0,-8.39001527292993e-05,0.0,0.00011200246942077996,0.0,8.036955731682838e-05
strain,right_censored_multiplier_1,group,0,71405,15890.0,431.0,12423,286,0,0.4078345143648704,0.5289120300515401,0.6858874635044897,0.6307478403422928,0.6464365102067248,,,,,,0.41380215908332696,0.5536151569261932,0.7138597898110787,0.6323248775859809,0.6457931735938808,0.41371892617083417,0.5536954023448847,0.7139150781931262,0.6322275077534504,0.6457251562859604,-0.005967644718456566,-0.005884411805963774,-0.024703126874653147,-0.024783372293344597,-0.027972326306588968,-0.02802761468863646,-0.001577037243688073,-0.0014796674111575703,0.0006433366128439921,0.0007113539207643793
strain,right_censored_multiplier_1,group,1,8146,5292.0,412.0,1129,49,0,0.6888556811470947,0.41156263081414735,0.5550114733341897,0.8315825826511488,0.831796633415091,,,,,,0.6837493199500865,0.4211080911098371,0.5713910781489364,0.8323597111118026,0.8325692826923179,0.6837071004000594,0.4212928627742515,0.5715884441081335,0.832358189088092,0.8325674106363786,0.005106361197008247,0.005148580747035281,-0.009545460295689756,-0.009730231960104141,-0.016379604814746762,-0.016576970773943822,-0.0007771284606538087,-0.0007756064369431881,-0.0007726492772268667,-0.0007707772212875996
strain,right_censored_multiplier_1,group,2,6789,4739.0,419.0,1387,65,0,0.6389059339109144,0.400271849277498,0.5303107731372633,0.780965378662255,0.8060969906090494,,,,,,0.6467269101135311,0.4182584466853915,0.5587078002459894,0.7790134368093543,0.8044381045705238,0.6464444085854137,0.418270062134145,0.5587068463629327,0.7787763212573332,0.8042668852624334,-0.00782097620261668,-0.007538474674499307,-0.017986597407893545,-0.017998212856647045,-0.02839702710872616,-0.028396073225669394,0.001951941852900707,0.0021890574049218126,0.0016588860385255977,0.0018301053466159845
strain,right_censored_multiplier_1,pooled,all_groups_pooled,86340,16558.0,1204.0,14939,400,0,0.46025969664114486,0.5077252522722632,0.663506750766015,0.6669489706112398,0.6835025518020379,,,,,,0.46384816203619217,0.5304687120015099,0.6905017122431709,0.6681008519273057,0.6825757515129203,0.4637695270635954,0.5305548681540915,0.6905660049757006,0.6680032736856601,0.6825141722921861,-0.0035884653950473133,-0.003509830422450566,-0.02274345972924674,-0.022829615881828302,-0.026994961477155965,-0.02705925420968569,-0.001151881316065917,-0.0010543030744203374,0.0009268002891176241,0.0009883795098517556
strain,right_censored_multiplier_1,mean_across_groups,mean_across_groups,86340,,,14939,400,0,0.5785320431409599,0.44691550338106184,0.5904032366586476,0.7477652672185656,0.7614433780769551,0.1499232438947927,0.07123512635241078,0.0836089668027048,0.10445254415030397,0.10042436284627346,0.5814261297156482,0.46432723157380734,0.6146528894020015,0.7478993418357126,0.7609335202855743,0.5812901450521024,0.4644194424177604,0.6147367895547308,0.7477873393662918,0.7608531507282574,-0.0028940865746883704,-0.002758101911142563,-0.0174117281927455,-0.017503939036698557,-0.02424965274335389,-0.024333552896083188,-0.0001340746171469842,-2.207214772620425e-05,0.0005098577913807967,0.000590227348697625
strain,right_censored_multiplier_2,group,0,71405,15890.0,431.0,12423,286,0,0.41371892617083417,0.5536954023448847,0.7139150781931262,0.6322275077534504,0.6457251562859604,,,,,,0.41380215908332696,0.5536151569261932,0.7138597898110787,0.6323248775859809,0.6457931735938808,0.41371892617083417,0.5536954023448847,0.7139150781931262,0.6322275077534504,0.6457251562859604,-8.323291249279219e-05,0.0,8.024541869144919e-05,0.0,5.5288382047491424e-05,0.0,-9.73698325305028e-05,0.0,-6.801730792038718e-05,0.0
strain,right_censored_multiplier_2,group,1,8146,5292.0,412.0,1129,49,0,0.6837071004000594,0.4212928627742515,0.5715884441081335,0.832358189088092,0.8325674106363786,,,,,,0.6837493199500865,0.4211080911098371,0.5713910781489364,0.8323597111118026,0.8325692826923179,0.6837071004000594,0.4212928627742515,0.5715884441081335,0.832358189088092,0.8325674106363786,-4.2219550027033925e-05,0.0,0.00018477166441438486,0.0,0.00019736595919706001,0.0,-1.5220237106206014e-06,0.0,-1.8720559392670921e-06,0.0
strain,right_censored_multiplier_2,group,2,6789,4739.0,419.0,1387,65,0,0.6464444085854137,0.418270062134145,0.5587068463629327,0.7787763212573332,0.8042668852624334,,,,,,0.6467269101135311,0.4182584466853915,0.5587078002459894,0.7790134368093543,0.8044381045705238,0.6464444085854137,0.418270062134145,0.5587068463629327,0.7787763212573332,0.8042668852624334,-0.0002825015281173737,0.0,1.161544875349918e-05,0.0,-9.538830567645817e-07,0.0,-0.00023711555202110546,0.0,-0.00017121930809038677,0.0
strain,right_censored_multiplier_2,pooled,all_groups_pooled,86340,16558.0,1204.0,14939,400,0,0.4637695270635954,0.5305548681540915,0.6905660049757006,0.6680032736856601,0.6825141722921861,,,,,,0.46384816203619217,0.5304687120015099,0.6905017122431709,0.6681008519273057,0.6825757515129203,0.4637695270635954,0.5305548681540915,0.6905660049757006,0.6680032736856601,0.6825141722921861,-7.863497259674723e-05,0.0,8.61561525815624e-05,0.0,6.42927325297249e-05,0.0,-9.757824164557949e-05,0.0,-6.157922073413147e-05,0.0
strain,right_censored_multiplier_2,mean_across_groups,mean_across_groups,86340,,,14939,400,0,0.5812901450521024,0.4644194424177604,0.6147367895547308,0.7477873393662918,0.7608531507282574,0.14631203675136834,0.07733002066862249,0.08613207064182274,0.10360168990827048,0.10070288606757763,0.5814261297156482,0.46432723157380734,0.6146528894020015,0.7478993418357126,0.7609335202855743,0.5812901450521024,0.4644194424177604,0.6147367895547308,0.7477873393662918,0.7608531507282574,-0.0001359846635458073,0.0,9.221084395305557e-05,0.0,8.39001527292993e-05,0.0,-0.00011200246942077996,0.0,-8.036955731682838e-05,0.0
strain,right_censored_multiplier_4,group,0,71405,15890.0,431.0,12423,286,0,0.4017772466571484,0.5982622704918256,0.7618658453582213,0.6268736453221225,0.6374923534211228,,,,,,0.41380215908332696,0.5536151569261932,0.7138597898110787,0.6323248775859809,0.6457931735938808,0.41371892617083417,0.5536954023448847,0.7139150781931262,0.6322275077534504,0.6457251562859604,-0.012024912426178536,-0.011941679513685743,0.044647113565632335,0.044566868146940886,0.048006055547142656,0.047950767165095165,-0.005451232263858352,-0.005353862431327849,-0.008300820172758017,-0.00823280286483763
strain,right_censored_multiplier_4,group,1,8146,5292.0,412.0,1129,49,0,0.6624114857597143,0.4566654277342805,0.60869349778566,0.827154666342478,0.8254005607633087,,,,,,0.6837493199500865,0.4211080911098371,0.5713910781489364,0.8323597111118026,0.8325692826923179,0.6837071004000594,0.4212928627742515,0.5715884441081335,0.832358189088092,0.8325674106363786,-0.021337834190372162,-0.02129561464034513,0.03555733662444338,0.035372564960028996,0.03730241963672354,0.03710505367752648,-0.005205044769324596,-0.005203522745613975,-0.007168721929009192,-0.007166849873069925
strain,right_censored_multiplier_4,group,2,6789,4739.0,419.0,1387,65,0,0.6260403087850224,0.4715691261513825,0.6165259981030422,0.7703298739669927,0.7935380063788596,,,,,,0.6467269101135311,0.4182584466853915,0.5587078002459894,0.7790134368093543,0.8044381045705238,0.6464444085854137,0.418270062134145,0.5587068463629327,0.7787763212573332,0.8042668852624334,-0.020686601328508747,-0.020404099800391373,0.053310679465990995,0.053299064017237496,0.05781819785705278,0.05781915174010954,-0.008683562842361603,-0.008446447290340497,-0.010900098191664154,-0.010728878883573767
strain,right_censored_multiplier_4,pooled,all_groups_pooled,86340,16558.0,1204.0,14939,400,0,0.44901615129673844,0.5749408940958303,0.7381601292377519,0.6621739711964294,0.6737208629550878,,,,,,0.46384816203619217,0.5304687120015099,0.6905017122431709,0.6681008519273057,0.6825757515129203,0.4637695270635954,0.5305548681540915,0.6905660049757006,0.6680032736856601,0.6825141722921861,-0.014832010739453727,-0.01475337576685698,0.044472182094320356,0.044386025941738794,0.047658416994580954,0.04759412426205123,-0.005926880730876327,-0.005829302489230748,-0.008854888557832452,-0.00879330933709832
strain,right_censored_multiplier_4,mean_across_groups,mean_across_groups,86340,,,14939,400,0,0.5634096804006284,0.5088322747924962,0.6623617804156412,0.7414527285438645,0.7521436401877636,0.1411541652131152,0.07780631821846819,0.08626199174826858,0.10321598224635754,0.1005608957841486,0.5814261297156482,0.46432723157380734,0.6146528894020015,0.7478993418357126,0.7609335202855743,0.5812901450521024,0.4644194424177604,0.6147367895547308,0.7477873393662918,0.7608531507282574,-0.018016449315019778,-0.01788046465147397,0.04450504321868881,0.044412832374735756,0.04770889101363973,0.04762499086091043,-0.006446613291848147,-0.006334610822427367,-0.008789880097810676,-0.008709510540493848
strain,right_censored_excluded,group,0,58982,14156.0,411.0,0,286,0,0.40213044126145636,0.5473643843125489,0.7057931885951109,0.6081208190485633,0.6463745705661456,,,,,,0.41380215908332696,0.5536151569261932,0.7138597898110787,0.6323248775859809,0.6457931735938808,0.41371892617083417,0.5536954023448847,0.7139150781931262,0.6322275077534504,0.6457251562859604,-0.011671717821870597,-0.011588484909377805,-0.006250772613644373,-0.006331018032335822,-0.008066601215967806,-0.008121889598015297,-0.024204058537417583,-0.02410668870488708,0.0005813969722647805,0.0006494142801851677
strain,right_censored_excluded,group,1,7017,4456.0,383.0,0,49,0,0.7057796477707274,0.41951499900501776,0.5645837025979402,0.8321179876241925,0.8426231050830217,,,,,,0.6837493199500865,0.4211080911098371,0.5713910781489364,0.8323597111118026,0.8325692826923179,0.6837071004000594,0.4212928627742515,0.5715884441081335,0.832358189088092,0.8325674106363786,0.02203032782064096,0.022072547370667994,-0.001593092104819338,-0.001777863769233723,-0.0068073755509961975,-0.0070047415101932575,-0.00024172348761009044,-0.00024020146389946984,0.010053822390703848,0.010055694446643115
strain,right_censored_excluded,group,2,5402,3868.0,381.0,0,65,0,0.6018686078807485,0.4111914801909211,0.5444003212947248,0.7351756013287145,0.7888617724273754,,,,,,0.6467269101135311,0.4182584466853915,0.5587078002459894,0.7790134368093543,0.8044381045705238,0.6464444085854137,0.418270062134145,0.5587068463629327,0.7787763212573332,0.8042668852624334,-0.04485830223278264,-0.04457580070466527,-0.007066966494470417,-0.007078581943223916,-0.014307478951264607,-0.014306525068207843,-0.0438378354806398,-0.04360071992861869,-0.015576332143148353,-0.015405112835057966
strain,right_censored_excluded,pooled,all_groups_pooled,71401,14785.0,1121.0,0,400,0,0.4583894392920672,0.5244974053519184,0.6820915246350189,0.6459862342005372,0.6847818520699568,,,,,,0.46384816203619217,0.5304687120015099,0.6905017122431709,0.6681008519273057,0.6825757515129203,0.4637695270635954,0.5305548681540915,0.6905660049757006,0.6680032736856601,0.6825141722921861,-0.005458722744124955,-0.005380087771528208,-0.005971306649591557,-0.006057462802173119,-0.008410187608152042,-0.008474480340681767,-0.022114617726768482,-0.022017039485122902,0.0022061005570365166,0.002267679777770648
strain,right_censored_excluded,mean_across_groups,mean_across_groups,71401,,,0,400,0,0.5699262323043107,0.45935695450282926,0.6049257374959253,0.7251381360004902,0.7592864826921808,0.154324161010281,0.07633021038649572,0.08793477263655539,0.11233541701144924,0.10141200691829302,0.5814261297156482,0.46432723157380734,0.6146528894020015,0.7478993418357126,0.7609335202855743,0.5812901450521024,0.4644194424177604,0.6147367895547308,0.7477873393662918,0.7608531507282574,-0.0114998974113375,-0.011363912747791693,-0.00497027707097808,-0.005062487914931135,-0.009727151906076204,-0.009811052058805503,-0.022761205835222453,-0.022649203365801673,-0.0016470375933934633,-0.001566668036076635
strain,all_censored_excluded,group,0,58696,14107.0,410.0,0,0,0,0.4022562295651313,0.5463177964739453,0.7039609188837983,0.6080821829575328,0.6462467042936128,,,,,,0.41380215908332696,0.5536151569261932,0.7138597898110787,0.6323248775859809,0.6457931735938808,0.41371892617083417,0.5536954023448847,0.7139150781931262,0.6322275077534504,0.6457251562859604,-0.011545929518195663,-0.011462696605702871,-0.007297360452247936,-0.0073776058709393855,-0.009898870927280368,-0.009954159309327859,-0.02424269462844808,-0.024145324795917578,0.00045353069973197435,0.0005215480076523615
strain,all_censored_excluded,group,1,6968,4426.0,380.0,0,0,0,0.7043240166065827,0.41808641303021876,0.5618293243193038,0.8323625035645728,0.8418546167296593,,,,,,0.6837493199500865,0.4211080911098371,0.5713910781489364,0.8323597111118026,0.8325692826923179,0.6837071004000594,0.4212928627742515,0.5715884441081335,0.832358189088092,0.8325674106363786,0.02057469665649625,0.020616916206523284,-0.0030216780796183396,-0.0032064497440327244,-0.009561753829632647,-0.009759119788829707,2.7924527701284063e-06,4.314476480749008e-06,0.009285334037341442,0.009287206093280709
strain,all_censored_excluded,group,2,5337,3832.0,379.0,0,0,0,0.6034700939847779,0.41031977677713843,0.5432404610634085,0.7353725992257615,0.7897314015378314,,,,,,0.6467269101135311,0.4182584466853915,0.5587078002459894,0.7790134368093543,0.8044381045705238,0.6464444085854137,0.418270062134145,0.5587068463629327,0.7787763212573332,0.8042668852624334,-0.043256816128753206,-0.04297431460063583,-0.007938669908253093,-0.007950285357006592,-0.01546733918258092,-0.015466385299524155,-0.04364083758359283,-0.04340372203157172,-0.014706703032692392,-0.014535483724602005
strain,all_censored_excluded,pooled,all_groups_pooled,71001,14724.0,1116.0,0,0,0,0.4582388684938199,0.5235105443090781,0.6803215039152797,0.6459129480138442,0.6844852675425588,,,,,,0.46384816203619217,0.5304687120015099,0.6905017122431709,0.6681008519273057,0.6825757515129203,0.4637695270635954,0.5305548681540915,0.6905660049757006,0.6680032736856601,0.6825141722921861,-0.005609293542372273,-0.005530658569775526,-0.006958167692431849,-0.007044323845013412,-0.010180208327891238,-0.010244501060420963,-0.022187903913461482,-0.022090325671815902,0.0019095160296385139,0.0019710952503726453
strain,all_censored_excluded,mean_across_groups,mean_across_groups,71001,,,0,0,0,0.5700167800521639,0.45824132876043416,0.6030102347555035,0.7252724285826223,0.7592775741870345,0.1537874512170464,0.0763752465353716,0.08791852437777066,0.11248077897207395,0.10129753477815305,0.5814261297156482,0.46432723157380734,0.6146528894020015,0.7478993418357126,0.7609335202855743,0.5812901450521024,0.4644194424177604,0.6147367895547308,0.7477873393662918,0.7608531507282574,-0.01140934966348428,-0.011273364999938473,-0.0060859028133731785,-0.006178113657326234,-0.01164265464649794,-0.01172655479922724,-0.022626913253090297,-0.022514910783669517,-0.0016559460985398067,-0.0015755765412229783
