protocol,scenario,aggregation,group,measurements,unique_molecules,pathogens,right_censored_measurements,left_censored_measurements,double_angle_measurements,r2,mae,rmse,spearman,pearson,r2_sample_sd,mae_sample_sd,rmse_sample_sd,spearman_sample_sd,pearson_sample_sd
phylum,paper_legacy,group,0,5328,3288.0,148.0,1145,7,0,0.309489971578489,0.5302093944840706,0.6842260886001895,0.5799550780609374,0.6338185687649841,,,,,
phylum,paper_legacy,group,1,44959,14723.0,627.0,7804,188,8,0.4171062111955476,0.5579674458245953,0.7235313080851185,0.6724138261970618,0.6790106617593594,,,,,
phylum,paper_legacy,group,2,35537,14140.0,636.0,6315,202,7,0.437621114287692,0.5458120527654874,0.7067792359807124,0.6407721080224705,0.6628714642452199,,,,,
phylum,paper_legacy,pooled,all_groups_pooled,85824,16540.0,1411.0,15264,397,15,0.42328018833873415,0.5512110478393716,0.7142416591493191,0.6437953752702906,0.6600577545017726,,,,,
phylum,paper_legacy,mean_across_groups,mean_across_groups,85824,,,15264,397,15,0.38807243235390954,0.5446629643580511,0.7048455442220067,0.63104700409349,0.6585668982565211,0.06882308964555717,0.013914656182668716,0.01972382930753746,0.04699029965372565,0.02290149085903281
phylum,right_censored_multiplier_1,group,0,5328,3288.0,148.0,1145,7,0,0.2920626034423386,0.4991424782827424,0.6431169530342541,0.5769462380440711,0.6299560505403117,,,,,
phylum,right_censored_multiplier_1,group,1,44951,14719.0,627.0,7804,188,0,0.42405541433453775,0.531666261668765,0.693478400407835,0.6677152654053484,0.6726848447762198,,,,,
phylum,right_censored_multiplier_1,group,2,35530,14137.0,636.0,6315,202,0,0.4250422084976839,0.5186500901306892,0.6797672036741615,0.6399650839727409,0.6615548423115046,,,,,
phylum,right_censored_multiplier_1,pooled,all_groups_pooled,85809,16538.0,1411.0,15264,397,0,0.42161747627307844,0.5242573501020464,0.6847893752305831,0.640354286992955,0.6555067840942086,,,,,
phylum,right_censored_multiplier_1,mean_across_groups,mean_across_groups,85809,,,15264,397,0,0.38038674209152007,0.5164862766940655,0.6721208523720836,0.6282088624740535,0.6547319125426787,0.0764925391248714,0.01636950481464282,0.02603687503458476,0.04651247832542068,0.022166455336530295
phylum,right_censored_multiplier_2,group,0,5328,3288.0,148.0,1145,7,0,0.3093517811837033,0.5302658941078814,0.6843188985768311,0.5798626017991961,0.6337447404555122,,,,,
phylum,right_censored_multiplier_2,group,1,44951,14719.0,627.0,7804,188,0,0.41698098977196985,0.5581133303829152,0.7236563913808071,0.6722958846172594,0.6789374744093729,,,,,
phylum,right_censored_multiplier_2,group,2,35530,14137.0,636.0,6315,202,0,0.4374717793658699,0.545935028176132,0.7068916375964238,0.6406002300208912,0.6627559494218308,,,,,
phylum,right_censored_multiplier_2,pooled,all_groups_pooled,85809,16538.0,1411.0,15264,397,0,0.4231446836983592,0.5513417071513149,0.7143593453331551,0.6436494381025495,0.6599594891792239,,,,,
phylum,right_censored_multiplier_2,mean_across_groups,mean_across_groups,85809,,,15264,397,0,0.38793485010718104,0.5447714175556428,0.7049556425180207,0.6309195721457823,0.6584793880955719,0.06882181453303456,0.013960136784075717,0.019740077070098158,0.04697088774764854,0.022897871803708045
phylum,right_censored_multiplier_4,group,0,5328,3288.0,148.0,1145,7,0,0.299720281281215,0.5885220639680131,0.7496224391508346,0.573234647024684,0.6275902492525504,,,,,
phylum,right_censored_multiplier_4,group,1,44951,14719.0,627.0,7804,188,0,0.39448623668159755,0.6065695543304875,0.7732462948728934,0.6711606896543464,0.6764915970878463,,,,,
phylum,right_censored_multiplier_4,group,2,35530,14137.0,636.0,6315,202,0,0.43014403307565496,0.5949789744849437,0.7546660618685882,0.6363733969990448,0.6564131619967367,,,,,
phylum,right_censored_multiplier_4,pooled,all_groups_pooled,85809,16538.0,1411.0,15264,397,0,0.40719379299898895,0.6006497751632273,0.7641474461906227,0.6410522786435362,0.6561522331354098,,,,,
phylum,right_censored_multiplier_4,mean_across_groups,mean_across_groups,85809,,,15264,397,0,0.3747835170128225,0.5966901975944814,0.7591782652974387,0.6269229112260251,0.6534983361123778,0.06740724463879363,0.009144626317890954,0.012441528227338506,0.04964233291542766,0.024580634907976816
phylum,right_censored_excluded,group,0,4183,2665.0,138.0,0,7,0,0.22512922918877887,0.5092857437318375,0.6541826575467374,0.5017909214809787,0.5751291131831754,,,,,
phylum,right_censored_excluded,group,1,37147,12454.0,571.0,0,188,0,0.4390650247394243,0.5518067911644475,0.7140923353691381,0.6523199700947672,0.6747298069149907,,,,,
phylum,right_censored_excluded,group,2,29215,11959.0,597.0,0,202,0,0.3832240068689432,0.5485756506287435,0.7099131533993076,0.5946899497025726,0.6431951502234159,,,,,
phylum,right_censored_excluded,pooled,all_groups_pooled,70545,14825.0,1306.0,0,397,0,0.4139352005691127,0.5479473636761606,0.7089447521185204,0.6067681489325911,0.644657547970321,,,,,
phylum,right_censored_excluded,mean_across_groups,mean_across_groups,70545,,,0,397,0,0.3491394202657155,0.5365560618416761,0.692729382105061,0.5829336137594395,0.6310180234405274,0.11096598775033092,0.02367198248244562,0.03344777826875337,0.0759500309101249,0.05090467916095363
phylum,all_censored_excluded,group,0,4176,2661.0,138.0,0,0,0,0.2276757687268407,0.5077714228686194,0.6517019054533738,0.5035886371861651,0.5775954086118134,,,,,
phylum,all_censored_excluded,group,1,36959,12389.0,562.0,0,0,0,0.4386199972568138,0.5510462773518633,0.7121091248187286,0.6526747018735664,0.6751142572611651,,,,,
phylum,all_censored_excluded,group,2,29013,11914.0,595.0,0,0,0,0.38596084810606024,0.5468168037193063,0.7068473393763766,0.5962903570379751,0.6445991431470813,,,,,
phylum,all_censored_excluded,pooled,all_groups_pooled,70148,14759.0,1295.0,0,0,0,0.41485612728666377,0.5467207725502522,0.7064750264350872,0.6076507295509191,0.6454677495758822,,,,,
phylum,all_censored_excluded,mean_across_groups,mean_across_groups,70148,,,0,0,0,0.3507522046965716,0.5352115013132631,0.6902194565494929,0.5841845653659021,0.6324362696733532,0.1097911804999781,0.023857714487944322,0.03346076662812659,0.07527666514265706,0.04988419668419281
strain,paper_legacy,group,0,71419,15892.0,431.0,12423,286,14,0.41380215908332696,0.5536151569261932,0.7138597898110787,0.6323248775859809,0.6457931735938808,,,,,
strain,paper_legacy,group,1,8146,5292.0,412.0,1129,49,0,0.6837493199500865,0.4211080911098371,0.5713910781489364,0.8323597111118026,0.8325692826923179,,,,,
strain,paper_legacy,group,2,6793,4742.0,419.0,1387,65,4,0.6467269101135311,0.4182584466853915,0.5587078002459894,0.7790134368093543,0.8044381045705238,,,,,
strain,paper_legacy,pooled,all_groups_pooled,86358,16560.0,1204.0,14939,400,18,0.46384816203619217,0.5304687120015099,0.6905017122431709,0.6681008519273057,0.6825757515129203,,,,,
strain,paper_legacy,mean_across_groups,mean_across_groups,86358,,,14939,400,18,0.5814261297156482,0.46432723157380734,0.6146528894020015,0.7478993418357126,0.7609335202855743,0.14634210383698681,0.07733873756815776,0.0861494236845103,0.1035835355423216,0.10070161554236623
strain,right_censored_multiplier_1,group,0,71405,15890.0,431.0,12423,286,0,0.4078345143648704,0.5289120300515401,0.6858874635044897,0.6307478403422928,0.6464365102067248,,,,,
strain,right_censored_multiplier_1,group,1,8146,5292.0,412.0,1129,49,0,0.6888556811470947,0.41156263081414735,0.5550114733341897,0.8315825826511488,0.831796633415091,,,,,
strain,right_censored_multiplier_1,group,2,6789,4739.0,419.0,1387,65,0,0.6389059339109144,0.400271849277498,0.5303107731372633,0.780965378662255,0.8060969906090494,,,,,
strain,right_censored_multiplier_1,pooled,all_groups_pooled,86340,16558.0,1204.0,14939,400,0,0.46025969664114486,0.5077252522722632,0.663506750766015,0.6669489706112398,0.6835025518020379,,,,,
strain,right_censored_multiplier_1,mean_across_groups,mean_across_groups,86340,,,14939,400,0,0.5785320431409599,0.44691550338106184,0.5904032366586476,0.7477652672185656,0.7614433780769551,0.1499232438947927,0.07123512635241078,0.0836089668027048,0.10445254415030397,0.10042436284627346
strain,right_censored_multiplier_2,group,0,71405,15890.0,431.0,12423,286,0,0.41371892617083417,0.5536954023448847,0.7139150781931262,0.6322275077534504,0.6457251562859604,,,,,
strain,right_censored_multiplier_2,group,1,8146,5292.0,412.0,1129,49,0,0.6837071004000594,0.4212928627742515,0.5715884441081335,0.832358189088092,0.8325674106363786,,,,,
strain,right_censored_multiplier_2,group,2,6789,4739.0,419.0,1387,65,0,0.6464444085854137,0.418270062134145,0.5587068463629327,0.7787763212573332,0.8042668852624334,,,,,
strain,right_censored_multiplier_2,pooled,all_groups_pooled,86340,16558.0,1204.0,14939,400,0,0.4637695270635954,0.5305548681540915,0.6905660049757006,0.6680032736856601,0.6825141722921861,,,,,
strain,right_censored_multiplier_2,mean_across_groups,mean_across_groups,86340,,,14939,400,0,0.5812901450521024,0.4644194424177604,0.6147367895547308,0.7477873393662918,0.7608531507282574,0.14631203675136834,0.07733002066862249,0.08613207064182274,0.10360168990827048,0.10070288606757763
strain,right_censored_multiplier_4,group,0,71405,15890.0,431.0,12423,286,0,0.4017772466571484,0.5982622704918256,0.7618658453582213,0.6268736453221225,0.6374923534211228,,,,,
strain,right_censored_multiplier_4,group,1,8146,5292.0,412.0,1129,49,0,0.6624114857597143,0.4566654277342805,0.60869349778566,0.827154666342478,0.8254005607633087,,,,,
strain,right_censored_multiplier_4,group,2,6789,4739.0,419.0,1387,65,0,0.6260403087850224,0.4715691261513825,0.6165259981030422,0.7703298739669927,0.7935380063788596,,,,,
strain,right_censored_multiplier_4,pooled,all_groups_pooled,86340,16558.0,1204.0,14939,400,0,0.44901615129673844,0.5749408940958303,0.7381601292377519,0.6621739711964294,0.6737208629550878,,,,,
strain,right_censored_multiplier_4,mean_across_groups,mean_across_groups,86340,,,14939,400,0,0.5634096804006284,0.5088322747924962,0.6623617804156412,0.7414527285438645,0.7521436401877636,0.1411541652131152,0.07780631821846819,0.08626199174826858,0.10321598224635754,0.1005608957841486
strain,right_censored_excluded,group,0,58982,14156.0,411.0,0,286,0,0.40213044126145636,0.5473643843125489,0.7057931885951109,0.6081208190485633,0.6463745705661456,,,,,
strain,right_censored_excluded,group,1,7017,4456.0,383.0,0,49,0,0.7057796477707274,0.41951499900501776,0.5645837025979402,0.8321179876241925,0.8426231050830217,,,,,
strain,right_censored_excluded,group,2,5402,3868.0,381.0,0,65,0,0.6018686078807485,0.4111914801909211,0.5444003212947248,0.7351756013287145,0.7888617724273754,,,,,
strain,right_censored_excluded,pooled,all_groups_pooled,71401,14785.0,1121.0,0,400,0,0.4583894392920672,0.5244974053519184,0.6820915246350189,0.6459862342005372,0.6847818520699568,,,,,
strain,right_censored_excluded,mean_across_groups,mean_across_groups,71401,,,0,400,0,0.5699262323043107,0.45935695450282926,0.6049257374959253,0.7251381360004902,0.7592864826921808,0.154324161010281,0.07633021038649572,0.08793477263655539,0.11233541701144924,0.10141200691829302
strain,all_censored_excluded,group,0,58696,14107.0,410.0,0,0,0,0.4022562295651313,0.5463177964739453,0.7039609188837983,0.6080821829575328,0.6462467042936128,,,,,
strain,all_censored_excluded,group,1,6968,4426.0,380.0,0,0,0,0.7043240166065827,0.41808641303021876,0.5618293243193038,0.8323625035645728,0.8418546167296593,,,,,
strain,all_censored_excluded,group,2,5337,3832.0,379.0,0,0,0,0.6034700939847779,0.41031977677713843,0.5432404610634085,0.7353725992257615,0.7897314015378314,,,,,
strain,all_censored_excluded,pooled,all_groups_pooled,71001,14724.0,1116.0,0,0,0,0.4582388684938199,0.5235105443090781,0.6803215039152797,0.6459129480138442,0.6844852675425588,,,,,
strain,all_censored_excluded,mean_across_groups,mean_across_groups,71001,,,0,0,0,0.5700167800521639,0.45824132876043416,0.6030102347555035,0.7252724285826223,0.7592775741870345,0.1537874512170464,0.0763752465353716,0.08791852437777066,0.11248077897207395,0.10129753477815305
