identity_definition,train_measurement_instances,test_measurement_instances,test_train_seen_measurement_instances,test_train_seen_fraction,test_train_unseen_measurement_instances,train_unique_molecules,test_unique_molecules,test_train_seen_unique_molecules,test_train_unseen_unique_molecules,test_pathogens,test_train_unseen_pathogens,test_train_unseen_low_mic_threshold_um,test_train_unseen_low_mic_measurement_instances,test_train_unseen_low_mic_fraction,protocol,group_index,group_name,aggregation,membership_status
dbaasp_id,24527,71419,45666,0.6394096808972403,25753,8956,15969,8184,7785,431,206,16.0,13694,0.5317438745000582,strain,0,fold 1,group,deterministic_candidate_not_exact_2025
model_input_token_sha256,24527,71419,45774,0.6409218835323933,25645,8929,15892,8160,7732,431,206,16.0,13656,0.5325014622733476,strain,0,fold 1,group,deterministic_candidate_not_exact_2025
dbaasp_id,155970,8146,7782,0.9553154922661429,364,16408,5306,4973,333,412,36,16.0,208,0.5714285714285714,strain,1,fold 2,group,deterministic_candidate_not_exact_2025
model_input_token_sha256,155970,8146,7783,0.9554382519027743,363,16329,5292,4960,332,412,36,16.0,207,0.5702479338842975,strain,1,fold 2,group,deterministic_candidate_not_exact_2025
dbaasp_id,157127,6793,6528,0.9609892536434566,265,16520,4750,4529,221,419,43,16.0,93,0.35094339622641507,strain,2,fold 3,group,deterministic_candidate_not_exact_2025
model_input_token_sha256,157127,6793,6529,0.9611364640070661,264,16443,4742,4524,218,419,43,16.0,93,0.3522727272727273,strain,2,fold 3,group,deterministic_candidate_not_exact_2025
dbaasp_id,337624,86358,59976,0.6945042729104426,26382,41884,26025,17686,8339,1262,285,16.0,13995,0.5304753240846032,strain,-1,all_groups,fold_or_group_measurement_instances,deterministic_candidate_not_exact_2025
model_input_token_sha256,337624,86358,60086,0.695778040251048,26272,41701,25926,17644,8282,1262,285,16.0,13956,0.5312119366626066,strain,-1,all_groups,fold_or_group_measurement_instances,deterministic_candidate_not_exact_2025
dbaasp_id,166444,45,12,0.26666666666666666,33,16731,16,6,10,10,6,16.0,18,0.5454545454545454,species,0,Serinales,group,canonical_taxonomy_cluster_adapter
model_input_token_sha256,166444,45,12,0.26666666666666666,33,16651,16,6,10,10,6,16.0,18,0.5454545454545454,species,0,Serinales,group,canonical_taxonomy_cluster_adapter
dbaasp_id,166247,146,133,0.910958904109589,13,16729,106,94,12,38,4,16.0,9,0.6923076923076923,species,1,Betaproteobacteria,group,canonical_taxonomy_cluster_adapter
model_input_token_sha256,166247,146,133,0.910958904109589,13,16649,106,94,12,38,4,16.0,9,0.6923076923076923,species,1,Betaproteobacteria,group,canonical_taxonomy_cluster_adapter
dbaasp_id,165704,439,414,0.9430523917995444,25,16718,356,333,23,31,5,16.0,5,0.2,species,2,FCB,group,canonical_taxonomy_cluster_adapter
model_input_token_sha256,165704,439,414,0.9430523917995444,25,16638,354,331,23,31,5,16.0,5,0.2,species,2,FCB,group,canonical_taxonomy_cluster_adapter
dbaasp_id,166320,112,111,0.9910714285714286,1,16740,77,76,1,32,1,16.0,1,1.0,species,3,VPC,group,canonical_taxonomy_cluster_adapter
model_input_token_sha256,166320,112,111,0.9910714285714286,1,16660,77,76,1,32,1,16.0,1,1.0,species,3,VPC,group,canonical_taxonomy_cluster_adapter
dbaasp_id,166121,315,290,0.9206349206349206,25,16727,239,225,14,47,4,16.0,18,0.72,species,4,BFSP,group,canonical_taxonomy_cluster_adapter
model_input_token_sha256,166121,315,290,0.9206349206349206,25,16647,238,224,14,47,4,16.0,18,0.72,species,4,BFSP,group,canonical_taxonomy_cluster_adapter
dbaasp_id,157299,4889,4398,0.8995704643076293,491,16504,3200,2963,237,117,43,16.0,190,0.3869653767820774,species,5,Eurotiomycetes,group,canonical_taxonomy_cluster_adapter
model_input_token_sha256,157299,4889,4403,0.9005931683370832,486,16426,3194,2959,235,117,43,16.0,190,0.39094650205761317,species,5,Eurotiomycetes,group,canonical_taxonomy_cluster_adapter
dbaasp_id,119344,25861,24814,0.9595143265921658,1047,15837,13242,12338,904,274,48,16.0,602,0.5749761222540593,species,6,MA,group,canonical_taxonomy_cluster_adapter
model_input_token_sha256,119344,25861,24827,0.9600170140365801,1034,15770,13177,12286,891,274,48,16.0,596,0.5764023210831721,species,6,MA,group,canonical_taxonomy_cluster_adapter
dbaasp_id,114802,27202,25875,0.9512168222924785,1327,15868,13479,12606,873,304,68,16.0,689,0.519216277317257,species,7,Bacillales,group,canonical_taxonomy_cluster_adapter
model_input_token_sha256,114802,27202,25877,0.9512903462980663,1325,15789,13433,12561,872,304,68,16.0,689,0.52,species,7,Bacillales,group,canonical_taxonomy_cluster_adapter
dbaasp_id,163171,1882,1744,0.926673751328374,138,16615,1610,1484,126,96,16,16.0,72,0.5217391304347826,species,8,Enterobacterales,group,canonical_taxonomy_cluster_adapter
model_input_token_sha256,163171,1882,1744,0.926673751328374,138,16535,1610,1484,126,96,16,16.0,72,0.5217391304347826,species,8,Enterobacterales,group,canonical_taxonomy_cluster_adapter
dbaasp_id,154644,6296,6046,0.9602922490470139,250,16605,4043,3907,136,194,24,16.0,97,0.388,species,9,Lactobacillales,group,canonical_taxonomy_cluster_adapter
model_input_token_sha256,154644,6296,6046,0.9602922490470139,250,16525,4041,3905,136,194,24,16.0,97,0.388,species,9,Lactobacillales,group,canonical_taxonomy_cluster_adapter
dbaasp_id,130997,18637,17815,0.9558941889789129,822,16191,10395,9845,550,268,60,16.0,587,0.7141119221411192,species,10,ALs,group,canonical_taxonomy_cluster_adapter
model_input_token_sha256,130997,18637,17821,0.9562161292053442,816,16117,10356,9812,544,268,60,16.0,585,0.7169117647058824,species,10,ALs,group,canonical_taxonomy_cluster_adapter
dbaasp_id,1671093,85824,81652,0.9513888888888888,4172,181265,46763,43877,2886,1411,279,16.0,2288,0.548418024928092,species,-1,all_groups,fold_or_group_measurement_instances,canonical_taxonomy_cluster_adapter
model_input_token_sha256,1671093,85824,81678,0.9516918344519015,4146,180407,46602,43738,2864,1411,279,16.0,2280,0.5499276410998553,species,-1,all_groups,fold_or_group_measurement_instances,canonical_taxonomy_cluster_adapter
dbaasp_id,156513,5328,4723,0.886448948948949,605,16452,3294,3005,289,148,56,16.0,242,0.4,phylum,0,Fungi,group,canonical_taxonomy_cluster_adapter
model_input_token_sha256,156513,5328,4728,0.8873873873873874,600,16375,3288,3002,286,148,56,16.0,242,0.4033333333333333,phylum,0,Fungi,group,canonical_taxonomy_cluster_adapter
dbaasp_id,83239,44959,41474,0.9224849307146511,3485,14859,14798,12916,1882,627,173,16.0,2274,0.6525107604017216,phylum,1,Pseudomonadati,group,canonical_taxonomy_cluster_adapter
model_input_token_sha256,83239,44959,41510,0.9232856602682444,3449,14805,14723,12867,1856,627,173,16.0,2259,0.6549724557842853,phylum,1,Pseudomonadati,group,canonical_taxonomy_cluster_adapter
dbaasp_id,99421,35537,33069,0.930551256436953,2468,15391,14187,12837,1350,636,211,16.0,1291,0.523095623987034,phylum,2,Bacillati,group,canonical_taxonomy_cluster_adapter
model_input_token_sha256,99421,35537,33071,0.9306075358077497,2466,15312,14140,12791,1349,636,211,16.0,1291,0.5235198702351987,phylum,2,Bacillati,group,canonical_taxonomy_cluster_adapter
dbaasp_id,339173,85824,79266,0.923587807606264,6558,46702,32279,28758,3521,1411,440,16.0,3807,0.5805123513266239,phylum,-1,all_groups,fold_or_group_measurement_instances,canonical_taxonomy_cluster_adapter
model_input_token_sha256,339173,85824,79309,0.9240888329604773,6515,46492,32151,28660,3491,1411,440,16.0,3792,0.5820414428242517,phylum,-1,all_groups,fold_or_group_measurement_instances,canonical_taxonomy_cluster_adapter
