left_candidate_row,right_candidate_row,tanimoto
1,2,0.027777777777777776
1,3,0.5740740740740741
1,4,0.2670157068062827
1,5,0.6993865030674846
1,6,0.3263157894736842
1,7,0.3314917127071823
1,8,0.4805194805194805
1,9,0.5705521472392638
1,10,0.3597560975609756
1,11,0.66875
1,12,0.2878787878787879
1,13,0.39759036144578314
1,14,0.2878787878787879
1,15,0.40606060606060607
1,16,0.44642857142857145
1,17,0.6787878787878788
1,18,0.5227272727272727
1,19,0.39880952380952384
1,20,0.69375
1,21,0.358974358974359
1,22,0.3383838383838384
1,23,0.3283582089552239
1,24,0.32515337423312884
1,25,0.2972972972972973
1,26,0.3526315789473684
1,27,0.7450980392156863
1,28,0.2205128205128205
1,29,0.2205128205128205
1,30,0.5616438356164384
1,31,0.3621621621621622
1,32,0.660377358490566
1,33,0.5947712418300654
1,34,0.25
1,35,0.6143790849673203
1,36,0.6428571428571429
1,37,0.6241610738255033
1,38,0.47560975609756095
1,39,0.6075949367088608
1,40,0.6666666666666666
1,41,0.3005464480874317
1,42,0.6554054054054054
1,43,0.6878980891719745
1,44,0.6772151898734177
1,45,0.5310344827586206
1,46,0.5365853658536586
1,47,0.6625
1,48,0.7350993377483444
1,49,0.5116279069767442
1,50,0.558282208588957
1,51,0.345679012345679
1,52,0.29896907216494845
1,53,0.37823834196891193
1,54,0.7974683544303798
1,55,0.3333333333333333
1,56,0.4125
1,57,0.6516129032258065
1,58,0.33658536585365856
1,59,0.6666666666666666
1,60,0.5421686746987951
1,61,0.6381578947368421
1,62,0.5214723926380368
1,63,0.463855421686747
1,64,0.44171779141104295
1,65,0.4397590361445783
1,66,0.38271604938271603
1,67,0.315
1,68,0.5333333333333333
1,69,0.7935483870967742
1,70,0.3793103448275862
1,71,0.41975308641975306
1,72,0.5962732919254659
1,73,0.5414012738853503
2,3,0.03305785123966942
2,4,0.04672897196261682
2,5,0.035211267605633804
2,6,0.042735042735042736
2,7,0.07766990291262135
2,8,0.031578947368421054
2,9,0.024390243902439025
2,10,0.02197802197802198
2,11,0.03787878787878788
2,12,0.06837606837606838
2,13,0.030303030303030304
2,14,0.06837606837606838
2,15,0.030303030303030304
2,16,0.02727272727272727
2,17,0.035211267605633804
2,18,0.029850746268656716
2,19,0.019417475728155338
2,20,0.03676470588235294
2,21,0.025
2,22,0.06299212598425197
2,23,0.03007518796992481
2,24,0.023809523809523808
2,25,0.0784313725490196
2,26,0.040983606557377046
2,27,0.03787878787878788
2,28,0.08
2,29,0.08
2,30,0.031578947368421054
2,31,0.03389830508474576
2,32,0.03076923076923077
2,33,0.03636363636363636
2,34,0.04395604395604396
2,35,0.035398230088495575
2,36,0.025
2,37,0.027522935779816515
2,38,0.027522935779816515
2,39,0.03333333333333333
2,40,0.037037037037037035
2,41,0.038461538461538464
2,42,0.026785714285714284
2,43,0.022727272727272728
2,44,0.022727272727272728
2,45,0.033707865168539325
2,46,0.03389830508474576
2,47,0.030303030303030304
2,48,0.03937007874015748
2,49,0.031746031746031744
2,50,0.03333333333333333
2,51,0.023255813953488372
2,52,0.07017543859649122
2,53,0.03816793893129771
2,54,0.02666666666666667
2,55,0.07017543859649122
2,56,0.010526315789473684
2,57,0.03278688524590164
2,58,0.058823529411764705
2,59,0.030534351145038167
2,60,0.03278688524590164
2,61,0.034782608695652174
2,62,0.03508771929824561
2,63,0.02727272727272727
2,64,0.029411764705882353
2,65,0.02830188679245283
2,66,0.03296703296703297
2,67,0.064
2,68,0.025
2,69,0.027777777777777776
2,70,0.034482758620689655
2,71,0.02040816326530612
2,72,0.032520325203252036
2,73,0.037037037037037035
3,4,0.16489361702127658
3,5,0.6387096774193548
3,6,0.2722222222222222
3,7,0.23863636363636365
3,8,0.4642857142857143
3,9,0.47468354430379744
3,10,0.22699386503067484
3,11,0.4878048780487805
3,12,0.22105263157894736
3,13,0.31446540880503143
3,14,0.22105263157894736
3,15,0.30625
3,16,0.375
3,17,0.5209580838323353
3,18,0.3687150837988827
3,19,0.325
3,20,0.559748427672956
3,21,0.2857142857142857
3,22,0.22842639593908629
3,23,0.22613065326633167
3,24,0.26973684210526316
3,25,0.20555555555555555
3,26,0.3
3,27,0.525
3,28,0.1813186813186813
3,29,0.1813186813186813
3,30,0.4236111111111111
3,31,0.25824175824175827
3,32,0.535031847133758
3,33,0.4258064516129032
3,34,0.20238095238095238
3,35,0.46405228758169936
3,36,0.4375
3,37,0.4407894736842105
3,38,0.3353658536585366
3,39,0.4620253164556962
3,40,0.5060975609756098
3,41,0.2011173184357542
3,42,0.3619631901840491
3,43,0.49382716049382713
3,44,0.49382716049382713
3,45,0.42142857142857143
3,46,0.3878787878787879
3,47,0.49079754601226994
3,48,0.484472049689441
3,49,0.42771084337349397
3,50,0.44375
3,51,0.28289473684210525
3,52,0.21164021164021163
3,53,0.2789473684210526
3,54,0.6415094339622641
3,55,0.20526315789473684
3,56,0.2848101265822785
3,57,0.45625
3,58,0.2676767676767677
3,59,0.48466257668711654
3,60,0.4294478527607362
3,61,0.5066666666666667
3,62,0.40625
3,63,0.31736526946107785
3,64,0.27710843373493976
3,65,0.32515337423312884
3,66,0.3581081081081081
3,67,0.20603015075376885
3,68,0.42857142857142855
3,69,0.5454545454545454
3,70,0.2722772277227723
3,71,0.2621951219512195
3,72,0.4268292682926829
3,73,0.37735849056603776
4,5,0.19900497512437812
4,6,0.5
4,7,0.4041095890410959
4,8,0.1497005988023952
4,9,0.2154696132596685
4,10,0.147239263803681
4,11,0.2222222222222222
4,12,0.4697986577181208
4,13,0.15976331360946747
4,14,0.4697986577181208
4,15,0.18787878787878787
4,16,0.1564245810055866
4,17,0.2422680412371134
4,18,0.23404255319148937
4,19,0.13714285714285715
4,20,0.211340206185567
4,21,0.1503267973856209
4,22,0.5684931506849316
4,23,0.2222222222222222
4,24,0.1464968152866242
4,25,0.48905109489051096
4,26,0.6014492753623188
4,27,0.23529411764705882
4,28,0.3202614379084967
4,29,0.3202614379084967
4,30,0.20754716981132076
4,31,0.5
4,32,0.2127659574468085
4,33,0.19540229885057472
4,34,0.44274809160305345
4,35,0.2485207100591716
4,36,0.23295454545454544
4,37,0.24096385542168675
4,38,0.21176470588235294
4,39,0.21787709497206703
4,40,0.225130890052356
4,41,0.5905511811023622
4,42,0.24404761904761904
4,43,0.21808510638297873
4,44,0.21808510638297873
4,45,0.2236842105263158
4,46,0.2558139534883721
4,47,0.22340425531914893
4,48,0.2768361581920904
4,49,0.18518518518518517
4,50,0.23163841807909605
4,51,0.14465408805031446
4,52,0.5
4,53,0.5862068965517241
4,54,0.24
4,55,0.5428571428571428
4,56,0.1377245508982036
4,57,0.24293785310734464
4,58,0.5256410256410257
4,59,0.23118279569892472
4,60,0.2087912087912088
4,61,0.22413793103448276
4,62,0.17777777777777778
4,63,0.19653179190751446
4,64,0.19879518072289157
4,65,0.19411764705882353
4,66,0.18238993710691823
4,67,0.5133333333333333
4,68,0.20555555555555555
4,69,0.2538860103626943
4,70,0.5641025641025641
4,71,0.14792899408284024
4,72,0.20765027322404372
4,73,0.21176470588235294
5,6,0.32105263157894737
5,7,0.2765957446808511
5,8,0.48366013071895425
5,9,0.5269461077844312
5,10,0.37888198757763975
5,11,0.6419753086419753
5,12,0.27638190954773867
5,13,0.4620253164556962
5,14,0.27638190954773867
5,15,0.4713375796178344
5,16,0.5125
5,17,0.6428571428571429
5,18,0.5523255813953488
5,19,0.4625
5,20,0.6981132075471698
5,21,0.36129032258064514
5,22,0.2815533980582524
5,23,0.31683168316831684
5,24,0.34375
5,25,0.2578947368421053
5,26,0.2864321608040201
5,27,0.6121212121212121
5,28,0.22164948453608246
5,29,0.22164948453608246
5,30,0.5874125874125874
5,31,0.28061224489795916
5,32,0.6967741935483871
5,33,0.62
5,34,0.22404371584699453
5,35,0.5769230769230769
5,36,0.5365853658536586
5,37,0.5157232704402516
5,38,0.50625
5,39,0.58125
5,40,0.6107784431137725
5,41,0.24736842105263157
5,42,0.554140127388535
5,43,0.6196319018404908
5,44,0.6296296296296297
5,45,0.46357615894039733
5,46,0.56875
5,47,0.65625
5,48,0.5818181818181818
5,49,0.5325443786982249
5,50,0.6644736842105263
5,51,0.3821656050955414
5,52,0.24875621890547264
5,53,0.29901960784313725
5,54,0.76875
5,55,0.2613065326633166
5,56,0.3888888888888889
5,57,0.5838509316770186
5,58,0.3125
5,59,0.6
5,60,0.6037735849056604
5,61,0.47619047619047616
5,62,0.4879518072289157
5,63,0.5316455696202531
5,64,0.4625
5,65,0.4691358024691358
5,66,0.41139240506329117
5,67,0.26570048309178745
5,68,0.5460122699386503
5,69,0.6586826347305389
5,70,0.3160377358490566
5,71,0.41358024691358025
5,72,0.5515151515151515
5,73,0.50625
6,7,0.5034965034965035
6,8,0.20238095238095238
6,9,0.2994350282485876
6,10,0.13872832369942195
6,11,0.22959183673469388
6,12,0.5793103448275863
6,13,0.15083798882681565
6,14,0.5793103448275863
6,15,0.17714285714285713
6,16,0.14814814814814814
6,17,0.3422459893048128
6,18,0.2604166666666667
6,19,0.12972972972972974
6,20,0.28272251308900526
6,21,0.11377245508982035
6,22,0.6258503401360545
6,23,0.19900497512437812
6,24,0.09826589595375723
6,25,0.4657534246575342
6,26,0.6739130434782609
6,27,0.3241758241758242
6,28,0.43243243243243246
6,29,0.43243243243243246
6,30,0.27848101265822783
6,31,0.5586206896551724
6,32,0.26595744680851063
6,33,0.345679012345679
6,34,0.592
6,35,0.2346368715083799
6,36,0.32748538011695905
6,37,0.3090909090909091
6,38,0.18032786885245902
6,39,0.26666666666666666
6,40,0.31891891891891894
6,41,0.46206896551724136
6,42,0.24431818181818182
6,43,0.30601092896174864
6,44,0.30601092896174864
6,45,0.20987654320987653
6,46,0.22826086956521738
6,47,0.30434782608695654
6,48,0.2620320855614973
6,49,0.2717391304347826
6,50,0.2127659574468085
6,51,0.09714285714285714
6,52,0.4868421052631579
6,53,0.6326530612244898
6,54,0.32989690721649484
6,55,0.5167785234899329
6,56,0.12994350282485875
6,57,0.27071823204419887
6,58,0.6756756756756757
6,59,0.26455026455026454
6,60,0.21693121693121692
6,61,0.2185792349726776
6,62,0.2
6,63,0.1793478260869565
6,64,0.17415730337078653
6,65,0.15135135135135136
6,66,0.14450867052023122
6,67,0.5192307692307693
6,68,0.22043010752688172
6,69,0.2727272727272727
6,70,0.7638888888888888
6,71,0.13966480446927373
6,72,0.19072164948453607
6,73,0.2342857142857143
7,8,0.23225806451612904
7,9,0.31137724550898205
7,10,0.14814814814814814
7,11,0.2849162011173184
7,12,0.4931506849315068
7,13,0.18181818181818182
7,14,0.4931506849315068
7,15,0.16766467065868262
7,16,0.14444444444444443
7,17,0.3333333333333333
7,18,0.2692307692307692
7,19,0.13793103448275862
7,20,0.32954545454545453
7,21,0.12179487179487179
7,22,0.52
7,23,0.15577889447236182
7,24,0.11875
7,25,0.549618320610687
7,26,0.6058394160583942
7,27,0.3609467455621302
7,28,0.7033898305084746
7,29,0.7033898305084746
7,30,0.26490066225165565
7,31,0.6165413533834586
7,32,0.22702702702702704
7,33,0.3269230769230769
7,34,0.5409836065573771
7,35,0.2727272727272727
7,36,0.3670886075949367
7,37,0.34868421052631576
7,38,0.1781609195402299
7,39,0.3231707317073171
7,40,0.3468208092485549
7,41,0.5703125
7,42,0.2919254658385093
7,43,0.3411764705882353
7,44,0.3411764705882353
7,45,0.2012987012987013
7,46,0.1878453038674033
7,47,0.34705882352941175
7,48,0.2569832402234637
7,49,0.2388888888888889
7,50,0.1793478260869565
7,51,0.11728395061728394
7,52,0.5357142857142857
7,53,0.624113475177305
7,54,0.32085561497326204
7,55,0.5925925925925926
7,56,0.1317365269461078
7,57,0.32727272727272727
7,58,0.6013513513513513
7,59,0.3103448275862069
7,60,0.16489361702127658
7,61,0.23976608187134502
7,62,0.192090395480226
7,63,0.15730337078651685
7,64,0.16470588235294117
7,65,0.12849162011173185
7,66,0.16149068322981366
7,67,0.6617647058823529
7,68,0.16129032258064516
7,69,0.26842105263157895
7,70,0.62
7,71,0.14201183431952663
7,72,0.1827956989247312
7,73,0.2275449101796407
8,9,0.3464052287581699
8,10,0.49137931034482757
8,11,0.5174825174825175
8,12,0.2275449101796407
8,13,0.5555555555555556
8,14,0.2275449101796407
8,15,0.5826086956521739
8,16,0.49612403100775193
8,17,0.32748538011695905
8,18,0.379746835443038
8,19,0.5677966101694916
8,20,0.49324324324324326
8,21,0.39655172413793105
8,22,0.22857142857142856
8,23,0.27647058823529413
8,24,0.5370370370370371
8,25,0.22580645161290322
8,26,0.21052631578947367
8,27,0.3821656050955414
8,28,0.2702702702702703
8,29,0.2702702702702703
8,30,0.6036036036036037
8,31,0.22424242424242424
8,32,0.6212121212121212
8,33,0.4264705882352941
8,34,0.2589928057553957
8,35,0.5511811023622047
8,36,0.4097222222222222
8,37,0.381294964028777
8,38,0.6271186440677966
8,39,0.4068965517241379
8,40,0.36645962732919257
8,41,0.22875816993464052
8,42,0.39285714285714285
8,43,0.4726027397260274
8,44,0.4726027397260274
8,45,0.3983739837398374
8,46,0.463768115942029
8,47,0.4896551724137931
8,48,0.39473684210526316
8,49,0.5441176470588235
8,50,0.5223880597014925
8,51,0.5412844036697247
8,52,0.21686746987951808
8,53,0.20670391061452514
8,54,0.43558282208588955
8,55,0.2546583850931677
8,56,0.6
8,57,0.4714285714285714
8,58,0.22404371584699453
8,59,0.5034965034965035
8,60,0.4714285714285714
8,61,0.35374149659863946
8,62,0.6229508196721312
8,63,0.5950413223140496
8,64,0.5546218487394958
8,65,0.5241935483870968
8,66,0.5263157894736842
8,67,0.24561403508771928
8,68,0.49264705882352944
8,69,0.49019607843137253
8,70,0.21693121693121692
8,71,0.5254237288135594
8,72,0.5109489051094891
8,73,0.5609756097560976
9,10,0.3223684210526316
9,11,0.4411764705882353
9,12,0.2198952879581152
9,13,0.3375796178343949
9,14,0.2198952879581152
9,15,0.3291139240506329
9,16,0.22099447513812154
9,17,0.6346153846153846
9,18,0.5769230769230769
9,19,0.33962264150943394
9,20,0.4476744186046512
9,21,0.35714285714285715
9,22,0.2789473684210526
9,23,0.1951219512195122
9,24,0.29333333333333333
9,25,0.2976190476190476
9,26,0.327683615819209
9,27,0.53125
9,28,0.19337016574585636
9,29,0.19337016574585636
9,30,0.4714285714285714
9,31,0.3609467455621302
9,32,0.4152046783625731
9,33,0.6691729323308271
9,34,0.23030303030303031
9,35,0.5845070422535211
9,36,0.7238805970149254
9,37,0.7054263565891473
9,38,0.35802469135802467
9,39,0.6223776223776224
9,40,0.5796178343949044
9,41,0.2934131736526946
9,42,0.5379310344827586
9,43,0.7482014388489209
9,44,0.7357142857142858
9,45,0.28205128205128205
9,46,0.3142857142857143
9,47,0.5844155844155844
9,48,0.5286624203821656
9,49,0.4968553459119497
9,50,0.3333333333333333
9,51,0.2727272727272727
9,52,0.2994350282485876
9,53,0.34065934065934067
9,54,0.6477987421383647
9,55,0.2849162011173184
9,56,0.2911392405063291
9,57,0.6595744680851063
9,58,0.2537313432835821
9,59,0.62
9,60,0.3448275862068966
9,61,0.48366013071895425
9,62,0.42138364779874216
9,63,0.3558282208588957
9,64,0.3741935483870968
9,65,0.3821656050955414
9,66,0.3741496598639456
9,67,0.2751322751322751
9,68,0.3508771929824561
9,69,0.5515151515151515
9,70,0.32989690721649484
9,71,0.2682926829268293
9,72,0.3128491620111732
9,73,0.4965986394557823
10,11,0.43243243243243246
10,12,0.13636363636363635
10,13,0.7184466019417476
10,14,0.13636363636363635
10,15,0.7019230769230769
10,16,0.5666666666666667
10,17,0.3058823529411765
10,18,0.3741935483870968
10,19,0.7307692307692307
10,20,0.3670886075949367
10,21,0.6020408163265306
10,22,0.15384615384615385
10,23,0.3167701863354037
10,24,0.6262626262626263
10,25,0.12804878048780488
10,26,0.1348314606741573
10,27,0.40397350993377484
10,28,0.18064516129032257
10,29,0.18064516129032257
10,30,0.36220472440944884
10,31,0.13218390804597702
10,32,0.4315068493150685
10,33,0.44274809160305345
10,34,0.18055555555555555
10,35,0.4117647058823529
10,36,0.375
10,37,0.3357142857142857
10,38,0.6403508771929824
10,39,0.35374149659863946
10,40,0.3961038961038961
10,41,0.12962962962962962
10,42,0.4074074074074074
10,43,0.40939597315436244
10,44,0.4
10,45,0.35772357723577236
10,46,0.5511811023622047
10,47,0.37012987012987014
10,48,0.35294117647058826
10,49,0.4748201438848921
10,50,0.5307692307692308
10,51,0.6632653061224489
10,52,0.13218390804597702
10,53,0.12834224598930483
10,54,0.3391812865497076
10,55,0.1588235294117647
10,56,0.7628865979381443
10,57,0.4154929577464789
10,58,0.140625
10,59,0.40939597315436244
10,60,0.5581395348837209
10,61,0.38571428571428573
10,62,0.4846153846153846
10,63,0.7247706422018348
10,64,0.7307692307692307
10,65,0.6576576576576577
10,66,0.5089285714285714
10,67,0.16201117318435754
10,68,0.5230769230769231
10,69,0.4025157232704403
10,70,0.14795918367346939
10,71,0.7676767676767676
10,72,0.5538461538461539
10,73,0.5203252032520326
11,12,0.25773195876288657
11,13,0.6014492753623188
11,14,0.25773195876288657
11,15,0.48322147651006714
11,16,0.5782312925170068
11,17,0.5739644970414202
11,18,0.5962732919254659
11,19,0.4267515923566879
11,20,0.7449664429530202
11,21,0.3767123287671233
11,22,0.29591836734693877
11,23,0.29949238578680204
11,24,0.3945578231292517
11,25,0.27932960893854747
11,26,0.27461139896373055
11,27,0.695364238410596
11,28,0.22702702702702704
11,29,0.22702702702702704
11,30,0.528169014084507
11,31,0.24870466321243523
11,32,0.6428571428571429
11,33,0.47468354430379744
11,34,0.2441860465116279
11,35,0.6619718309859155
11,36,0.5316455696202531
11,37,0.4620253164556962
11,38,0.5298013245033113
11,39,0.577922077922078
11,40,0.6496815286624203
11,41,0.2752808988764045
11,42,0.5294117647058824
11,43,0.577639751552795
11,44,0.5679012345679012
11,45,0.5071428571428571
11,46,0.50625
11,47,0.6139240506329114
11,48,0.6298701298701299
11,49,0.5182926829268293
11,50,0.609271523178808
11,51,0.38926174496644295
11,52,0.2617801047120419
11,53,0.26865671641791045
11,54,0.6153846153846154
11,55,0.2887700534759358
11,56,0.43333333333333335
11,57,0.5506329113924051
11,58,0.2347417840375587
11,59,0.5974842767295597
11,60,0.5806451612903226
11,61,0.5555555555555556
11,62,0.5290322580645161
11,63,0.5064935064935064
11,64,0.46405228758169936
11,65,0.46153846153846156
11,66,0.4589041095890411
11,67,0.2727272727272727
11,68,0.5031055900621118
11,69,0.756578947368421
11,70,0.28095238095238095
11,71,0.43137254901960786
11,72,0.5769230769230769
11,73,0.49032258064516127
12,13,0.17415730337078653
12,14,1.0
12,15,0.19428571428571428
12,16,0.17647058823529413
12,17,0.27638190954773867
12,18,0.2564102564102564
12,19,0.14594594594594595
12,20,0.24
12,21,0.125
12,22,0.7285714285714285
12,23,0.22613065326633167
12,24,0.12209302325581395
12,25,0.572463768115942
12,26,0.4810126582278481
12,27,0.25773195876288657
12,28,0.5034965034965035
12,29,0.5034965034965035
12,30,0.3141025641025641
12,31,0.5472972972972973
12,32,0.3027027027027027
12,33,0.2774566473988439
12,34,0.4852941176470588
12,35,0.25842696629213485
12,36,0.2568306010928962
12,37,0.23728813559322035
12,38,0.20994475138121546
12,39,0.2222222222222222
12,40,0.25380710659898476
12,41,0.5808823529411765
12,42,0.20652173913043478
12,43,0.2538860103626943
12,44,0.2538860103626943
12,45,0.22839506172839505
12,46,0.24456521739130435
12,47,0.265625
12,48,0.27807486631016043
12,49,0.27419354838709675
12,50,0.24864864864864866
12,51,0.1206896551724138
12,52,0.6357142857142857
12,53,0.577922077922078
12,54,0.2731707317073171
12,55,0.6357142857142857
12,56,0.14689265536723164
12,57,0.2198952879581152
12,58,0.7310344827586207
12,59,0.2222222222222222
12,60,0.2328042328042328
12,61,0.16494845360824742
12,62,0.22282608695652173
12,63,0.1956521739130435
12,64,0.18435754189944134
12,65,0.16756756756756758
12,66,0.17543859649122806
12,67,0.6216216216216216
12,68,0.22994652406417113
12,69,0.2878787878787879
12,70,0.5962732919254659
12,71,0.1564245810055866
12,72,0.225130890052356
12,73,0.25862068965517243
13,14,0.17415730337078653
13,15,0.7714285714285715
13,16,0.6016260162601627
13,17,0.3588235294117647
13,18,0.4050632911392405
13,19,0.6153846153846154
13,20,0.461038961038961
13,21,0.509090909090909
13,22,0.1774193548387097
13,23,0.32335329341317365
13,24,0.5887850467289719
13,25,0.17575757575757575
13,26,0.14673913043478262
13,27,0.45394736842105265
13,28,0.2229299363057325
13,29,0.2229299363057325
13,30,0.46774193548387094
13,31,0.15730337078651685
13,32,0.5244755244755245
13,33,0.45588235294117646
13,34,0.20134228187919462
13,35,0.5343511450381679
13,36,0.42758620689655175
13,37,0.35172413793103446
13,38,0.7818181818181819
13,39,0.49640287769784175
13,40,0.4088050314465409
13,41,0.17791411042944785
13,42,0.5075757575757576
13,43,0.4797297297297297
13,44,0.4697986577181208
13,45,0.4426229508196721
13,46,0.5259259259259259
13,47,0.4864864864864865
13,48,0.3935483870967742
13,49,0.6090225563909775
13,50,0.6507936507936508
13,51,0.5925925925925926
13,52,0.1638418079096045
13,53,0.1518324607329843
13,54,0.40828402366863903
13,55,0.1839080459770115
13,56,0.6363636363636364
13,57,0.42857142857142855
13,58,0.15151515151515152
13,59,0.4797297297297297
13,60,0.627906976744186
13,61,0.4
13,62,0.5658914728682171
13,63,0.7433628318584071
13,64,0.6875
13,65,0.6782608695652174
13,66,0.6792452830188679
13,67,0.1793478260869565
13,68,0.5681818181818182
13,69,0.46835443037974683
13,70,0.17
13,71,0.6428571428571429
13,72,0.5984848484848485
13,73,0.568
14,15,0.19428571428571428
14,16,0.17647058823529413
14,17,0.27638190954773867
14,18,0.2564102564102564
14,19,0.14594594594594595
14,20,0.24
14,21,0.125
14,22,0.7285714285714285
14,23,0.22613065326633167
14,24,0.12209302325581395
14,25,0.572463768115942
14,26,0.4810126582278481
14,27,0.25773195876288657
14,28,0.5034965034965035
14,29,0.5034965034965035
14,30,0.3141025641025641
14,31,0.5472972972972973
14,32,0.3027027027027027
14,33,0.2774566473988439
14,34,0.4852941176470588
14,35,0.25842696629213485
14,36,0.2568306010928962
14,37,0.23728813559322035
14,38,0.20994475138121546
14,39,0.2222222222222222
14,40,0.25380710659898476
14,41,0.5808823529411765
14,42,0.20652173913043478
14,43,0.2538860103626943
14,44,0.2538860103626943
14,45,0.22839506172839505
14,46,0.24456521739130435
14,47,0.265625
14,48,0.27807486631016043
14,49,0.27419354838709675
14,50,0.24864864864864866
14,51,0.1206896551724138
14,52,0.6357142857142857
14,53,0.577922077922078
14,54,0.2731707317073171
14,55,0.6357142857142857
14,56,0.14689265536723164
14,57,0.2198952879581152
14,58,0.7310344827586207
14,59,0.2222222222222222
14,60,0.2328042328042328
14,61,0.16494845360824742
14,62,0.22282608695652173
14,63,0.1956521739130435
14,64,0.18435754189944134
14,65,0.16756756756756758
14,66,0.17543859649122806
14,67,0.6216216216216216
14,68,0.22994652406417113
14,69,0.2878787878787879
14,70,0.5962732919254659
14,71,0.1564245810055866
14,72,0.225130890052356
14,73,0.25862068965517243
15,16,0.5390625
15,17,0.3430232558139535
15,18,0.37888198757763975
15,19,0.6578947368421053
15,20,0.39751552795031053
15,21,0.509090909090909
15,22,0.2032967032967033
15,23,0.3987341772151899
15,24,0.6190476190476191
15,25,0.1901840490797546
15,26,0.14054054054054055
15,27,0.389937106918239
15,28,0.2
15,29,0.2
15,30,0.4796747967479675
15,31,0.1839080459770115
15,32,0.5244755244755245
15,33,0.44525547445255476
15,34,0.18543046357615894
15,35,0.5227272727272727
15,36,0.42758620689655175
15,37,0.3900709219858156
15,38,0.8148148148148148
15,39,0.475177304964539
15,40,0.3493975903614458
15,41,0.18518518518518517
15,42,0.48507462686567165
15,43,0.4797297297297297
15,44,0.4897959183673469
15,45,0.4426229508196721
15,46,0.5725190839694656
15,47,0.4965986394557823
15,48,0.4117647058823529
15,49,0.5735294117647058
15,50,0.6507936507936508
15,51,0.638095238095238
15,52,0.1839080459770115
15,53,0.17647058823529413
15,54,0.4
15,55,0.21893491124260356
15,56,0.6666666666666666
15,57,0.4482758620689655
15,58,0.193717277486911
15,59,0.5
15,60,0.6666666666666666
15,61,0.4
15,62,0.578125
15,63,0.8584905660377359
15,64,0.75
15,65,0.7387387387387387
15,66,0.6036036036036037
15,67,0.2122905027932961
15,68,0.6299212598425197
15,69,0.45
15,70,0.19387755102040816
15,71,0.6576576576576577
15,72,0.562962962962963
15,73,0.5806451612903226
16,17,0.3595505617977528
16,18,0.3390804597701149
16,19,0.6
16,20,0.5838926174496645
16,21,0.4628099173553719
16,22,0.17346938775510204
16,23,0.3567251461988304
16,24,0.6017699115044248
16,25,0.1452513966480447
16,26,0.15025906735751296
16,27,0.45
16,28,0.18023255813953487
16,29,0.18023255813953487
16,30,0.36879432624113473
16,31,0.12435233160621761
16,32,0.5793103448275863
16,33,0.3227848101265823
16,34,0.14457831325301204
16,35,0.4228187919463087
16,36,0.27485380116959063
16,37,0.21052631578947367
16,38,0.5923076923076923
16,39,0.32727272727272727
16,40,0.41566265060240964
16,41,0.1404494382022472
16,42,0.3548387096774194
16,43,0.3142857142857143
16,44,0.3142857142857143
16,45,0.48412698412698413
16,46,0.6194029850746269
16,47,0.3588235294117647
16,48,0.4276729559748428
16,49,0.4240506329113924
16,50,0.7244094488188977
16,51,0.5641025641025641
16,52,0.13612565445026178
16,53,0.14925373134328357
16,54,0.4228571428571429
16,55,0.15425531914893617
16,56,0.5655737704918032
16,57,0.3393939393939394
16,58,0.16019417475728157
16,59,0.36904761904761907
16,60,0.6742424242424242
16,61,0.44594594594594594
16,62,0.4105960264900662
16,63,0.5522388059701493
16,64,0.5503875968992248
16,65,0.5111111111111111
16,66,0.4881889763779528
16,67,0.15736040609137056
16,68,0.5912408759124088
16,69,0.49079754601226994
16,70,0.16113744075829384
16,71,0.5853658536585366
16,72,0.6691729323308271
16,73,0.39864864864864863
17,18,0.5705882352941176
17,19,0.3220338983050847
17,20,0.5976331360946746
17,21,0.2865853658536585
17,22,0.3333333333333333
17,23,0.30392156862745096
17,24,0.25
17,25,0.2918918918918919
17,26,0.3473684210526316
17,27,0.7161290322580646
17,28,0.22797927461139897
17,29,0.22797927461139897
17,30,0.41875
17,31,0.3351063829787234
17,32,0.5114942528735632
17,33,0.62
17,34,0.23756906077348067
17,35,0.5279503105590062
17,36,0.6688741721854304
17,37,0.564935064935065
17,38,0.37714285714285717
17,39,0.6012658227848101
17,40,0.68125
17,41,0.27419354838709675
17,42,0.5061728395061729
17,43,0.6196319018404908
17,44,0.6097560975609756
17,45,0.4258064516129032
17,46,0.4342857142857143
17,47,0.6257668711656442
17,48,0.6211180124223602
17,49,0.5416666666666666
17,50,0.44571428571428573
17,51,0.24
17,52,0.29381443298969073
17,53,0.3520408163265306
17,54,0.725609756097561
17,55,0.3072916666666667
17,56,0.2430939226519337
17,57,0.5644171779141104
17,58,0.3062200956937799
17,59,0.5348837209302325
17,60,0.45714285714285713
17,61,0.5121951219512195
17,62,0.4034090909090909
17,63,0.3370165745856354
17,64,0.3684210526315789
17,65,0.3076923076923077
17,66,0.3273809523809524
17,67,0.297029702970297
17,68,0.40782122905027934
17,69,0.6198830409356725
17,70,0.36764705882352944
17,71,0.2937853107344633
17,72,0.4463276836158192
17,73,0.45180722891566266
18,19,0.3888888888888889
18,20,0.48295454545454547
18,21,0.3032258064516129
18,22,0.3076923076923077
18,23,0.25365853658536586
18,24,0.2875
18,25,0.3068181818181818
18,26,0.26666666666666666
18,27,0.5207100591715976
18,28,0.2127659574468085
18,29,0.2127659574468085
18,30,0.5244755244755245
18,31,0.2804232804232804
18,32,0.4853801169590643
18,33,0.5394736842105263
18,34,0.25
18,35,0.5592105263157895
18,36,0.5576923076923077
18,37,0.4967741935483871
18,38,0.4146341463414634
18,39,0.515527950310559
18,40,0.5757575757575758
18,41,0.29545454545454547
18,42,0.5064102564102564
18,43,0.5740740740740741
18,44,0.5740740740740741
18,45,0.30864197530864196
18,46,0.4235294117647059
18,47,0.5705521472392638
18,48,0.5180722891566265
18,49,0.5337423312883436
18,50,0.4437869822485207
18,51,0.27607361963190186
18,52,0.29411764705882354
18,53,0.26732673267326734
18,54,0.5657142857142857
18,55,0.3081081081081081
18,56,0.3416149068322981
18,57,0.5375
18,58,0.2336448598130841
18,59,0.5454545454545454
18,60,0.3898305084745763
18,61,0.3502824858757062
18,62,0.44242424242424244
18,63,0.4382716049382716
18,64,0.4240506329113924
18,65,0.43125
18,66,0.32919254658385094
18,67,0.30412371134020616
18,68,0.3806818181818182
18,69,0.6242424242424243
18,70,0.291866028708134
18,71,0.36645962732919257
18,72,0.4034090909090909
18,73,0.4591194968553459
19,20,0.4074074074074074
19,21,0.5943396226415094
19,22,0.16230366492146597
19,23,0.3333333333333333
19,24,0.696078431372549
19,25,0.14534883720930233
19,26,0.13829787234042554
19,27,0.3254437869822485
19,28,0.16766467065868262
19,29,0.16766467065868262
19,30,0.43410852713178294
19,31,0.1358695652173913
19,32,0.48322147651006714
19,33,0.38620689655172413
19,34,0.1518987341772152
19,35,0.45714285714285713
19,36,0.32075471698113206
19,37,0.27564102564102566
19,38,0.7008547008547008
19,39,0.34394904458598724
19,40,0.31976744186046513
19,41,0.13372093023255813
19,42,0.4225352112676056
19,43,0.39622641509433965
19,44,0.39622641509433965
19,45,0.366412213740458
19,46,0.5144927536231884
19,47,0.39375
19,48,0.36024844720496896
19,49,0.5174825174825175
19,50,0.5864661654135338
19,51,0.6990291262135923
19,52,0.14835164835164835
19,53,0.12626262626262627
19,54,0.4011627906976744
19,55,0.16759776536312848
19,56,0.7941176470588235
19,57,0.40131578947368424
19,58,0.14925373134328357
19,59,0.4230769230769231
19,60,0.5434782608695652
19,61,0.36423841059602646
19,62,0.4748201438848921
19,63,0.7094017094017094
19,64,0.6695652173913044
19,65,0.6610169491525424
19,66,0.5603448275862069
19,67,0.17647058823529413
19,68,0.5
19,69,0.42424242424242425
19,70,0.15048543689320387
19,71,0.7314814814814815
19,72,0.5970149253731343
19,73,0.5075757575757576
20,21,0.34868421052631576
20,22,0.2835820895522388
20,23,0.28078817733990147
20,24,0.3841059602649007
20,25,0.266304347826087
20,26,0.32275132275132273
20,27,0.7105263157894737
20,28,0.2222222222222222
20,29,0.2222222222222222
20,30,0.5034013605442177
20,31,0.2962962962962963
20,32,0.5766871165644172
20,33,0.5192307692307693
20,34,0.2247191011235955
20,35,0.5894039735099338
20,36,0.5185185185185185
20,37,0.4506172839506173
20,38,0.4779874213836478
20,39,0.5833333333333334
20,40,0.6751592356687898
20,41,0.26229508196721313
20,42,0.5159235668789809
20,43,0.5542168674698795
20,44,0.5542168674698795
20,45,0.4429530201342282
20,46,0.49390243902439024
20,47,0.6086956521739131
20,48,0.5838509316770186
20,49,0.4375
20,50,0.5632911392405063
20,51,0.36129032258064514
20,52,0.25
20,53,0.3147208121827411
20,54,0.6686746987951807
20,55,0.2694300518134715
20,56,0.36875
20,57,0.5961538461538461
20,58,0.27751196172248804
20,59,0.6226415094339622
20,60,0.5182926829268293
20,61,0.5816993464052288
20,62,0.4260355029585799
20,63,0.41317365269461076
20,64,0.4161490683229814
20,65,0.38095238095238093
20,66,0.37341772151898733
20,67,0.26732673267326734
20,68,0.4470588235294118
20,69,0.6325301204819277
20,70,0.3188405797101449
20,71,0.38509316770186336
20,72,0.5151515151515151
20,73,0.41566265060240964
21,22,0.15028901734104047
21,23,0.2641509433962264
21,24,0.7241379310344828
21,25,0.14473684210526316
21,26,0.1437125748502994
21,27,0.3223684210526316
21,28,0.10967741935483871
21,29,0.10967741935483871
21,30,0.35
21,31,0.15527950310559005
21,32,0.33783783783783783
21,33,0.4126984126984127
21,34,0.15217391304347827
21,35,0.49586776859504134
21,36,0.3262411347517731
21,37,0.3333333333333333
21,38,0.5172413793103449
21,39,0.3722627737226277
21,40,0.3509933774834437
21,41,0.14666666666666667
21,42,0.3769230769230769
21,43,0.41134751773049644
21,44,0.41134751773049644
21,45,0.39285714285714285
21,46,0.37777777777777777
21,47,0.3422818791946309
21,48,0.4306569343065693
21,49,0.39568345323741005
21,50,0.42424242424242425
21,51,0.6344086021505376
21,52,0.15527950310559005
21,53,0.14942528735632185
21,54,0.345679012345679
21,55,0.15527950310559005
21,56,0.5533980582524272
21,57,0.417910447761194
21,58,0.1366120218579235
21,59,0.45255474452554745
21,60,0.46153846153846156
21,61,0.4878048780487805
21,62,0.4108527131782946
21,63,0.5391304347826087
21,64,0.49557522123893805
21,65,0.6018518518518519
21,66,0.6122448979591837
21,67,0.1588235294117647
21,68,0.4166666666666667
21,69,0.36774193548387096
21,70,0.13829787234042554
21,71,0.6078431372549019
21,72,0.46923076923076923
21,73,0.5172413793103449
22,23,0.22705314009661837
22,24,0.1340782122905028
22,25,0.7596899224806202
22,26,0.6266666666666667
22,27,0.30927835051546393
22,28,0.43312101910828027
22,29,0.43312101910828027
22,30,0.29518072289156627
22,31,0.5933333333333334
22,32,0.28061224489795916
22,33,0.2833333333333333
22,34,0.5142857142857142
22,35,0.30726256983240224
22,36,0.30434782608695654
22,37,0.28651685393258425
22,38,0.21808510638297873
22,39,0.2751322751322751
22,40,0.30456852791878175
22,41,0.5957446808510638
22,42,0.24731182795698925
22,43,0.29896907216494845
22,44,0.29896907216494845
22,45,0.23668639053254437
22,46,0.2513089005235602
22,47,0.30412371134020616
22,48,0.34594594594594597
22,49,0.2864583333333333
22,50,0.2422680412371134
22,51,0.13259668508287292
22,52,0.7318840579710145
22,53,0.6428571428571429
22,54,0.3284313725490196
22,55,0.7703703703703704
22,56,0.14516129032258066
22,57,0.2789473684210526
22,58,0.6624203821656051
22,59,0.27918781725888325
22,60,0.233502538071066
22,61,0.22279792746113988
22,62,0.23036649214659685
22,63,0.20418848167539266
22,64,0.1935483870967742
22,65,0.17708333333333334
22,66,0.17222222222222222
22,67,0.7361111111111112
22,68,0.22448979591836735
22,69,0.325
22,70,0.7225806451612903
22,71,0.16666666666666666
22,72,0.22613065326633167
22,73,0.2722222222222222
23,24,0.3141025641025641
23,25,0.18041237113402062
23,26,0.17703349282296652
23,27,0.29949238578680204
23,28,0.19473684210526315
23,29,0.19473684210526315
23,30,0.2543352601156069
23,31,0.18137254901960784
23,32,0.3602150537634409
23,33,0.273224043715847
23,34,0.17582417582417584
23,35,0.2756756756756757
23,36,0.2538860103626943
23,37,0.21578947368421053
23,38,0.4
23,39,0.22727272727272727
23,40,0.27586206896551724
23,41,0.17616580310880828
23,42,0.2648648648648649
23,43,0.2512315270935961
23,44,0.2512315270935961
23,45,0.34394904458598724
23,46,0.4431137724550898
23,47,0.2814070351758794
23,48,0.31413612565445026
23,49,0.3387096774193548
23,50,0.42105263157894735
23,51,0.29375
23,52,0.18719211822660098
23,53,0.2028301886792453
23,54,0.28773584905660377
23,55,0.2233502538071066
23,56,0.29518072289156627
23,57,0.25
23,58,0.22325581395348837
23,59,0.2512315270935961
23,60,0.42441860465116277
23,61,0.2727272727272727
23,62,0.29508196721311475
23,63,0.38922155688622756
23,64,0.391304347826087
23,65,0.35714285714285715
23,66,0.33962264150943394
23,67,0.21739130434782608
23,68,0.3988439306358382
23,69,0.3088235294117647
23,70,0.21171171171171171
23,71,0.35185185185185186
23,72,0.43023255813953487
23,73,0.3275862068965517
24,25,0.14838709677419354
24,26,0.13372093023255813
24,27,0.2893081761006289
24,28,0.1503267973856209
24,29,0.1503267973856209
24,30,0.328
24,31,0.14457831325301204
24,32,0.3835616438356164
24,33,0.3284671532846715
24,34,0.13194444444444445
24,35,0.49193548387096775
24,36,0.29931972789115646
24,37,0.25874125874125875
24,38,0.6822429906542056
24,39,0.3617021276595745
24,40,0.27607361963190186
24,41,0.14285714285714285
24,42,0.35555555555555557
24,43,0.3443708609271523
24,44,0.3443708609271523
24,45,0.3559322033898305
24,46,0.4393939393939394
24,47,0.34210526315789475
24,48,0.35135135135135137
24,49,0.4244604316546763
24,50,0.5
24,51,0.7931034482758621
24,52,0.14457831325301204
24,53,0.13333333333333333
24,54,0.29069767441860467
24,55,0.14457831325301204
24,56,0.64
24,57,0.4264705882352941
24,58,0.1276595744680851
24,59,0.460431654676259
24,60,0.4696969696969697
24,61,0.4166666666666667
24,62,0.5121951219512195
24,63,0.6160714285714286
24,64,0.616822429906542
24,65,0.6698113207547169
24,66,0.6875
24,67,0.14857142857142858
24,68,0.4148148148148148
24,69,0.3333333333333333
24,70,0.12371134020618557
24,71,0.6633663366336634
24,72,0.5116279069767442
24,73,0.5384615384615384
25,26,0.5642857142857143
25,27,0.26519337016574585
25,28,0.4492753623188406
25,29,0.4492753623188406
25,30,0.3103448275862069
25,31,0.6850393700787402
25,32,0.25555555555555554
25,33,0.2716049382716049
25,34,0.496
25,35,0.33974358974358976
25,36,0.29518072289156627
25,37,0.3076923076923077
25,38,0.21428571428571427
25,39,0.3170731707317073
25,40,0.2608695652173913
25,41,0.7241379310344828
25,42,0.2545454545454545
25,43,0.2897727272727273
25,44,0.2897727272727273
25,45,0.1870967741935484
25,46,0.20903954802259886
25,47,0.3028571428571429
25,48,0.3254437869822485
25,49,0.27586206896551724
25,50,0.21348314606741572
25,51,0.1464968152866242
25,52,0.8608695652173913
25,53,0.5724137931034483
25,54,0.2879581151832461
25,55,0.7833333333333333
25,56,0.12574850299401197
25,57,0.3132530120481928
25,58,0.5225806451612903
25,59,0.31213872832369943
25,60,0.18478260869565216
25,61,0.192090395480226
25,62,0.25748502994011974
25,63,0.19186046511627908
25,64,0.18674698795180722
25,65,0.1893491124260355
25,66,0.18471337579617833
25,67,0.7441860465116279
25,68,0.17486338797814208
25,69,0.2903225806451613
25,70,0.5816993464052288
25,71,0.14285714285714285
25,72,0.1774193548387097
25,73,0.2911392405063291
26,27,0.36666666666666664
26,28,0.41830065359477125
26,29,0.41830065359477125
26,30,0.23214285714285715
26,31,0.6618705035971223
26,32,0.233502538071066
26,33,0.29651162790697677
26,34,0.5572519083969466
26,35,0.2840909090909091
26,36,0.3333333333333333
26,37,0.3475609756097561
26,38,0.1631578947368421
26,39,0.3016759776536313
26,40,0.3532608695652174
26,41,0.55
26,42,0.25842696629213485
26,43,0.3118279569892473
26,44,0.3118279569892473
26,45,0.21084337349397592
26,46,0.2094240837696335
26,47,0.3172043010752688
26,48,0.3027027027027027
26,49,0.23195876288659795
26,50,0.18877551020408162
26,51,0.13218390804597702
26,52,0.5714285714285714
26,53,0.8014705882352942
26,54,0.34183673469387754
26,55,0.54
26,56,0.12637362637362637
26,57,0.327683615819209
26,58,0.6217948717948718
26,59,0.3118279569892473
26,60,0.18090452261306533
26,61,0.288135593220339
26,62,0.20105820105820105
26,63,0.15025906735751296
26,64,0.15053763440860216
26,65,0.14736842105263157
26,66,0.18023255813953487
26,67,0.5816993464052288
26,68,0.17766497461928935
26,69,0.285
26,70,0.7619047619047619
26,71,0.14207650273224043
26,72,0.20408163265306123
26,73,0.2346368715083799
27,28,0.24043715846994534
27,29,0.24043715846994534
27,30,0.4090909090909091
27,31,0.3241758241758242
27,32,0.5059523809523809
27,33,0.6068965517241379
27,34,0.27380952380952384
27,35,0.5629139072847682
27,36,0.6805555555555556
27,37,0.6041666666666666
27,38,0.4
27,39,0.6418918918918919
27,40,0.7986111111111112
27,41,0.2681564245810056
27,42,0.5294117647058824
27,43,0.6075949367088608
27,44,0.6075949367088608
27,45,0.5071428571428571
27,46,0.4876543209876543
27,47,0.6558441558441559
27,48,0.6733333333333333
27,49,0.5276073619631901
27,50,0.5
27,51,0.2857142857142857
27,52,0.26842105263157895
27,53,0.3492063492063492
27,54,0.6956521739130435
27,55,0.2887700534759358
27,56,0.3271604938271605
27,57,0.6118421052631579
27,58,0.2955665024630542
27,59,0.5974842767295597
27,60,0.5030674846625767
27,61,0.5973154362416108
27,62,0.46296296296296297
27,63,0.38922155688622756
27,64,0.391304347826087
27,65,0.35714285714285715
27,66,0.35668789808917195
27,67,0.27918781725888325
27,68,0.4491017964071856
27,69,0.6583850931677019
27,70,0.35858585858585856
27,71,0.3860759493670886
27,72,0.5185185185185185
27,73,0.4528301886792453
28,29,1.0
28,30,0.26174496644295303
28,31,0.4228187919463087
28,32,0.28
28,33,0.25153374233128833
28,34,0.5677966101694916
28,35,0.20348837209302326
28,36,0.23837209302325582
28,37,0.21686746987951808
28,38,0.20958083832335328
28,39,0.20903954802259886
28,40,0.22994652406417113
28,41,0.4666666666666667
28,42,0.1781609195402299
28,43,0.22282608695652173
28,44,0.22282608695652173
28,45,0.19736842105263158
28,46,0.21839080459770116
28,47,0.22826086956521738
28,48,0.1935483870967742
28,49,0.27167630057803466
28,50,0.2159090909090909
28,51,0.14838709677419354
28,52,0.4421768707482993
28,53,0.4394904458598726
28,54,0.21393034825870647
28,55,0.49295774647887325
28,56,0.16981132075471697
28,57,0.20670391061452514
28,58,0.5194805194805194
28,59,0.19680851063829788
28,60,0.19337016574585636
28,61,0.1358695652173913
28,62,0.2235294117647059
28,63,0.1871345029239766
28,64,0.19631901840490798
28,65,0.1569767441860465
28,66,0.20261437908496732
28,67,0.5594405594405595
28,68,0.18994413407821228
28,69,0.20812182741116753
28,70,0.45454545454545453
28,71,0.1728395061728395
28,72,0.2122905027932961
28,73,0.2625
29,30,0.26174496644295303
29,31,0.4228187919463087
29,32,0.28
29,33,0.25153374233128833
29,34,0.5677966101694916
29,35,0.20348837209302326
29,36,0.23837209302325582
29,37,0.21686746987951808
29,38,0.20958083832335328
29,39,0.20903954802259886
29,40,0.22994652406417113
29,41,0.4666666666666667
29,42,0.1781609195402299
29,43,0.22282608695652173
29,44,0.22282608695652173
29,45,0.19736842105263158
29,46,0.21839080459770116
29,47,0.22826086956521738
29,48,0.1935483870967742
29,49,0.27167630057803466
29,50,0.2159090909090909
29,51,0.14838709677419354
29,52,0.4421768707482993
29,53,0.4394904458598726
29,54,0.21393034825870647
29,55,0.49295774647887325
29,56,0.16981132075471697
29,57,0.20670391061452514
29,58,0.5194805194805194
29,59,0.19680851063829788
29,60,0.19337016574585636
29,61,0.1358695652173913
29,62,0.2235294117647059
29,63,0.1871345029239766
29,64,0.19631901840490798
29,65,0.1569767441860465
29,66,0.20261437908496732
29,67,0.5594405594405595
29,68,0.18994413407821228
29,69,0.20812182741116753
29,70,0.45454545454545453
29,71,0.1728395061728395
29,72,0.2122905027932961
29,73,0.2625
30,31,0.2948717948717949
30,32,0.671875
30,33,0.5772357723577236
30,34,0.30597014925373134
30,35,0.6147540983606558
30,36,0.48175182481751827
30,37,0.5
30,38,0.536
30,39,0.48905109489051096
30,40,0.42857142857142855
30,41,0.323943661971831
30,42,0.5354330708661418
30,43,0.5693430656934306
30,44,0.5693430656934306
30,45,0.3870967741935484
30,46,0.4744525547445255
30,47,0.5766423357664233
30,48,0.5142857142857142
30,49,0.5441176470588235
30,50,0.5454545454545454
30,51,0.36585365853658536
30,52,0.2948717948717949
30,53,0.2631578947368421
30,54,0.5096774193548387
30,55,0.32894736842105265
30,56,0.4666666666666667
30,57,0.5036496350364964
30,58,0.2727272727272727
30,59,0.5357142857142857
30,60,0.46099290780141844
30,61,0.2922077922077922
30,62,0.5230769230769231
30,63,0.5564516129032258
30,64,0.48
30,65,0.4881889763779528
30,66,0.4262295081967213
30,67,0.29878048780487804
30,68,0.48175182481751827
30,69,0.5833333333333334
30,70,0.27071823204419887
30,71,0.41732283464566927
30,72,0.45774647887323944
30,73,0.5609756097560976
31,32,0.23958333333333334
31,33,0.345679012345679
31,34,0.5546875
31,35,0.3393939393939394
31,36,0.37575757575757573
31,37,0.3935483870967742
31,38,0.20670391061452514
31,39,0.35714285714285715
31,40,0.31891891891891894
31,41,0.7377049180327869
31,42,0.31137724550898205
31,43,0.3657142857142857
31,44,0.3657142857142857
31,45,0.18072289156626506
31,46,0.20212765957446807
31,47,0.37142857142857144
31,48,0.31843575418994413
31,49,0.2648648648648649
31,50,0.193717277486911
31,51,0.14285714285714285
31,52,0.751937984496124
31,53,0.7910447761194029
31,54,0.33678756476683935
31,55,0.7121212121212122
31,56,0.13636363636363635
31,57,0.36904761904761907
31,58,0.6533333333333333
31,59,0.3657142857142857
31,60,0.18556701030927836
31,61,0.2598870056497175
31,62,0.24719101123595505
31,63,0.19230769230769232
31,64,0.1807909604519774
31,65,0.18994413407821228
31,66,0.1927710843373494
31,67,0.6928571428571428
31,68,0.18229166666666666
31,69,0.2923076923076923
31,70,0.7278911564625851
31,71,0.15254237288135594
31,72,0.17857142857142858
31,73,0.2857142857142857
32,33,0.4838709677419355
32,34,0.2485207100591716
32,35,0.5533333333333333
32,36,0.4311377245508982
32,37,0.4430379746835443
32,38,0.5724137931034483
32,39,0.437125748502994
32,40,0.5058823529411764
32,41,0.2655367231638418
32,42,0.4713375796178344
32,43,0.5304878048780488
32,44,0.5212121212121212
32,45,0.5294117647058824
32,46,0.6527777777777778
32,47,0.4911242603550296
32,48,0.5796178343949044
32,49,0.5375
32,50,0.7910447761194029
32,51,0.43661971830985913
32,52,0.24607329842931938
32,53,0.26
32,54,0.6167664670658682
32,55,0.2727272727272727
32,56,0.5142857142857142
32,57,0.4666666666666667
32,58,0.2682926829268293
32,59,0.48520710059171596
32,60,0.704225352112676
32,61,0.4329268292682927
32,62,0.56
32,63,0.5902777777777778
32,64,0.5347222222222222
32,65,0.5202702702702703
32,66,0.5
32,67,0.25757575757575757
32,68,0.6950354609929078
32,69,0.7032258064516129
32,70,0.26666666666666666
32,71,0.44
32,72,0.6308724832214765
32,73,0.5833333333333334
33,34,0.2905405405405405
33,35,0.5895522388059702
33,36,0.6976744186046512
33,37,0.664
33,38,0.49640287769784175
33,39,0.6058394160583942
33,40,0.6503496503496503
33,41,0.275
33,42,0.5746268656716418
33,43,0.6861313868613139
33,44,0.6985294117647058
33,45,0.35251798561151076
33,46,0.4342105263157895
33,47,0.6223776223776224
33,48,0.5405405405405406
33,49,0.5694444444444444
33,50,0.4473684210526316
33,51,0.3237410071942446
33,52,0.27485380116959063
33,53,0.3181818181818182
33,54,0.6025641025641025
33,55,0.2976190476190476
33,56,0.352112676056338
33,57,0.6691729323308271
33,58,0.3114754098360656
33,59,0.6153846153846154
33,60,0.4605263157894737
33,61,0.3961038961038961
33,62,0.4861111111111111
33,63,0.47183098591549294
33,64,0.5112781954887218
33,65,0.44366197183098594
33,66,0.417910447761194
33,67,0.27932960893854747
33,68,0.4129032258064516
33,69,0.525
33,70,0.3225806451612903
33,71,0.3900709219858156
33,72,0.42038216560509556
33,73,0.5877862595419847
34,35,0.25161290322580643
34,36,0.28205128205128205
34,37,0.26
34,38,0.1962025316455696
34,39,0.22560975609756098
34,40,0.2616279069767442
34,41,0.5416666666666666
34,42,0.2
34,43,0.2619047619047619
34,44,0.2619047619047619
34,45,0.2246376811594203
34,46,0.20606060606060606
34,47,0.2603550295857988
34,48,0.23668639053254437
34,49,0.2777777777777778
34,50,0.1893491124260355
34,51,0.13013698630136986
34,52,0.5075757575757576
34,53,0.5214285714285715
34,54,0.23529411764705882
34,55,0.592
34,56,0.16891891891891891
34,57,0.23030303030303031
34,58,0.5454545454545454
34,59,0.2254335260115607
34,60,0.18023255813953487
34,61,0.15976331360946747
34,62,0.21875
34,63,0.1875
34,64,0.18181818181818182
34,65,0.15527950310559005
34,66,0.1875
34,67,0.5671641791044776
34,68,0.1834319526627219
34,69,0.25
34,70,0.5763888888888888
34,71,0.18
34,72,0.2
34,73,0.26
35,36,0.5971223021582733
35,37,0.5984848484848485
35,38,0.6356589147286822
35,39,0.7022900763358778
35,40,0.5031446540880503
35,41,0.35294117647058826
35,42,0.5507246376811594
35,43,0.6363636363636364
35,44,0.6363636363636364
35,45,0.3546099290780142
35,46,0.4444444444444444
35,47,0.7028985507246377
35,48,0.6739130434782609
35,49,0.6013986013986014
35,50,0.5379310344827586
35,51,0.48412698412698413
35,52,0.3393939393939394
35,53,0.3128491620111732
35,54,0.5911949685534591
35,55,0.3313253012048193
35,56,0.4233576642335766
35,57,0.7578125
35,58,0.23979591836734693
35,59,0.7593984962406015
35,60,0.5
35,61,0.46308724832214765
35,62,0.6439393939393939
35,63,0.5703703703703704
35,64,0.5454545454545454
35,65,0.6
35,66,0.5819672131147541
35,67,0.3181818181818182
35,68,0.432258064516129
35,69,0.6577181208053692
35,70,0.29015544041450775
35,71,0.4632352941176471
35,72,0.477124183006536
35,73,0.6614173228346457
36,37,0.7786885245901639
36,38,0.41830065359477125
36,39,0.7615384615384615
36,40,0.6118421052631579
36,41,0.3148148148148148
36,42,0.6793893129770993
36,43,0.8461538461538461
36,44,0.8604651162790697
36,45,0.3873239436619718
36,46,0.3592814371257485
36,47,0.7463768115942029
36,48,0.5
36,49,0.5878378378378378
36,50,0.3630952380952381
36,51,0.2532467532467532
36,52,0.29714285714285715
36,53,0.3539325842696629
36,54,0.6602564102564102
36,55,0.32748538011695905
36,56,0.34
36,57,0.65
36,58,0.296875
36,59,0.6326530612244898
36,60,0.3668639053254438
36,61,0.5135135135135135
36,62,0.46710526315789475
36,63,0.4064516129032258
36,64,0.40939597315436244
36,65,0.38064516129032255
36,66,0.3724137931034483
36,67,0.3076923076923077
36,68,0.38181818181818183
36,69,0.632258064516129
36,70,0.36363636363636365
36,71,0.3576158940397351
36,72,0.36470588235294116
36,73,0.496551724137931
37,38,0.35526315789473684
37,39,0.703125
37,40,0.6137931034482759
37,41,0.32894736842105265
37,42,0.6854838709677419
37,43,0.7480916030534351
37,44,0.7615384615384615
37,45,0.32857142857142857
37,46,0.35
37,47,0.6666666666666666
37,48,0.5374149659863946
37,49,0.47368421052631576
37,50,0.35403726708074534
37,51,0.28169014084507044
37,52,0.3090909090909091
37,53,0.36904761904761907
37,54,0.6
37,55,0.3090909090909091
37,56,0.3194444444444444
37,57,0.6793893129770993
37,58,0.27956989247311825
37,59,0.6594202898550725
37,60,0.35802469135802467
37,61,0.5
37,62,0.4825174825174825
37,63,0.40816326530612246
37,64,0.363013698630137
37,65,0.4097222222222222
37,66,0.3722627737226277
37,67,0.2897727272727273
37,68,0.391025641025641
37,69,0.5612903225806452
37,70,0.34806629834254144
37,71,0.3287671232876712
37,72,0.3393939393939394
37,73,0.5373134328358209
38,39,0.47297297297297297
38,40,0.35260115606936415
38,41,0.20958083832335328
38,42,0.5144927536231884
38,43,0.4585987261146497
38,44,0.4585987261146497
38,45,0.453125
38,46,0.6363636363636364
38,47,0.5131578947368421
38,48,0.45806451612903226
38,49,0.5886524822695035
38,50,0.7165354330708661
38,51,0.6545454545454545
38,52,0.20670391061452514
38,53,0.19170984455958548
38,54,0.43352601156069365
38,55,0.2342857142857143
38,56,0.6521739130434783
38,57,0.5492957746478874
38,58,0.20202020202020202
38,59,0.5578231292517006
38,60,0.6666666666666666
38,61,0.3741935483870968
38,62,0.6307692307692307
38,63,0.8482142857142857
38,64,0.8425925925925926
38,65,0.75
38,66,0.6785714285714286
38,67,0.22702702702702704
38,68,0.572463768115942
38,69,0.48466257668711654
38,70,0.2019704433497537
38,71,0.6440677966101694
38,72,0.6616541353383458
38,73,0.6349206349206349
39,40,0.5375
39,41,0.32098765432098764
39,42,0.6492537313432836
39,43,0.7214285714285714
39,44,0.7338129496402878
39,45,0.32
39,46,0.3411764705882353
39,47,0.7536231884057971
39,48,0.6081081081081081
39,49,0.6164383561643836
39,50,0.41975308641975306
39,51,0.35664335664335667
39,52,0.29545454545454547
39,53,0.3370165745856354
39,54,0.625
39,55,0.288135593220339
39,56,0.32894736842105265
39,57,0.7313432835820896
39,58,0.2562814070351759
39,59,0.7851851851851852
39,60,0.38922155688622756
39,61,0.5
39,62,0.5886524822695035
39,63,0.4503311258278146
39,64,0.4066666666666667
39,65,0.4726027397260274
39,66,0.4084507042253521
39,67,0.27807486631016043
39,68,0.35502958579881655
39,69,0.5875
39,70,0.31958762886597936
39,71,0.37333333333333335
39,72,0.37058823529411766
39,73,0.5912408759124088
40,41,0.2568306010928962
40,42,0.538961038961039
40,43,0.6369426751592356
40,44,0.6369426751592356
40,45,0.436241610738255
40,46,0.46987951807228917
40,47,0.5925925925925926
40,48,0.6282051282051282
40,49,0.46511627906976744
40,50,0.47305389221556887
40,51,0.2727272727272727
40,52,0.26424870466321243
40,53,0.33678756476683935
40,54,0.6727272727272727
40,55,0.28421052631578947
40,56,0.3212121212121212
40,57,0.569620253164557
40,58,0.28502415458937197
40,59,0.5766871165644172
40,60,0.48502994011976047
40,61,0.5855263157894737
40,62,0.3872832369942196
40,63,0.38235294117647056
40,64,0.3592814371257485
40,65,0.38323353293413176
40,66,0.35
40,67,0.26865671641791045
40,68,0.4583333333333333
40,69,0.6463414634146342
40,70,0.3465346534653465
40,71,0.37888198757763975
40,72,0.48214285714285715
40,73,0.41818181818181815
41,42,0.2732919254658385
41,43,0.3081395348837209
41,44,0.3081395348837209
41,45,0.18181818181818182
41,46,0.20454545454545456
41,47,0.313953488372093
41,48,0.3136094674556213
41,49,0.27167630057803466
41,50,0.2159090909090909
41,51,0.14102564102564102
41,52,0.7666666666666667
41,53,0.674074074074074
41,54,0.28421052631578947
41,55,0.6825396825396826
41,56,0.13414634146341464
41,57,0.3090909090909091
41,58,0.5704697986577181
41,59,0.3081395348837209
41,60,0.18681318681318682
41,61,0.19428571428571428
41,62,0.25301204819277107
41,63,0.19411764705882353
41,64,0.18181818181818182
41,65,0.19161676646706588
41,66,0.19480519480519481
41,67,0.7022900763358778
41,68,0.18333333333333332
41,69,0.3005464480874317
41,70,0.6216216216216216
41,71,0.14457831325301204
41,72,0.17297297297297298
41,73,0.2948717948717949
42,43,0.7058823529411765
42,44,0.7185185185185186
42,45,0.4
42,46,0.4129032258064516
42,47,0.6642857142857143
42,48,0.4585987261146497
42,49,0.4645161290322581
42,50,0.48322147651006714
42,51,0.35036496350364965
42,52,0.24431818181818182
42,53,0.287292817679558
42,54,0.5886075949367089
42,55,0.27325581395348836
42,56,0.4846153846153846
42,57,0.5815602836879432
42,58,0.2422680412371134
42,59,0.6338028169014085
42,60,0.41139240506329117
42,61,0.5319148936170213
42,62,0.46258503401360546
42,63,0.5441176470588235
42,64,0.463768115942029
42,65,0.5147058823529411
42,66,0.4253731343283582
42,67,0.2568306010928962
42,68,0.4473684210526316
42,69,0.5909090909090909
42,70,0.3
42,71,0.4701492537313433
42,72,0.44516129032258067
42,73,0.47183098591549294
43,44,0.984251968503937
43,45,0.3933333333333333
43,46,0.3815028901734104
43,47,0.7569444444444444
43,48,0.5370370370370371
43,49,0.5935483870967742
43,50,0.4431137724550898
43,51,0.33986928104575165
43,52,0.2918918918918919
43,53,0.34574468085106386
43,54,0.7261146496815286
43,55,0.32044198895027626
43,56,0.42
43,57,0.6418918918918919
43,58,0.29207920792079206
43,59,0.6912751677852349
43,60,0.4550898203592814
43,61,0.5629139072847682
43,62,0.4968152866242038
43,63,0.5032679738562091
43,64,0.4230769230769231
43,65,0.45806451612903226
43,66,0.4452054794520548
43,67,0.3020833333333333
43,68,0.48148148148148145
43,69,0.7096774193548387
43,70,0.3553299492385787
43,71,0.4090909090909091
43,72,0.3942857142857143
43,73,0.5472972972972973
44,45,0.3933333333333333
44,46,0.3815028901734104
44,47,0.7569444444444444
44,48,0.5370370370370371
44,49,0.5935483870967742
44,50,0.4431137724550898
44,51,0.33116883116883117
44,52,0.2918918918918919
44,53,0.34574468085106386
44,54,0.7261146496815286
44,55,0.32044198895027626
44,56,0.42
44,57,0.6418918918918919
44,58,0.29207920792079206
44,59,0.6912751677852349
44,60,0.44642857142857145
44,61,0.5526315789473685
44,62,0.4873417721518987
44,63,0.5032679738562091
44,64,0.4140127388535032
44,65,0.45806451612903226
44,66,0.43537414965986393
44,67,0.3020833333333333
44,68,0.4723926380368098
44,69,0.6987179487179487
44,70,0.3553299492385787
44,71,0.4090909090909091
44,72,0.3942857142857143
44,73,0.5369127516778524
45,46,0.568
45,47,0.3548387096774194
45,48,0.48201438848920863
45,49,0.3691275167785235
45,50,0.5714285714285714
45,51,0.33884297520661155
45,52,0.18072289156626506
45,53,0.2138728323699422
45,54,0.47096774193548385
45,55,0.21739130434782608
45,56,0.39344262295081966
45,57,0.32450331125827814
45,58,0.2247191011235955
45,59,0.33121019108280253
45,60,0.5503875968992248
45,61,0.5317460317460317
45,62,0.34265734265734266
45,63,0.4166666666666667
45,64,0.3984375
45,65,0.35555555555555557
45,66,0.4608695652173913
45,67,0.20348837209302326
45,68,0.5271317829457365
45,69,0.5
45,70,0.22404371584699453
45,71,0.3700787401574803
45,72,0.5826771653543307
45,73,0.3880597014925373
46,47,0.42011834319526625
46,48,0.5225806451612903
46,49,0.4625
46,50,0.7952755905511811
46,51,0.47692307692307695
46,52,0.20855614973262032
46,53,0.22448979591836735
46,54,0.4659090909090909
46,55,0.23497267759562843
46,56,0.48148148148148145
46,57,0.44654088050314467
46,58,0.23383084577114427
46,59,0.4226190476190476
46,60,0.7164179104477612
46,61,0.3765432098765432
46,62,0.4899328859060403
46,63,0.6564885496183206
46,64,0.6587301587301587
46,65,0.5777777777777777
46,66,0.5
46,67,0.22797927461139897
46,68,0.644927536231884
46,69,0.5272727272727272
46,70,0.23300970873786409
46,71,0.5338345864661654
46,72,0.75
46,73,0.5104895104895105
47,48,0.5432098765432098
47,49,0.6533333333333333
47,50,0.4666666666666667
47,51,0.35526315789473684
47,52,0.30434782608695654
47,53,0.3439153439153439
47,54,0.6385542168674698
47,55,0.3333333333333333
47,56,0.38064516129032255
47,57,0.6598639455782312
47,58,0.3034825870646766
47,59,0.7328767123287672
47,60,0.4437869822485207
47,61,0.46296296296296297
47,62,0.5424836601307189
47,63,0.5298013245033113
47,64,0.43870967741935485
47,65,0.48366013071895425
47,66,0.43243243243243246
47,67,0.31413612565445026
47,68,0.4176470588235294
47,69,0.6319018404907976
47,70,0.35353535353535354
47,71,0.48299319727891155
47,72,0.46706586826347307
47,73,0.5131578947368421
48,49,0.5345911949685535
48,50,0.5555555555555556
48,51,0.3835616438356164
48,52,0.3258426966292135
48,53,0.33689839572192515
48,54,0.6645962732919255
48,55,0.3258426966292135
48,56,0.34615384615384615
48,57,0.6216216216216216
48,58,0.2647058823529412
48,59,0.6381578947368421
48,60,0.5686274509803921
48,61,0.5328947368421053
48,62,0.5782312925170068
48,63,0.445859872611465
48,64,0.43137254901960786
48,65,0.46710526315789475
48,66,0.3959731543624161
48,67,0.30687830687830686
48,68,0.49056603773584906
48,69,0.6903225806451613
48,70,0.31343283582089554
48,71,0.38961038961038963
48,72,0.5855263157894737
48,73,0.6258992805755396
49,50,0.5128205128205128
49,51,0.4084507042253521
49,52,0.2786885245901639
49,53,0.25252525252525254
49,54,0.5555555555555556
49,55,0.2857142857142857
49,56,0.4444444444444444
49,57,0.4875
49,58,0.24878048780487805
49,59,0.5632911392405063
49,60,0.5159235668789809
49,61,0.3352601156069364
49,62,0.6312056737588653
49,63,0.5625
49,64,0.5174825174825175
49,65,0.5673758865248227
49,66,0.5147058823529411
49,67,0.2894736842105263
49,68,0.4968152866242038
49,69,0.5662650602409639
49,70,0.2780487804878049
49,71,0.5362318840579711
49,72,0.5126582278481012
49,73,0.6592592592592592
50,51,0.5396825396825397
50,52,0.20634920634920634
50,53,0.21608040201005024
50,54,0.5384615384615384
50,55,0.22580645161290322
50,56,0.5538461538461539
50,57,0.4409937888198758
50,58,0.21951219512195122
50,59,0.46060606060606063
50,60,0.856
50,61,0.43312101910828027
50,62,0.5238095238095238
50,63,0.7244094488188977
50,64,0.6484375
50,65,0.6287878787878788
50,66,0.6
50,67,0.2193877551020408
50,68,0.7348484848484849
50,69,0.5974842767295597
50,70,0.22488038277511962
50,71,0.5488721804511278
50,72,0.7518796992481203
50,73,0.5460992907801419
51,52,0.14285714285714285
51,53,0.13186813186813187
51,54,0.2947976878612717
51,55,0.14285714285714285
51,56,0.6938775510204082
51,57,0.4626865671641791
51,58,0.12631578947368421
51,59,0.4855072463768116
51,60,0.5193798449612403
51,61,0.3795620437956204
51,62,0.5666666666666667
51,63,0.6788990825688074
51,64,0.6826923076923077
51,65,0.6728971962616822
51,66,0.673469387755102
51,67,0.14689265536723164
51,68,0.45112781954887216
51,69,0.3710691823899371
51,70,0.12244897959183673
51,71,0.6831683168316832
51,72,0.5390625
51,73,0.5423728813559322
52,53,0.6326530612244898
52,54,0.29
52,55,0.808
52,56,0.12994350282485875
52,57,0.2994350282485876
52,58,0.5796178343949044
52,59,0.29891304347826086
52,60,0.19170984455958548
52,61,0.1989247311827957
52,62,0.24719101123595505
52,63,0.19230769230769232
52,64,0.1807909604519774
52,65,0.18994413407821228
52,66,0.1927710843373494
52,67,0.7819548872180451
52,68,0.18229166666666666
52,69,0.2923076923076923
52,70,0.6493506493506493
52,71,0.15254237288135594
52,72,0.18461538461538463
52,73,0.2857142857142857
53,54,0.36
53,55,0.6
53,56,0.12631578947368421
53,57,0.34065934065934067
53,58,0.7236842105263158
53,59,0.3386243386243386
53,60,0.21393034825870647
53,61,0.28804347826086957
53,62,0.22916666666666666
53,63,0.17857142857142858
53,64,0.16753926701570682
53,65,0.17616580310880828
53,66,0.17777777777777778
53,67,0.6405228758169934
53,68,0.21105527638190955
53,69,0.3103448275862069
53,70,0.8356164383561644
53,71,0.14136125654450263
53,72,0.20098039215686275
53,73,0.27071823204419887
54,55,0.30303030303030304
54,56,0.36470588235294116
54,57,0.6073619631901841
54,58,0.308411214953271
54,59,0.6227544910179641
54,60,0.5411764705882353
54,61,0.59375
54,62,0.42696629213483145
54,63,0.4147727272727273
54,64,0.3850574712643678
54,65,0.39204545454545453
54,66,0.3609467455621302
54,67,0.2995169082125604
54,68,0.5416666666666666
54,69,0.7530864197530864
54,70,0.375
54,71,0.3409090909090909
54,72,0.4858757062146893
54,73,0.47619047619047616
55,56,0.16279069767441862
55,57,0.2994350282485876
55,58,0.6423841059602649
55,59,0.29891304347826086
55,60,0.21052631578947367
55,61,0.20540540540540542
55,62,0.24719101123595505
55,63,0.21910112359550563
55,64,0.20809248554913296
55,65,0.18994413407821228
55,66,0.18562874251497005
55,67,0.7954545454545454
55,68,0.2074468085106383
55,69,0.3193717277486911
55,70,0.6282051282051282
55,71,0.1791907514450867
55,72,0.21578947368421053
55,73,0.2857142857142857
56,57,0.3877551020408163
56,58,0.15025906735751296
56,59,0.4391891891891892
56,60,0.5111111111111111
56,61,0.4172661870503597
56,62,0.5076923076923077
56,63,0.7363636363636363
56,64,0.6636363636363637
56,65,0.6846846846846847
56,66,0.5221238938053098
56,67,0.15934065934065933
56,68,0.5581395348837209
56,69,0.45806451612903226
56,70,0.1457286432160804
56,71,0.7623762376237624
56,72,0.5891472868217055
56,73,0.4728682170542636
57,58,0.2727272727272727
57,59,0.8984375
57,60,0.39285714285714285
57,61,0.48366013071895425
57,62,0.6142857142857143
57,63,0.5034013605442177
57,64,0.5777777777777777
57,65,0.5174825174825175
57,66,0.44285714285714284
57,67,0.2887700534759358
57,68,0.3430232558139535
57,69,0.5515151515151515
57,70,0.3163265306122449
57,71,0.37748344370860926
57,72,0.4329268292682927
57,73,0.5942028985507246
58,59,0.2731707317073171
58,60,0.21739130434782608
58,61,0.225
58,62,0.21393034825870647
58,63,0.195
58,64,0.18461538461538463
58,65,0.1691542288557214
58,66,0.15789473684210525
58,67,0.6818181818181818
58,68,0.2146341463414634
58,69,0.26851851851851855
58,70,0.725
58,71,0.15897435897435896
58,72,0.21634615384615385
58,73,0.24607329842931938
59,60,0.4127906976744186
59,61,0.5324675324675324
59,62,0.6666666666666666
59,63,0.5436241610738255
59,64,0.5310344827586206
59,65,0.5915492957746479
59,66,0.4652777777777778
59,67,0.28865979381443296
59,68,0.3953488372093023
59,69,0.5963855421686747
59,70,0.3217821782178218
59,71,0.44666666666666666
59,72,0.46107784431137727
59,73,0.6126760563380281
60,61,0.48366013071895425
60,62,0.477124183006536
60,63,0.7
60,64,0.6384615384615384
60,65,0.5955882352941176
60,66,0.5658914728682171
60,67,0.21105527638190955
60,68,0.8046875
60,69,0.5802469135802469
60,70,0.22274881516587677
60,71,0.5407407407407407
60,72,0.7153284671532847
60,73,0.5384615384615384
61,62,0.36024844720496896
61,63,0.38961038961038963
61,64,0.3464052287581699
61,65,0.4189189189189189
61,66,0.4338235294117647
61,67,0.2
61,68,0.49333333333333335
61,69,0.5759493670886076
61,70,0.27411167512690354
61,71,0.3767123287671233
61,72,0.47096774193548385
61,73,0.3741935483870968
62,63,0.6259541984732825
62,64,0.6141732283464567
62,65,0.6587301587301587
62,66,0.5396825396825397
62,67,0.2393617021276596
62,68,0.44805194805194803
62,69,0.5308641975308642
62,70,0.21951219512195122
62,71,0.5384615384615384
62,72,0.54421768707483
62,73,0.7666666666666667
63,64,0.8018018018018018
63,65,0.8378378378378378
63,66,0.6434782608695652
63,67,0.2192513368983957
63,68,0.6515151515151515
63,69,0.5093167701863354
63,70,0.1951219512195122
63,71,0.7410714285714286
63,72,0.6444444444444445
63,73,0.6171875
64,65,0.7345132743362832
64,66,0.6017699115044248
64,67,0.2087912087912088
64,68,0.5671641791044776
64,69,0.4506172839506173
64,70,0.1791044776119403
64,71,0.6260869565217392
64,72,0.6335877862595419
64,73,0.592
65,66,0.6666666666666666
65,67,0.19148936170212766
65,68,0.5851851851851851
65,69,0.484472049689441
65,70,0.16990291262135923
65,71,0.7363636363636363
65,72,0.6029411764705882
65,73,0.6504065040650406
66,67,0.1807909604519774
66,68,0.49624060150375937
66,69,0.4177215189873418
66,70,0.16494845360824742
66,71,0.5575221238938053
66,72,0.549618320610687
66,73,0.5798319327731093
67,68,0.20202020202020202
67,69,0.30198019801980197
67,70,0.6878980891719745
67,71,0.1813186813186813
67,72,0.20398009950248755
67,73,0.2752808988764045
68,69,0.6012658227848101
68,70,0.22596153846153846
68,71,0.5185185185185185
68,72,0.6453900709219859
68,73,0.47619047619047616
69,70,0.32075471698113206
69,71,0.42857142857142855
69,72,0.5575757575757576
69,73,0.5125
70,71,0.16
70,72,0.2102803738317757
70,73,0.2512820512820513
71,72,0.6456692913385826
71,73,0.5275590551181102
72,73,0.5454545454545454
