bin_left,bin_right,bin_center,count,fraction
0.0,0.001,0.0005,9114,2.569518946174139e-06
0.001,0.002,0.0015,0,0.0
0.002,0.003,0.0025,0,0.0
0.003,0.004,0.0035,175,4.9337921393512654e-08
0.004,0.005,0.0045,1563,4.406581207889159e-07
0.005,0.006,0.0055,9133,2.5748756347825776e-06
0.006,0.007,0.0065,18854,5.315526685447358e-06
0.007,0.008,0.0075,26259,7.403225587841422e-06
0.008,0.009,0.0085,38593,1.0880562287656194e-05
0.009,0.01,0.0095,48728,1.3737932763789055e-05
0.01,0.011,0.0105,68276,1.9249119548934115e-05
0.011,0.012,0.0115,70569,1.9895587284678826e-05
0.012,0.013,0.0125,88024,2.4816692529957474e-05
0.013,0.014,0.0135,86024,2.4252830571174474e-05
0.014,0.015,0.0145,97167,2.7394387474533967e-05
0.015,0.016,0.0155,107674,3.0356636275000466e-05
0.016,0.017,0.0165,128316,3.617625555159983e-05
0.017,0.018,0.0175,133817,3.772715786923248e-05
0.018,0.019,0.0185,158776,4.476387318386495e-05
0.019,0.02,0.0195,161292,4.547321152801396e-05
0.02,0.021,0.0205,221163,6.235270119516251e-05
0.021,0.022,0.0215,246848,6.959409840083322e-05
0.022,0.023,0.0225,281937,7.948677453670158e-05
0.023,0.024,0.0235,299851,8.453728610152094e-05
0.024,0.025,0.0245,341983,9.641560212524364e-05
0.025,0.026,0.0255,460045,0.00012970093741416304
0.026,0.027,0.0265,438637,0.00012366535900734977
0.027,0.028,0.0275,577531,0.0001628238804589529
0.028,0.029,0.0285,648928,0.0001829529065945679
0.029,0.03,0.0295,675604,0.00019047369740081557
0.03,0.031,0.0305,827436,0.00023327984186378593
0.031,0.032,0.0315,915927,0.00025822819616111924
0.032,0.033,0.0325,1074613,0.00030296669555683896
0.033,0.034,0.0335,1174844,0.0003312249195522285
0.034,0.035,0.0345,1314498,0.00037059770854816916
0.035,0.036,0.0355,1520410,0.00042865068037663186
0.036,0.037,0.0365,1558739,0.0004394568128857287
0.037,0.038,0.0375,2002659,0.0005646116132572038
0.038,0.039,0.0385,2054979,0.0005793622420989671
0.039,0.04,0.0395,2022127,0.0005701002455639976
0.04,0.041,0.0405,2775729,0.0007825639954953914
0.041,0.042,0.0415,2754957,0.0007767077251914712
0.042,0.043,0.0425,2929585,0.0008259407682606501
0.043,0.044,0.0435,3328331,0.0009383596185690936
0.044,0.045,0.0445,3493287,0.000984865825205598
0.045,0.046,0.0455,3961119,0.0011167621591562826
0.046,0.047,0.0465,4032274,0.0011368229579948848
0.047,0.048,0.0475,4364834,0.0012305819245013224
0.048,0.049,0.0485,4683956,0.001320552302506697
0.049,0.05,0.0495,4361666,0.0012296887671586101
0.05,0.051,0.0505,5968872,0.0016828099288225067
0.051,0.052,0.0515,5565033,0.0015689552040360224
0.052,0.053,0.0525,6240954,0.0017595182735573051
0.053,0.054,0.0535,5956664,0.0016793681154260952
0.054,0.055,0.0545,6601843,0.0018612640627789245
0.055,0.056,0.0555,6922600,0.0019516953979356042
0.056,0.057,0.0565,7496858,0.0021135965182990085
0.057,0.058,0.0575,7349050,0.0020719248640971096
0.058,0.059,0.0585,7630681,0.0021513253677541175
0.059,0.06,0.0595,7764052,0.0021889267844065413
0.06,0.061,0.0605,8959108,0.0025258500929142306
0.061,0.062,0.0615,8523479,0.002403032782292891
0.062,0.063,0.0625,9171991,0.0025858684056000317
0.063,0.064,0.0635,9011054,0.002540495279569702
0.064,0.065,0.0645,9399611,0.002650041535129125
0.065,0.066,0.0655,10237576,0.002886289828274924
0.066,0.067,0.0665,9433696,0.0026596511525616845
0.067,0.068,0.0675,10596074,0.0029873615205248186
0.068,0.069,0.0685,11236092,0.003167802422093008
0.069,0.07,0.0695,9750941,0.002749092346118741
0.07,0.071,0.0705,10923831,0.0030797663725372387
0.071,0.072,0.0715,11392768,0.003211974240220151
0.072,0.073,0.0725,11592382,0.003268251610740406
0.073,0.074,0.0735,11206282,0.0031593980595973474
0.074,0.075,0.0745,11255762,0.003173348004457639
0.075,0.076,0.0755,12469059,0.003515414015960409
0.076,0.077,0.0765,13928509,0.003926878183833335
0.077,0.078,0.0775,10611398,0.002991681830853014
0.078,0.079,0.0785,12648714,0.003566064326062989
0.079,0.08,0.0795,10941845,0.003084845077199997
0.08,0.081,0.0805,14106745,0.003977128433876158
0.081,0.082,0.0815,12839450,0.0036198387133482062
0.082,0.083,0.0825,13447686,0.003791319284529375
0.083,0.084,0.0835,12192797,0.003437527199731754
0.084,0.085,0.0845,13018022,0.0036701836922001054
0.085,0.086,0.0855,13284287,0.003745252044427783
0.086,0.087,0.0865,14398428,0.004059362907738009
0.087,0.088,0.0875,12220194,0.003445251262774143
0.088,0.089,0.0885,13403888,0.003778971271493986
0.089,0.09,0.0895,13439975,0.003789145314747287
0.09,0.091,0.0905,15880669,0.004477252564562247
0.091,0.092,0.0915,11531798,0.003251171104284951
0.092,0.093,0.0925,13183924,0.003716956605543114
0.093,0.094,0.0935,14113981,0.003979168486443035
0.094,0.095,0.0945,13668571,0.0038535936089122667
0.095,0.096,0.0955,13637411,0.0038448086395944277
0.096,0.097,0.0965,13970693,0.003938771160267986
0.097,0.098,0.0975,13591417,0.003831841506128295
0.098,0.099,0.0985,13732734,0.0038716831463429637
0.099,0.1,0.0995,10361050,0.0029211009740243103
0.1,0.101,0.1005,16949284,0.0047785282381046955
0.101,0.102,0.1015,13880451,0.003913329144825738
0.102,0.103,0.1025,13710581,0.0038654375293565037
0.103,0.104,0.1035,13625140,0.0038413490645463145
0.104,0.105,0.1045,13724626,0.0038693972499620572
0.105,0.106,0.1055,13896051,0.003917727268104246
0.106,0.107,0.1065,13806546,0.0038924930357938092
0.107,0.108,0.1075,13317908,0.003754730845885905
0.108,0.109,0.1085,13351201,0.003764117173982786
0.109,0.11,0.1095,13319685,0.0037552318372362837
0.11,0.111,0.1105,11482979,0.0032374075158020377
0.111,0.112,0.1115,15339139,0.004324578481292368
0.112,0.113,0.1125,13963135,0.003936640325925745
0.113,0.114,0.1135,13255025,0.003737002180108829
0.114,0.115,0.1145,12979314,0.003659270707849819
0.115,0.116,0.1155,13294000,0.0037479904400306127
0.116,0.117,0.1165,13317361,0.0037545766296401776
0.117,0.118,0.1175,13389808,0.0037750016833041538
0.118,0.119,0.1185,12893147,0.0036349775611485917
0.119,0.12,0.1195,11952624,0.003369814990618359
0.12,0.121,0.1205,14386937,0.004056123238853822
0.121,0.122,0.1215,13181936,0.0037163961267560838
0.122,0.123,0.1225,13005339,0.003666607961588483
0.123,0.124,0.1235,12842267,0.003620632912917152
0.124,0.125,0.1245,8929685,0.0025175548377075947
0.125,0.126,0.1255,16803533,0.004737436515927405
0.126,0.127,0.1265,13310680,0.003752693048766863
0.127,0.128,0.1275,12353634,0.0034828721326641446
0.128,0.129,0.1285,12449803,0.003509985153021246
0.129,0.13,0.1295,13124853,0.003700302660659479
0.13,0.131,0.1305,13001089,0.003665409754926069
0.131,0.132,0.1315,12854056,0.0036239565972331985
0.132,0.133,0.1325,12668680,0.0035716933599975196
0.133,0.134,0.1335,12853571,0.0036238198607081934
0.134,0.135,0.1345,12619335,0.003557781475819446
0.135,0.136,0.1355,12793214,0.0036068033525850605
0.136,0.137,0.1365,13182928,0.00371667580228764
0.137,0.138,0.1375,12689743,0.0035776316722164426
0.138,0.139,0.1385,12492832,0.003522116361133483
0.139,0.14,0.1395,12193246,0.0034376537867415007
0.14,0.141,0.1405,13258687,0.0037380346113553608
0.141,0.142,0.1415,12511183,0.003527290076536296
0.142,0.143,0.1425,15645218,0.004410871633533539
0.143,0.144,0.1435,9841940,0.002774747783312388
0.144,0.145,0.1445,12937585,0.0036475060100107913
0.145,0.146,0.1455,12967572,0.003655960274289804
0.146,0.147,0.1465,12628149,0.0035602664154718027
0.147,0.148,0.1475,12930659,0.0036455533560475254
0.148,0.149,0.1485,12667698,0.0035714165037757572
0.149,0.15,0.1495,11433101,0.0032233453624119484
0.15,0.151,0.1505,14208830,0.004005909357907339
0.151,0.152,0.1515,12720447,0.0035862880810076793
0.152,0.153,0.1525,13018929,0.0036704394035984135
0.153,0.154,0.1535,13283940,0.0037451542143779343
0.154,0.155,0.1545,12342659,0.003479777940165323
0.155,0.156,0.1555,12868375,0.0036279935669271055
0.156,0.157,0.1565,13124389,0.003700171844685041
0.157,0.158,0.1575,13081287,0.0036880200556113087
0.158,0.159,0.1585,12881634,0.003631731689782857
0.159,0.16,0.1595,11507157,0.0032442240430217654
0.16,0.161,0.1605,14095107,0.003973847321138
0.161,0.162,0.1615,12886945,0.0036332290252144056
0.162,0.163,0.1625,13199753,0.003721419291015902
0.163,0.164,0.1635,12542842,0.003536215729412852
0.164,0.165,0.1645,13109824,0.0036960655199702037
0.165,0.166,0.1655,13814638,0.0038947744212790452
0.166,0.167,0.1665,12920242,0.0036426164810352043
0.167,0.168,0.1675,11980810,0.003377761497203488
0.168,0.169,0.1685,13072453,0.003685529477339364
0.169,0.17,0.1695,12935951,0.0036470453347904656
0.17,0.171,0.1705,13211065,0.003724608494254779
0.171,0.172,0.1715,12852678,0.003623568096343597
0.172,0.173,0.1725,13390047,0.0037750690648082285
0.173,0.174,0.1735,12949360,0.003650825747293126
0.174,0.175,0.1745,12079678,0.0034056354492739667
0.175,0.176,0.1755,13463121,0.003795670889196283
0.176,0.177,0.1765,13417480,0.0037828032773658754
0.177,0.178,0.1775,12694614,0.0035790049580170587
0.178,0.179,0.1785,13062622,0.003682757813880966
0.179,0.18,0.1795,12326408,0.003475196279819232
0.18,0.181,0.1805,13602070,0.0038348449168517525
0.181,0.182,0.1815,13170946,0.0037132977052925713
0.182,0.183,0.1825,12576815,0.0035457937705757193
0.183,0.184,0.1835,12633981,0.003561910636943614
0.184,0.185,0.1845,12816649,0.0036134104050871006
0.185,0.186,0.1855,13099325,0.0036931055266175724
0.186,0.187,0.1865,13080475,0.0036877911276560426
0.187,0.188,0.1875,12410596,0.0034989314851122436
0.188,0.189,0.1885,12997349,0.003664355333063145
0.189,0.19,0.1895,12535963,0.003534276326205618
0.19,0.191,0.1905,12745719,0.0035934130407188616
0.191,0.192,0.1915,12657237,0.0035684672238003425
0.192,0.193,0.1925,13212571,0.0037250330823097423
0.193,0.194,0.1935,12304834,0.0034691139008698395
0.194,0.195,0.1945,12377438,0.00348958321769758
0.195,0.196,0.1955,12662898,0.003570063235074678
0.196,0.197,0.1965,12793299,0.003606827316718309
0.197,0.198,0.1975,12423694,0.0035026242170803135
0.198,0.199,0.1985,11364481,0.0032039992586061035
0.199,0.2,0.1995,7834840,0.002208884114575707
0.2,0.201,0.2005,18773341,0.005292786414580619
0.201,0.202,0.2015,11359604,0.0032026242812196112
0.202,0.203,0.2025,12162007,0.0034288465448762896
0.203,0.204,0.2035,12237828,0.0034502228336647325
0.204,0.205,0.2045,12040655,0.003394633656665172
0.205,0.206,0.2055,12249636,0.0034535518746693873
0.206,0.207,0.2065,11869456,0.0033463673549243267
0.207,0.208,0.2075,12024425,0.003390057916869648
0.208,0.209,0.2085,12038351,0.003393984087688654
0.209,0.21,0.2095,11784194,0.0033223293557594485
0.21,0.211,0.2105,11961228,0.0033722407247650434
0.211,0.212,0.2115,11693198,0.0032966747643587394
0.212,0.213,0.2125,11860625,0.0033438776224453204
0.213,0.214,0.2135,11829395,0.003335072917958924
0.214,0.215,0.2145,11063171,0.00311905063520565
0.215,0.216,0.2155,11405539,0.0032155747807579597
0.216,0.217,0.2165,11616707,0.0032751095818141043
0.217,0.218,0.2175,11295763,0.0031846255255642783
0.218,0.219,0.2185,11202350,0.00315828950698638
0.219,0.22,0.2195,10801987,0.0030454147742842606
0.22,0.221,0.2205,11770319,0.0033184175634203912
0.221,0.222,0.2215,10556840,0.0029763002404793724
0.222,0.223,0.2225,11084343,0.0031250196779013272
0.223,0.224,0.2235,10830826,0.0030535453817989323
0.224,0.225,0.2245,10446709,0.002945250899788007
0.225,0.226,0.2255,11434893,0.003223850582727018
0.226,0.227,0.2265,10519945,0.002965898396994723
0.227,0.228,0.2275,10450191,0.0029462325834582483
0.228,0.229,0.2285,10523322,0.002966850477912128
0.229,0.23,0.2295,10322824,0.0029103238804060907
0.23,0.231,0.2305,9968529,0.002810437144062579
0.231,0.232,0.2315,10590365,0.0029857519765634725
0.232,0.233,0.2325,10293279,0.002901994229619969
0.233,0.234,0.2335,10144965,0.002860179918342498
0.234,0.235,0.2345,9688423,0.0027314665851491432
0.235,0.236,0.2355,10106962,0.0028494656953326827
0.236,0.237,0.2365,10174439,0.002868489552029083
0.237,0.238,0.2375,9532707,0.002687565420762216
0.238,0.239,0.2385,9834043,0.0027725213743681337
0.239,0.24,0.2395,8735454,0.002462795101649404
0.24,0.241,0.2405,10354434,0.002919235718664656
0.241,0.242,0.2415,9436959,0.0026605710933474387
0.242,0.243,0.2425,9562907,0.0026960797363398395
0.243,0.244,0.2435,8943373,0.0025214139089535055
0.244,0.245,0.2445,9443734,0.0026624811757328163
0.245,0.246,0.2455,9330340,0.0026305118942556963
0.246,0.247,0.2465,8980689,0.0025319344453804786
0.247,0.248,0.2475,9056192,0.002553221080117475
0.248,0.249,0.2485,10159612,0.002864309361397645
0.249,0.25,0.2495,2558227,0.0007212434436157811
0.25,0.251,0.2505,12760725,0.0035976436969956103
0.251,0.252,0.2515,9415340,0.002654476027503974
0.252,0.253,0.2525,8907362,0.002511261292454638
0.253,0.254,0.2535,8777343,0.0024746049084451347
0.254,0.255,0.2545,8425748,0.00237547938574598
0.255,0.256,0.2555,8360461,0.002357072957894447
0.256,0.257,0.2565,8458630,0.0023847498402103312
0.257,0.258,0.2575,8383722,0.0023636309544060726
0.258,0.259,0.2585,8446722,0.0023813926061077373
0.259,0.26,0.2595,7736552,0.002181173682473275
0.26,0.261,0.2605,8285861,0.002336040906831841
0.261,0.262,0.2615,8213833,0.00231573398224823
0.262,0.263,0.2625,8447027,0.002381478595056452
0.263,0.264,0.2635,7522771,0.0021209021957679804
0.264,0.265,0.2645,7949856,0.0022413106881014
0.265,0.266,0.2655,7919946,0.0022328781325078
0.266,0.267,0.2665,8146210,0.0022966689636288386
0.267,0.268,0.2675,7382473,0.0020813478432213117
0.268,0.269,0.2685,7705012,0.002172281579383267
0.269,0.27,0.2695,7632290,0.0021517789946999583
0.27,0.271,0.2705,7824368,0.002205931733359519
0.271,0.272,0.2715,7476377,0.0021078222899100912
0.272,0.273,0.2725,7100498,0.002001850355307393
0.273,0.274,0.2735,7981652,0.002250274965522132
0.274,0.275,0.2745,6957473,0.001961527176979924
0.275,0.276,0.2755,7521443,0.0021205277914273487
0.276,0.277,0.2765,7753014,0.002185814830256018
0.277,0.278,0.2775,6908500,0.001947720171126184
0.278,0.279,0.2785,7642270,0.0021545926658742857
0.279,0.28,0.2795,6434344,0.0018140409056618275
0.28,0.281,0.2805,7963487,0.0022451536892814854
0.281,0.282,0.2815,6961067,0.001962540436919857
0.282,0.283,0.2825,6979934,0.0019678596287080363
0.283,0.284,0.2835,7114974,0.0020059315881650647
0.284,0.285,0.2845,6604571,0.0018620331704907044
0.285,0.286,0.2855,7862358,0.002216642291266602
0.286,0.287,0.2865,6815559,0.0019215172239705584
0.287,0.288,0.2875,6616396,0.001865367004322009
0.288,0.289,0.2885,7132572,0.0020108930095403964
0.289,0.29,0.2895,6594545,0.0018592065304913253
0.29,0.291,0.2905,6969430,0.0019648982257005083
0.291,0.292,0.2915,6653477,0.0018758212869688252
0.292,0.293,0.2925,6939002,0.0019563196298595835
0.293,0.294,0.2935,6610849,0.0018638031331793244
0.294,0.295,0.2945,6678625,0.0018829112872385627
0.295,0.296,0.2955,6746479,0.0019020414319141936
0.296,0.297,0.2965,6775683,0.001910274944236343
0.297,0.298,0.2975,6632776,0.0018699850337644418
0.298,0.299,0.2985,6456991,0.0018204257965521067
0.299,0.3,0.2995,5142769,0.0014499059009542496
0.3,0.301,0.3005,8086179,0.0022797443650049874
0.301,0.302,0.3015,6527545,0.0018403171548720947
0.302,0.303,0.3025,6196074,0.0017468652112022146
0.303,0.304,0.3035,6650134,0.0018748787917047193
0.304,0.305,0.3045,6349129,0.0017900161572529808
0.305,0.306,0.3055,6487296,0.0018289697148825663
0.306,0.307,0.3065,6434088,0.0018139687313311033
0.307,0.308,0.3075,5904060,0.0016645374181861847
0.308,0.309,0.3085,6796078,0.0019160249265610327
0.309,0.31,0.3095,6188863,0.0017448322069098224
0.31,0.311,0.3105,6310869,0.001779229477981462
0.311,0.312,0.3115,6384542,0.0018000001790261719
0.312,0.313,0.3125,6109083,0.0017223397533739685
0.313,0.314,0.3135,6283384,0.0017714806050128866
0.314,0.315,0.3145,6151589,0.0017343235115839836
0.315,0.316,0.3155,5939197,0.0016744436270090639
0.316,0.317,0.3165,6621083,0.001866688414822417
0.317,0.318,0.3175,6254499,0.001763337028673163
0.318,0.319,0.3185,5889310,0.0016603789362401602
0.319,0.32,0.3195,5490633,0.0015479795391692948
0.32,0.321,0.3205,6718389,0.0018941219907030863
0.321,0.322,0.3215,5887947,0.0016599946643152494
0.322,0.323,0.3225,5950722,0.001677692881546551
0.323,0.324,0.3235,5930375,0.0016719564319088722
0.324,0.325,0.3245,5752218,0.0016217284544134205
0.325,0.326,0.3255,6393795,0.0018026088863784815
0.326,0.327,0.3265,5738259,0.0016177929798720945
0.327,0.328,0.3275,5827610,0.0016429837948117045
0.328,0.329,0.3285,5852454,0.001649988088063707
0.329,0.33,0.3295,5505894,0.0015522820878457885
0.33,0.331,0.3305,6463562,0.0018222783650176883
0.331,0.332,0.3315,7190743,0.0020272932165425793
0.332,0.333,0.3325,1585600,0.0004470297609231638
0.333,0.334,0.3335,8892719,0.0025071329771234083
0.334,0.335,0.3345,5939042,0.0016743999277072583
0.335,0.336,0.3355,4049786,0.0011417601333059888
0.336,0.337,0.3365,6482862,0.0018277196329199443
0.337,0.338,0.3375,5592054,0.0015765732610301601
0.338,0.339,0.3385,5687478,0.0016034762428076147
0.339,0.34,0.3395,5196706,0.001465112412189689
0.34,0.341,0.3405,5731931,0.0016160089206345052
0.341,0.342,0.3415,5734323,0.0016166832995372095
0.342,0.343,0.3425,5498927,0.001550317874712368
0.343,0.344,0.3435,5147608,0.0014512701649635252
0.344,0.345,0.3445,5549172,0.0015644834967718938
0.345,0.346,0.3455,5653939,0.0015940205596898032
0.346,0.347,0.3465,5087925,0.0014344436783205023
0.347,0.348,0.3475,5108941,0.001440368739783394
0.348,0.349,0.3485,5629446,0.0015871152242115671
0.349,0.35,0.3495,4665344,0.0013153050031182623
0.35,0.351,0.3505,5877678,0.0016570995150878782
0.351,0.352,0.3515,5117341,0.0014427369600102827
0.352,0.353,0.3525,5702387,0.0016076795517793625
0.353,0.354,0.3535,4816177,0.0013578294985328206
0.354,0.355,0.3545,5021826,0.0014158083225137034
0.355,0.356,0.3555,5010807,0.0014127017250517885
0.356,0.357,0.3565,5078194,0.0014317002079600434
0.357,0.358,0.3575,5109228,0.0014404496539744793
0.358,0.359,0.3585,5226293,0.0014734539040769455
0.359,0.36,0.3595,4334547,0.0012220430809284921
0.36,0.361,0.3605,5592710,0.001576758207752641
0.361,0.362,0.3615,4832085,0.0013623144565529806
0.362,0.363,0.3625,4780701,0.0013478277151079277
0.363,0.364,0.3635,4275207,0.0012053132966114003
0.364,0.365,0.3645,5231608,0.0014749523672324112
0.365,0.366,0.3655,4956609,0.001397421629830728
0.366,0.367,0.3665,4684770,0.0013207817943239216
0.367,0.368,0.3675,4706817,0.001326997526626566
0.368,0.369,0.3685,4687494,0.0013215497743117842
0.369,0.37,0.3695,4431150,0.0012492784593306492
0.37,0.371,0.3705,4765546,0.0013435550511152496
0.371,0.372,0.3715,4566247,0.0012873664888535029
0.372,0.373,0.3725,4493425,0.001266835711072255
0.373,0.374,0.3735,4764031,0.0013431279256814713
0.374,0.375,0.3745,2875609,0.0008107232617170146
0.375,0.376,0.3755,5391452,0.0015200173427022663
0.376,0.377,0.3765,4755323,0.0013406728707129301
0.377,0.378,0.3775,4394624,0.0012389806483773952
0.378,0.379,0.3785,4334840,0.0012221256867054537
0.379,0.38,0.3795,3948177,0.0011131134084209978
0.38,0.381,0.3805,4708009,0.0013273335883540007
0.381,0.382,0.3815,3922376,0.0011058393072217176
0.382,0.383,0.3825,4273195,0.0012047460514808647
0.383,0.384,0.3835,4092465,0.0011537926655754388
0.384,0.385,0.3845,4034772,0.0011375272215814049
0.385,0.386,0.3855,4027021,0.0011353419745601414
0.386,0.387,0.3865,4062463,0.0011453341723317348
0.387,0.388,0.3875,3864661,0.0010895676607461373
0.388,0.389,0.3885,4038786,0.0011386588925326824
0.389,0.39,0.3895,3686268,0.0010392731475395492
0.39,0.391,0.3905,3963652,0.0011174762903270812
0.391,0.392,0.3915,3790137,0.001068557036437965
0.392,0.393,0.3925,3669388,0.0010345141526074207
0.393,0.394,0.3935,3925856,0.0011068204270300002
0.394,0.395,0.3945,3554258,0.0010020554389500772
0.395,0.396,0.3955,3692552,0.0010410448018140454
0.396,0.397,0.3965,3698125,0.0010426160031621941
0.397,0.398,0.3975,3336576,0.0009406841394941765
0.398,0.399,0.3985,3471935,0.0009788460349336307
0.399,0.4,0.3995,2158342,0.0006085034739218108
0.4,0.401,0.4005,5500141,0.0015506601389213492
0.401,0.402,0.4015,3189059,0.0008990945272072805
0.402,0.403,0.4025,3406918,0.0009605157284465335
0.403,0.404,0.4035,3193981,0.0009004821914878454
0.404,0.405,0.4045,3261937,0.0009196410931233743
0.405,0.406,0.4055,3436697,0.0009689113510818329
0.406,0.407,0.4065,3168585,0.0008933222723352188
0.407,0.408,0.4075,3199768,0.000902113726065584
0.408,0.409,0.4085,3132226,0.0008830715438555233
0.409,0.41,0.4095,3079720,0.0008682684758515931
0.41,0.411,0.4105,3200430,0.0009023003643739413
0.411,0.412,0.4115,2793102,0.0007874619824003599
0.412,0.413,0.4125,3252115,0.000916871967043791
0.413,0.414,0.4135,3084163,0.0008695210951930296
0.414,0.415,0.4145,2757783,0.0007775044621392315
0.415,0.416,0.4155,3103656,0.0008750167757743081
0.416,0.417,0.4165,2444369,0.0006891433461642236
0.417,0.418,0.4175,3220972,0.0009080917905526014
0.418,0.419,0.4185,2764741,0.0007794661378938376
0.419,0.42,0.4195,2596648,0.000732075513774982
0.42,0.421,0.4205,2654238,0.0007483119188781386
0.421,0.422,0.4215,2850975,0.0008037781739706842
0.422,0.423,0.4225,2645647,0.0007458898498341862
0.423,0.424,0.4235,2665951,0.0007516141764397512
0.424,0.425,0.4245,2416176,0.000681194866062239
0.425,0.426,0.4255,2645438,0.0007458309262594933
0.426,0.427,0.4265,2450875,0.0006909775891161447
0.427,0.428,0.4275,3049564,0.0008597665652370631
0.428,0.429,0.4285,1795608,0.0005062375220432141
0.429,0.43,0.4295,2577713,0.000726737150680204
0.43,0.431,0.4305,2368600,0.000667781717786709
0.431,0.432,0.4315,2318712,0.0006537167450868258
0.432,0.433,0.4325,2382033,0.000671568896632875
0.433,0.434,0.4335,2254967,0.0006357450548055146
0.434,0.435,0.4345,2156182,0.0006078945030063252
0.435,0.436,0.4355,2178994,0.0006143259125082041
0.436,0.437,0.4365,2319067,0.0006538168305845098
0.437,0.438,0.4375,2007620,0.000566010272845965
0.438,0.439,0.4385,2101103,0.0005923660265924207
0.439,0.44,0.4395,1947948,0.0005491868874437154
0.44,0.441,0.4405,2205628,0.0006218348622133174
0.441,0.442,0.4415,2109485,0.0005947291720616802
0.442,0.443,0.4425,1984302,0.0005594362062685141
0.443,0.444,0.4435,2176926,0.0006137428792428224
0.444,0.445,0.4445,1603084,0.0004519590421668448
0.445,0.446,0.4455,1846550,0.0005205996499953759
0.446,0.447,0.4465,1872458,0.000527903917809451
0.447,0.448,0.4475,1900528,0.0005358177204009704
0.448,0.449,0.4485,1839455,0.0005185993496965933
0.449,0.45,0.4495,1497038,0.0004220613895262937
0.45,0.451,0.4505,2014134,0.0005678467712457213
0.451,0.452,0.4515,1667524,0.00047012667447883315
0.452,0.453,0.4525,1685917,0.000475312230982781
0.453,0.454,0.4535,1499161,0.0004226599289955419
0.454,0.455,0.4545,1725220,0.00048639296426580516
0.455,0.456,0.4555,1660916,0.0004682636745670141
0.456,0.457,0.4565,1576188,0.00044437622654513103
0.457,0.458,0.4575,1568943,0.0004423336365994396
0.458,0.459,0.4585,1462760,0.00041239735941471186
0.459,0.46,0.4595,1447928,0.0004082157591283771
0.46,0.461,0.4605,1504142,0.00042406422720389094
0.461,0.462,0.4615,1610157,0.0004539531399840809
0.462,0.463,0.4625,1305164,0.0003679661647865289
0.463,0.464,0.4635,1396494,0.00039371492113435464
0.464,0.465,0.4645,1302082,0.0003670972535080443
0.465,0.466,0.4655,1384947,0.000390459464115321
0.466,0.467,0.4665,1301004,0.00036679333191226023
0.467,0.468,0.4675,1365623,0.00038501142986955964
0.468,0.469,0.4685,1225391,0.0003454756847675307
0.469,0.47,0.4695,1210802,0.00034136259370918804
0.47,0.471,0.4705,1314675,0.0003706476103315214
0.471,0.472,0.4715,1177268,0.00033190832024627346
0.472,0.473,0.4725,1194143,0.00033666590552350507
0.473,0.474,0.4735,1214091,0.0003422898647004067
0.474,0.475,0.4745,991366,0.0002794967873154347
0.475,0.476,0.4755,1258734,0.00035487610941338147
0.476,0.477,0.4765,1013739,0.00028580442911736075
0.477,0.478,0.4775,1045596,0.00029478590432783575
0.478,0.479,0.4785,1111827,0.00031345847502391427
0.479,0.48,0.4795,921749,0.00025986959832313656
0.48,0.481,0.4805,1113658,0.0003139746906471801
0.481,0.482,0.4815,1003740,0.0002829854012544251
0.482,0.483,0.4825,992359,0.00027977674477797044
0.483,0.484,0.4835,892790,0.0002517051590909381
0.484,0.485,0.4845,936097,0.0002639147440154458
0.485,0.486,0.4855,971938,0.0002740194322478166
0.486,0.487,0.4865,877131,0.00024729040188464655
0.487,0.488,0.4875,896254,0.00025268176800355023
0.488,0.489,0.4885,849354,0.00023945920507008884
0.489,0.49,0.4895,835723,0.0002356162038900033
0.49,0.491,0.4905,887304,0.0002501584857379963
0.491,0.492,0.4915,760172,0.000214316036465996
0.492,0.493,0.4925,925015,0.0002607903849018292
0.493,0.494,0.4935,580509,0.0001636634709155808
0.494,0.495,0.4945,910898,0.0002568103652657594
0.495,0.496,0.4955,803381,0.00022649799215452337
0.496,0.497,0.4965,233639,6.587007209405088e-05
0.497,0.498,0.4975,1625961,0.0004584087771823842
0.498,0.499,0.4985,7420,2.0919278670849365e-06
0.499,0.5,0.4995,0,0.0
0.5,0.501,0.5005,1781957,0.0005023888822435408
0.501,0.502,0.5015,5901,1.6636747093892467e-06
0.502,0.503,0.5025,1460713,0.00041182024669989746
0.503,0.504,0.5035,211929,5.9749350531461394e-05
0.504,0.505,0.5045,564982,0.00015928592859856895
0.505,0.506,0.5055,823328,0.00023212166940044565
0.506,0.507,0.5065,414010,0.00011672224477787528
0.507,0.508,0.5075,672617,0.00018963156956537316
0.508,0.509,0.5085,548179,0.00015454864235185358
0.509,0.51,0.5095,523565,0.00014760919322511117
0.51,0.511,0.5105,599317,0.00016896602877597614
0.511,0.512,0.5115,507583,0.0001431033723124762
0.512,0.513,0.5125,535082,0.0001508561923147631
0.513,0.514,0.5135,497496,0.00014025953452335413
0.514,0.515,0.5145,480226,0.0001353905865092629
0.515,0.516,0.5155,522883,0.00014741691629716617
0.516,0.517,0.5165,440739,0.00012425797792603072
0.517,0.518,0.5175,482902,0.00013614503381011457
0.518,0.519,0.5185,455016,0.00012828310651880317
0.519,0.52,0.5195,392833,0.00011075179242730147
0.52,0.521,0.5205,478624,0.00013493893308027773
0.521,0.522,0.5215,443419,0.00012501355295079994
0.522,0.523,0.5225,406239,0.00011453135913702393
0.523,0.524,0.5235,370606,0.00010448531254836658
0.524,0.525,0.5245,394702,0.00011127872142778418
0.525,0.526,0.5255,386677,0.00010901622531816739
0.526,0.527,0.5265,402824,0.00011356856484240196
0.527,0.528,0.5275,369406,0.00010414699537309677
0.528,0.529,0.5285,344012,9.698764008242901e-05
0.529,0.53,0.5295,345147,9.730763174403836e-05
0.53,0.531,0.5305,366203,0.0001032439704461058
0.531,0.532,0.5315,328375,9.25790853576841e-05
0.532,0.533,0.5325,362861,0.0001023017571129794
0.533,0.534,0.5335,284061,8.008559593692913e-05
0.534,0.535,0.5345,305023,8.599543312693378e-05
0.535,0.536,0.5355,320847,9.045670894482489e-05
0.536,0.537,0.5365,295772,8.338728963658301e-05
0.537,0.538,0.5375,265707,7.491103474117753e-05
0.538,0.539,0.5385,328601,9.264280175902659e-05
0.539,0.54,0.5395,241532,6.809535331438799e-05
0.54,0.541,0.5405,295506,8.331229599606486e-05
0.541,0.542,0.5415,256330,7.226736794742343e-05
0.542,0.543,0.5425,243911,6.876606711436037e-05
0.543,0.544,0.5435,260448,7.342835972055762e-05
0.544,0.545,0.5445,257558,7.261357919011619e-05
0.545,0.546,0.5455,244667,6.897920693478035e-05
0.546,0.547,0.5465,218531,6.161065885740409e-05
0.547,0.548,0.5475,215151,6.065773214706081e-05
0.548,0.549,0.5485,221442,6.243135993841275e-05
0.549,0.55,0.5495,193337,5.450768976261461e-05
0.55,0.551,0.5505,231498,6.526645786717367e-05
0.551,0.552,0.5515,213278,6.012967542266053e-05
0.552,0.553,0.5525,201453,5.679584159135603e-05
0.553,0.554,0.5535,199953,5.637294512226878e-05
0.554,0.555,0.5545,200411,5.6502069510830084e-05
0.555,0.556,0.5555,143252,4.0387176659791286e-05
0.556,0.557,0.5565,210068,5.922467697881381e-05
0.557,0.558,0.5575,164271,4.6313083915621246e-05
0.558,0.559,0.5585,178159,5.022854135741041e-05
0.559,0.56,0.5595,149324,4.209906156665648e-05
0.56,0.561,0.5605,188810,5.323138821890928e-05
0.561,0.562,0.5615,148906,4.1981214417270834e-05
0.562,0.563,0.5625,160039,4.5119952010836415e-05
0.563,0.564,0.5635,152786,4.307510661730985e-05
0.564,0.565,0.5645,144467,4.072972279975196e-05
0.565,0.566,0.5655,139830,3.942240884831357e-05
0.566,0.567,0.5665,134647,3.796116058212742e-05
0.567,0.568,0.5675,140752,3.9682349211312533e-05
0.568,0.569,0.5685,133840,3.773364228175848e-05
0.569,0.57,0.5695,137572,3.878580869684756e-05
0.57,0.571,0.5705,119641,3.373050430537856e-05
0.571,0.572,0.5715,98094,2.765573749242989e-05
0.572,0.573,0.5725,138843,3.914414297165416e-05
0.573,0.574,0.5735,120980,3.410800988678378e-05
0.574,0.575,0.5745,100392,2.830361488307156e-05
0.575,0.576,0.5755,118149,3.330986328412644e-05
0.576,0.577,0.5765,109193,3.0784889432696156e-05
0.577,0.578,0.5775,99084,2.7934849162027475e-05
0.578,0.579,0.5785,113872,3.210404448526899e-05
0.579,0.58,0.5795,83224,2.346342382887827e-05
0.58,0.581,0.5805,96115,2.709779608421411e-05
0.581,0.582,0.5815,95580,2.6946963010239656e-05
0.582,0.583,0.5825,101519,2.862135109684578e-05
0.583,0.584,0.5835,82860,2.3360800952379765e-05
0.584,0.585,0.5845,79270,2.2348668736364275e-05
0.585,0.586,0.5855,87031,2.4536735067421716e-05
0.586,0.587,0.5865,84209,2.37411258435789e-05
0.587,0.588,0.5875,82406,2.323280428773602e-05
0.588,0.589,0.5885,73746,2.0791282006205624e-05
0.589,0.59,0.5895,70589,1.9901225904266655e-05
0.59,0.591,0.5905,79591,2.243916858074895e-05
0.591,0.592,0.5915,68068,1.9190477905220684e-05
0.592,0.593,0.5925,66975,1.888232734474577e-05
0.593,0.594,0.5935,70281,1.9814391162614073e-05
0.594,0.595,0.5945,62967,1.7752347979344638e-05
0.595,0.596,0.5955,65031,1.8334253520808694e-05
0.596,0.597,0.5965,62938,1.7744171980942283e-05
0.597,0.598,0.5975,69030,1.9461695507395307e-05
0.598,0.599,0.5985,66137,1.8646069184015695e-05
0.599,0.6,0.5995,5569,1.5700736242312684e-06
0.6,0.601,0.6005,69967,1.9725864835085143e-05
0.601,0.602,0.6015,63928,1.8023283650539868e-05
0.602,0.603,0.6025,57127,1.610587105969827e-05
0.603,0.604,0.6035,52548,1.4814909105064589e-05
0.604,0.605,0.6045,49774,1.4032832568232566e-05
0.605,0.606,0.6055,47209,1.3309679606093366e-05
0.606,0.607,0.6065,49926,1.4075686077100074e-05
0.607,0.608,0.6075,43886,1.2372822961575408e-05
0.608,0.609,0.6085,45933,1.294993567638981e-05
0.609,0.61,0.6095,39088,1.1020118122454986e-05
0.61,0.611,0.6105,40693,1.1472617344378345e-05
0.611,0.612,0.6115,41146,1.1600332078042696e-05
0.612,0.613,0.6125,40242,1.134546647267278e-05
0.613,0.614,0.6135,37164,1.0477682918105739e-05
0.614,0.615,0.6145,42237,1.1907918776558823e-05
0.615,0.616,0.6155,33507,9.44666132647102e-06
0.616,0.617,0.6165,31651,8.923397428720395e-06
0.617,0.618,0.6175,36667,1.0337563221348164e-05
0.618,0.619,0.6185,29034,8.185584055652837e-06
0.619,0.62,0.6195,33602,9.473444769513214e-06
0.62,0.621,0.6205,32755,9.234649229968612e-06
0.621,0.622,0.6215,30404,8.571829497419193e-06
0.622,0.623,0.6225,30260,8.531231436386818e-06
0.623,0.624,0.6235,24393,6.8771423802968814e-06
0.624,0.625,0.6245,20472,5.7716910101028064e-06
0.625,0.626,0.6255,40025,1.1284287450144824e-05
0.626,0.627,0.6265,22625,6.378688408732708e-06
0.627,0.628,0.6275,26007,7.332178981034764e-06
0.628,0.629,0.6285,24612,6.93888526478362e-06
0.629,0.63,0.6295,23729,6.689940209980925e-06
0.63,0.631,0.6305,24311,6.8540240399867786e-06
0.631,0.632,0.6315,22891,6.453682049250847e-06
0.632,0.633,0.6325,21835,6.155962935013422e-06
0.633,0.634,0.6335,20953,5.907299811190119e-06
0.634,0.635,0.6345,19676,5.547273950507172e-06
0.635,0.636,0.6355,21874,6.1669582432096905e-06
0.636,0.637,0.6365,20173,5.687393647264747e-06
0.637,0.638,0.6375,16227,4.574894002585885e-06
0.638,0.639,0.6385,18163,5.120712378687831e-06
0.639,0.64,0.6395,16306,4.597166549957813e-06
0.64,0.641,0.6405,18658,5.260268213486624e-06
0.641,0.642,0.6415,18121,5.108871277553388e-06
0.642,0.643,0.6425,17304,4.8785336673905315e-06
0.643,0.644,0.6435,14582,4.111117541486866e-06
0.644,0.645,0.6445,15946,4.495671397376873e-06
0.645,0.646,0.6455,14827,4.180190631437784e-06
0.646,0.647,0.6465,12610,3.555149650126826e-06
0.647,0.648,0.6475,15472,4.362036113145302e-06
0.648,0.649,0.6485,13411,3.7809763646194184e-06
0.649,0.65,0.6495,11861,3.343983346562592e-06
0.65,0.651,0.6505,14377,4.053321690711608e-06
0.651,0.652,0.6515,13445,3.7905620179187296e-06
0.652,0.653,0.6525,11883,3.350185828109205e-06
0.653,0.654,0.6535,11383,3.2092203384134546e-06
0.654,0.655,0.6545,12463,3.5137057961562757e-06
0.655,0.656,0.6555,10003,2.8201555868531834e-06
0.656,0.657,0.6565,11744,3.3109974219737863e-06
0.657,0.658,0.6575,9664,2.7245809848394645e-06
0.658,0.659,0.6585,10726,3.0239916849532387e-06
0.659,0.66,0.6595,8674,2.4454693152418786e-06
0.66,0.661,0.6605,10541,2.971834453765811e-06
0.661,0.662,0.6615,7926,2.2345849426570362e-06
0.662,0.663,0.6625,12519,3.5294939310021997e-06
0.663,0.664,0.6635,3000,8.457929381745027e-07
0.664,0.665,0.6645,16547,4.6651119159911655e-06
0.665,0.666,0.6655,246,6.935502093030922e-08
0.666,0.667,0.6665,16951,4.779012031665331e-06
0.667,0.668,0.6675,0,0.0
0.668,0.669,0.6685,11841,3.3383447269747622e-06
0.669,0.67,0.6695,4016,1.1322348132362677e-06
0.67,0.671,0.6705,8414,2.3721672606000887e-06
0.671,0.672,0.6715,6016,1.6960967720192695e-06
0.672,0.673,0.6725,7224,2.0366693951242025e-06
0.673,0.674,0.6735,6175,1.740923797742518e-06
0.674,0.675,0.6745,5864,1.6532432631517612e-06
0.675,0.676,0.6755,6721,1.8948581124902774e-06
0.676,0.677,0.6765,5634,1.5883991378917161e-06
0.677,0.678,0.6775,6007,1.6935593932047458e-06
0.678,0.679,0.6785,5196,1.4649133689182387e-06
0.679,0.68,0.6795,5043,1.421777929071339e-06
0.68,0.681,0.6805,6178,1.7417695906806926e-06
0.681,0.682,0.6815,4765,1.3434011168005018e-06
0.682,0.683,0.6825,4943,1.3935848311321888e-06
0.683,0.684,0.6835,4835,1.363136285357907e-06
0.684,0.685,0.6845,4354,1.227527484270595e-06
0.685,0.686,0.6855,4410,1.243315619116519e-06
0.686,0.687,0.6865,4019,1.1330806061744422e-06
0.687,0.688,0.6875,4756,1.3408637379859783e-06
0.688,0.689,0.6885,3637,1.0253829720468888e-06
0.689,0.69,0.6895,4120,1.1615556350929836e-06
0.69,0.691,0.6905,3866,1.0899451663275424e-06
0.691,0.692,0.6915,3947,1.112781575658254e-06
0.692,0.693,0.6925,3764,1.0611882064296093e-06
0.693,0.694,0.6935,3226,9.095093395169819e-07
0.694,0.695,0.6945,3246,9.151479591048119e-07
0.695,0.696,0.6955,3506,9.884500137466021e-07
0.696,0.697,0.6965,3464,9.76608912612159e-07
0.697,0.698,0.6975,2984,8.412820425042387e-07
0.698,0.699,0.6985,2814,7.933537760076835e-07
0.699,0.7,0.6995,1932,5.446906521843797e-07
0.7,0.701,0.7005,3783,1.0665448950380479e-06
0.701,0.702,0.7015,2928,8.254939076583146e-07
0.702,0.703,0.7025,2453,6.915766924473517e-07
0.703,0.704,0.7035,2694,7.595220584807034e-07
0.704,0.705,0.7045,2422,6.828368320862152e-07
0.705,0.706,0.7055,2798,7.888428803374195e-07
0.706,0.707,0.7065,2050,5.779585077525769e-07
0.707,0.708,0.7075,2387,6.729692478075126e-07
0.708,0.709,0.7085,2313,6.521063553325416e-07
0.709,0.71,0.7095,2059,5.804958865671003e-07
0.71,0.711,0.7105,2180,6.146095350734719e-07
0.711,0.712,0.7115,1873,5.280567244002812e-07
0.712,0.713,0.7125,1802,5.080396248634847e-07
0.713,0.714,0.7135,1837,5.179072091421871e-07
0.714,0.715,0.7145,1829,5.156517613070552e-07
0.715,0.716,0.7155,2087,5.883899539900623e-07
0.716,0.717,0.7165,1911,5.387701016171583e-07
0.717,0.718,0.7175,1690,4.764633551716365e-07
0.718,0.719,0.7185,1615,4.5531853171727395e-07
0.719,0.72,0.7195,1356,3.822984080548752e-07
0.72,0.721,0.7205,1729,4.87458663367905e-07
0.721,0.722,0.7215,1541,4.344556392423029e-07
0.722,0.723,0.7225,1429,4.028793695504548e-07
0.723,0.724,0.7235,1446,4.076721962001103e-07
0.724,0.725,0.7245,1281,3.6115358460051264e-07
0.725,0.726,0.7255,1408,3.969588189832333e-07
0.726,0.727,0.7265,1278,3.6030779166233816e-07
0.727,0.728,0.7275,1437,4.051348173855868e-07
0.728,0.729,0.7285,1153,3.250664192384005e-07
0.729,0.73,0.7295,1306,3.682018590853002e-07
0.73,0.731,0.7305,1114,3.14071111042132e-07
0.731,0.732,0.7315,1069,3.0138421696951445e-07
0.732,0.733,0.7325,1217,3.431100019194566e-07
0.733,0.734,0.7335,1022,2.881334609381139e-07
0.734,0.735,0.7345,983,2.771381527418454e-07
0.735,0.736,0.7355,970,2.734730500097559e-07
0.736,0.737,0.7365,1058,2.9828297619620797e-07
0.737,0.738,0.7375,911,2.568391222256573e-07
0.738,0.739,0.7385,899,2.534559504729593e-07
0.739,0.74,0.7395,848,2.3907747052399277e-07
0.74,0.741,0.7405,807,2.2751830036894123e-07
0.741,0.742,0.7415,957,2.6980794727766637e-07
0.742,0.743,0.7425,742,2.0919278670849367e-07
0.743,0.744,0.7435,812,2.2892795526589872e-07
0.744,0.745,0.7445,825,2.3259305799798824e-07
0.745,0.746,0.7455,570,1.6070065825315552e-07
0.746,0.747,0.7465,923,2.6022229397835534e-07
0.747,0.748,0.7475,338,9.52926710343273e-08
0.748,0.749,0.7485,979,2.760104288242794e-07
0.749,0.75,0.7495,0,0.0
0.75,0.751,0.7505,1190,3.354978654758861e-07
0.751,0.752,0.7515,785,2.213158188223282e-07
0.752,0.753,0.7525,374,1.0544218629242133e-07
0.753,0.754,0.7535,714,2.0129871928553165e-07
0.754,0.755,0.7545,631,1.7789844799603706e-07
0.755,0.756,0.7555,552,1.556259006241085e-07
0.756,0.757,0.7565,500,1.4096548969575045e-07
0.757,0.758,0.7575,508,1.4322093753088244e-07
0.758,0.759,0.7585,488,1.3758231794305245e-07
0.759,0.76,0.7595,420,1.1841101134443037e-07
0.76,0.761,0.7605,539,1.5196079789201897e-07
0.761,0.762,0.7615,532,1.4998728103627847e-07
0.762,0.763,0.7625,417,1.1756521840625588e-07
0.763,0.764,0.7635,415,1.1700135644747287e-07
0.764,0.765,0.7645,378,1.0656991020998734e-07
0.765,0.766,0.7655,474,1.336352842315714e-07
0.766,0.767,0.7665,376,1.0600604825120434e-07
0.767,0.768,0.7675,331,9.331915417858679e-08
0.768,0.769,0.7685,391,1.1023501294207684e-07
0.769,0.77,0.7695,422,1.1897487330321338e-07
0.77,0.771,0.7705,356,1.0036742866337432e-07
0.771,0.772,0.7715,317,8.937212046710578e-08
0.772,0.773,0.7725,336,9.47288090755443e-08
0.773,0.774,0.7735,382,1.0769763412755334e-07
0.774,0.775,0.7745,300,8.457929381745027e-08
0.775,0.776,0.7755,327,9.219143026102079e-08
0.776,0.777,0.7765,380,1.0713377216877034e-07
0.777,0.778,0.7775,304,8.570701773501628e-08
0.778,0.779,0.7785,232,6.540798721882821e-08
0.779,0.78,0.7795,243,6.850922799213472e-08
0.78,0.781,0.7805,269,7.583943345631374e-08
0.781,0.782,0.7815,267,7.527557149753074e-08
0.782,0.783,0.7825,264,7.442977855935623e-08
0.783,0.784,0.7835,223,6.28706084043047e-08
0.784,0.785,0.7845,237,6.68176421157857e-08
0.785,0.786,0.7855,223,6.28706084043047e-08
0.786,0.787,0.7865,255,7.189239974483273e-08
0.787,0.788,0.7875,217,6.11790225279557e-08
0.788,0.789,0.7885,204,5.751391979586618e-08
0.789,0.79,0.7895,219,6.17428844867387e-08
0.79,0.791,0.7905,186,5.2439162166819164e-08
0.791,0.792,0.7915,210,5.9205505672215186e-08
0.792,0.793,0.7925,183,5.1593369228644665e-08
0.793,0.794,0.7935,188,5.300302412560217e-08
0.794,0.795,0.7945,183,5.1593369228644665e-08
0.795,0.796,0.7955,194,5.4694610001951176e-08
0.796,0.797,0.7965,217,6.11790225279557e-08
0.797,0.798,0.7975,107,3.0166614794890596e-08
0.798,0.799,0.7985,215,6.06151605691727e-08
0.799,0.8,0.7995,0,0.0
0.8,0.801,0.8005,234,6.597184917761121e-08
0.801,0.802,0.8015,197,5.5540402940125675e-08
0.802,0.803,0.8025,93,2.6219581083409582e-08
0.803,0.804,0.8035,158,4.4545094743857144e-08
0.804,0.805,0.8045,136,3.834261319724412e-08
0.805,0.806,0.8055,157,4.426316376446564e-08
0.806,0.807,0.8065,116,3.270399360941411e-08
0.807,0.808,0.8075,127,3.580523438272061e-08
0.808,0.809,0.8085,131,3.693295830028662e-08
0.809,0.81,0.8095,119,3.3549786547588606e-08
0.81,0.811,0.8105,111,3.12943387124566e-08
0.811,0.812,0.8115,121,3.4113648506371606e-08
0.812,0.813,0.8125,109,3.0730476753673595e-08
0.813,0.814,0.8135,123,3.467751046515461e-08
0.814,0.815,0.8145,106,2.9884683815499096e-08
0.815,0.816,0.8155,106,2.9884683815499096e-08
0.816,0.817,0.8165,118,3.3267855568197107e-08
0.817,0.818,0.8175,84,2.3682202268886074e-08
0.818,0.819,0.8185,124,3.495944144454611e-08
0.819,0.82,0.8195,74,2.0862892474971067e-08
0.82,0.821,0.8205,90,2.537378814523508e-08
0.821,0.822,0.8215,86,2.4246064227669077e-08
0.822,0.823,0.8225,64,1.804358268105606e-08
0.823,0.824,0.8235,89,2.509185716584358e-08
0.824,0.825,0.8245,87,2.4527995207060577e-08
0.825,0.826,0.8255,68,1.917130659862206e-08
0.826,0.827,0.8265,101,2.847502891854159e-08
0.827,0.828,0.8275,49,1.3814617990183544e-08
0.828,0.829,0.8285,66,1.860744463983906e-08
0.829,0.83,0.8295,66,1.860744463983906e-08
0.83,0.831,0.8305,78,2.199061639253707e-08
0.831,0.832,0.8315,53,1.4942341907749548e-08
0.832,0.833,0.8325,46,1.2968825052009041e-08
0.833,0.834,0.8335,100,2.819309793915009e-08
0.834,0.835,0.8345,66,1.860744463983906e-08
0.835,0.836,0.8355,36,1.0149515258094032e-08
0.836,0.837,0.8365,53,1.4942341907749548e-08
0.837,0.838,0.8375,50,1.4096548969575045e-08
0.838,0.839,0.8385,67,1.888937561923056e-08
0.839,0.84,0.8395,37,1.0431446237485533e-08
0.84,0.841,0.8405,89,2.509185716584358e-08
0.841,0.842,0.8415,46,1.2968825052009041e-08
0.842,0.843,0.8425,57,1.607006582531555e-08
0.843,0.844,0.8435,43,1.2123032113834539e-08
0.844,0.845,0.8445,52,1.4660410928358047e-08
0.845,0.846,0.8455,33,9.30372231991953e-09
0.846,0.847,0.8465,58,1.6351996804707053e-08
0.847,0.848,0.8475,32,9.02179134052803e-09
0.848,0.849,0.8485,55,1.550620386653255e-08
0.849,0.85,0.8495,27,7.612136443570524e-09
0.85,0.851,0.8505,58,1.6351996804707053e-08
0.851,0.852,0.8515,32,9.02179134052803e-09
0.852,0.853,0.8525,43,1.2123032113834539e-08
0.853,0.854,0.8535,35,9.867584278702532e-09
0.854,0.855,0.8545,47,1.3250756031400543e-08
0.855,0.856,0.8555,40,1.1277239175660036e-08
0.856,0.857,0.8565,21,5.9205505672215186e-09
0.857,0.858,0.8575,40,1.1277239175660036e-08
0.858,0.859,0.8585,50,1.4096548969575045e-08
0.859,0.86,0.8595,63,1.7761651701664556e-08
0.86,0.861,0.8605,33,9.30372231991953e-09
0.861,0.862,0.8615,41,1.1559170155051537e-08
0.862,0.863,0.8625,40,1.1277239175660036e-08
0.863,0.864,0.8635,38,1.0713377216877035e-08
0.864,0.865,0.8645,21,5.9205505672215186e-09
0.865,0.866,0.8655,30,8.457929381745027e-09
0.866,0.867,0.8665,47,1.3250756031400543e-08
0.867,0.868,0.8675,25,7.048274484787523e-09
0.868,0.869,0.8685,33,9.30372231991953e-09
0.869,0.87,0.8695,20,5.638619587830018e-09
0.87,0.871,0.8705,39,1.0995308196268534e-08
0.871,0.872,0.8715,13,3.6651027320895116e-09
0.872,0.873,0.8725,24,6.766343505396021e-09
0.873,0.874,0.8735,27,7.612136443570524e-09
0.874,0.875,0.8745,8,2.2554478351320073e-09
0.875,0.876,0.8755,42,1.1841101134443037e-08
0.876,0.877,0.8765,33,9.30372231991953e-09
0.877,0.878,0.8775,25,7.048274484787523e-09
0.878,0.879,0.8785,27,7.612136443570524e-09
0.879,0.88,0.8795,29,8.175998402353527e-09
0.88,0.881,0.8805,33,9.30372231991953e-09
0.881,0.882,0.8815,28,7.894067422962025e-09
0.882,0.883,0.8825,17,4.792826649655515e-09
0.883,0.884,0.8835,20,5.638619587830018e-09
0.884,0.885,0.8845,22,6.20248154661302e-09
0.885,0.886,0.8855,21,5.9205505672215186e-09
0.886,0.887,0.8865,10,2.819309793915009e-09
0.887,0.888,0.8875,18,5.074757629047016e-09
0.888,0.889,0.8885,27,7.612136443570524e-09
0.889,0.89,0.8895,13,3.6651027320895116e-09
0.89,0.891,0.8905,30,8.457929381745027e-09
0.891,0.892,0.8915,19,5.356688608438517e-09
0.892,0.893,0.8925,15,4.228964690872513e-09
0.893,0.894,0.8935,22,6.20248154661302e-09
0.894,0.895,0.8945,23,6.484412526004521e-09
0.895,0.896,0.8955,11,3.10124077330651e-09
0.896,0.897,0.8965,17,4.792826649655515e-09
0.897,0.898,0.8975,33,9.30372231991953e-09
0.898,0.899,0.8985,18,5.074757629047016e-09
0.899,0.9,0.8995,6,1.6915858763490053e-09
0.9,0.901,0.9005,18,5.074757629047016e-09
0.901,0.902,0.9015,10,2.819309793915009e-09
0.902,0.903,0.9025,24,6.766343505396021e-09
0.903,0.904,0.9035,24,6.766343505396021e-09
0.904,0.905,0.9045,14,3.947033711481013e-09
0.905,0.906,0.9055,11,3.10124077330651e-09
0.906,0.907,0.9065,15,4.228964690872513e-09
0.907,0.908,0.9075,10,2.819309793915009e-09
0.908,0.909,0.9085,12,3.3831717526980106e-09
0.909,0.91,0.9095,17,4.792826649655515e-09
0.91,0.911,0.9105,20,5.638619587830018e-09
0.911,0.912,0.9115,7,1.9735168557405063e-09
0.912,0.913,0.9125,7,1.9735168557405063e-09
0.913,0.914,0.9135,9,2.537378814523508e-09
0.914,0.915,0.9145,10,2.819309793915009e-09
0.915,0.916,0.9155,13,3.6651027320895116e-09
0.916,0.917,0.9165,7,1.9735168557405063e-09
0.917,0.918,0.9175,7,1.9735168557405063e-09
0.918,0.919,0.9185,11,3.10124077330651e-09
0.919,0.92,0.9195,4,1.1277239175660037e-09
0.92,0.921,0.9205,24,6.766343505396021e-09
0.921,0.922,0.9215,16,4.510895670264015e-09
0.922,0.923,0.9225,2,5.638619587830018e-10
0.923,0.924,0.9235,26,7.330205464179023e-09
0.924,0.925,0.9245,8,2.2554478351320073e-09
0.925,0.926,0.9255,14,3.947033711481013e-09
0.926,0.927,0.9265,12,3.3831717526980106e-09
0.927,0.928,0.9275,14,3.947033711481013e-09
0.928,0.929,0.9285,13,3.6651027320895116e-09
0.929,0.93,0.9295,13,3.6651027320895116e-09
0.93,0.931,0.9305,11,3.10124077330651e-09
0.931,0.932,0.9315,8,2.2554478351320073e-09
0.932,0.933,0.9325,11,3.10124077330651e-09
0.933,0.934,0.9335,17,4.792826649655515e-09
0.934,0.935,0.9345,13,3.6651027320895116e-09
0.935,0.936,0.9355,8,2.2554478351320073e-09
0.936,0.937,0.9365,14,3.947033711481013e-09
0.937,0.938,0.9375,6,1.6915858763490053e-09
0.938,0.939,0.9385,4,1.1277239175660037e-09
0.939,0.94,0.9395,9,2.537378814523508e-09
0.94,0.941,0.9405,7,1.9735168557405063e-09
0.941,0.942,0.9415,4,1.1277239175660037e-09
0.942,0.943,0.9425,9,2.537378814523508e-09
0.943,0.944,0.9435,22,6.20248154661302e-09
0.944,0.945,0.9445,10,2.819309793915009e-09
0.945,0.946,0.9455,5,1.4096548969575045e-09
0.946,0.947,0.9465,6,1.6915858763490053e-09
0.947,0.948,0.9475,6,1.6915858763490053e-09
0.948,0.949,0.9485,16,4.510895670264015e-09
0.949,0.95,0.9495,5,1.4096548969575045e-09
0.95,0.951,0.9505,7,1.9735168557405063e-09
0.951,0.952,0.9515,6,1.6915858763490053e-09
0.952,0.953,0.9525,10,2.819309793915009e-09
0.953,0.954,0.9535,9,2.537378814523508e-09
0.954,0.955,0.9545,1,2.819309793915009e-10
0.955,0.956,0.9555,7,1.9735168557405063e-09
0.956,0.957,0.9565,6,1.6915858763490053e-09
0.957,0.958,0.9575,4,1.1277239175660037e-09
0.958,0.959,0.9585,4,1.1277239175660037e-09
0.959,0.96,0.9595,4,1.1277239175660037e-09
0.96,0.961,0.9605,3,8.457929381745027e-10
0.961,0.962,0.9615,5,1.4096548969575045e-09
0.962,0.963,0.9625,10,2.819309793915009e-09
0.963,0.964,0.9635,8,2.2554478351320073e-09
0.964,0.965,0.9645,12,3.3831717526980106e-09
0.965,0.966,0.9655,2,5.638619587830018e-10
0.966,0.967,0.9665,6,1.6915858763490053e-09
0.967,0.968,0.9675,6,1.6915858763490053e-09
0.968,0.969,0.9685,3,8.457929381745027e-10
0.969,0.97,0.9695,1,2.819309793915009e-10
0.97,0.971,0.9705,2,5.638619587830018e-10
0.971,0.972,0.9715,11,3.10124077330651e-09
0.972,0.973,0.9725,26,7.330205464179023e-09
0.973,0.974,0.9735,3,8.457929381745027e-10
0.974,0.975,0.9745,2,5.638619587830018e-10
0.975,0.976,0.9755,2,5.638619587830018e-10
0.976,0.977,0.9765,3,8.457929381745027e-10
0.977,0.978,0.9775,4,1.1277239175660037e-09
0.978,0.979,0.9785,4,1.1277239175660037e-09
0.979,0.98,0.9795,0,0.0
0.98,0.981,0.9805,5,1.4096548969575045e-09
0.981,0.982,0.9815,3,8.457929381745027e-10
0.982,0.983,0.9825,4,1.1277239175660037e-09
0.983,0.984,0.9835,2,5.638619587830018e-10
0.984,0.985,0.9845,1,2.819309793915009e-10
0.985,0.986,0.9855,3,8.457929381745027e-10
0.986,0.987,0.9865,3,8.457929381745027e-10
0.987,0.988,0.9875,2,5.638619587830018e-10
0.988,0.989,0.9885,0,0.0
0.989,0.99,0.9895,1,2.819309793915009e-10
0.99,0.991,0.9905,2,5.638619587830018e-10
0.991,0.992,0.9915,0,0.0
0.992,0.993,0.9925,2,5.638619587830018e-10
0.993,0.994,0.9935,1,2.819309793915009e-10
0.994,0.995,0.9945,1,2.819309793915009e-10
0.995,0.996,0.9955,0,0.0
0.996,0.997,0.9965,0,0.0
0.997,0.998,0.9975,0,0.0
0.998,0.999,0.9985,0,0.0
0.999,1.0,0.9995,2039,5.748572669792703e-07
