left_id,right_id,left_target_strain,right_target_strain,left_topology,right_topology,tanimoto
ApexOracle-1,ApexOracle-2,BAA-3197,BAA-3197,linear,linear,0.4968152866242038
ApexOracle-1,ApexOracle-3,BAA-3197,BAA-3197,linear,linear,0.5581395348837209
ApexOracle-1,ApexOracle-4,BAA-3197,BAA-3197,linear,linear,0.5185185185185185
ApexOracle-1,ApexOracle-5,BAA-3197,BAA-3197,linear,linear,0.8046875
ApexOracle-1,ApexOracle-6,BAA-3197,BAA-3197,linear,linear,0.644927536231884
ApexOracle-1,ApexOracle-7,BAA-3197,BAA-3197,linear,linear,0.5851851851851851
ApexOracle-1,ApexOracle-8,BAA-3197,BAA-3197,linear,linear,0.48175182481751827
ApexOracle-1,ApexOracle-9,BAA-3197,BAA-3197,linear,linear,0.49624060150375937
ApexOracle-1,ApexOracle-10,BAA-3197,BAA-3197,linear,linear,0.6950354609929078
ApexOracle-1,ApexOracle-11,BAA-3197,BAA-3197,linear,linear,0.7348484848484849
ApexOracle-1,ApexOracle-12,BAA-3197,BAA-3197,linear,linear,0.6012658227848101
ApexOracle-1,ApexOracle-13,BAA-3197,BAA-3197,linear,cyclic,0.17486338797814208
ApexOracle-1,ApexOracle-14,BAA-3197,BAA-3197,linear,cyclic,0.18994413407821228
ApexOracle-1,ApexOracle-15,BAA-3197,BAA-3197,linear,cyclic,0.21105527638190955
ApexOracle-1,ApexOracle-16,BAA-3197,BAA-3170,linear,linear,0.5912408759124088
ApexOracle-1,ApexOracle-17,BAA-3197,BAA-3170,linear,linear,0.5031055900621118
ApexOracle-1,ApexOracle-18,BAA-3197,BAA-3170,linear,linear,0.6299212598425197
ApexOracle-1,ApexOracle-19,BAA-3197,BAA-3170,linear,linear,0.4166666666666667
ApexOracle-1,ApexOracle-20,BAA-3197,BAA-3170,linear,linear,0.5681818181818182
ApexOracle-1,ApexOracle-21,BAA-3197,BAA-3170,linear,linear,0.49264705882352944
ApexOracle-1,ApexOracle-22,BAA-3197,BAA-3170,linear,cyclic,0.22043010752688172
ApexOracle-1,ApexOracle-23,BAA-3197,BAA-3170,linear,cyclic,0.16129032258064516
ApexOracle-1,ApexOracle-24,BAA-3197,BAA-3170,linear,cyclic,0.22994652406417113
ApexOracle-2,ApexOracle-3,BAA-3197,BAA-3197,linear,linear,0.4444444444444444
ApexOracle-2,ApexOracle-4,BAA-3197,BAA-3197,linear,linear,0.5362318840579711
ApexOracle-2,ApexOracle-5,BAA-3197,BAA-3197,linear,linear,0.5159235668789809
ApexOracle-2,ApexOracle-6,BAA-3197,BAA-3197,linear,linear,0.4625
ApexOracle-2,ApexOracle-7,BAA-3197,BAA-3197,linear,linear,0.5673758865248227
ApexOracle-2,ApexOracle-8,BAA-3197,BAA-3197,linear,linear,0.5441176470588235
ApexOracle-2,ApexOracle-9,BAA-3197,BAA-3197,linear,linear,0.5147058823529411
ApexOracle-2,ApexOracle-10,BAA-3197,BAA-3197,linear,linear,0.5375
ApexOracle-2,ApexOracle-11,BAA-3197,BAA-3197,linear,linear,0.5128205128205128
ApexOracle-2,ApexOracle-12,BAA-3197,BAA-3197,linear,linear,0.5662650602409639
ApexOracle-2,ApexOracle-13,BAA-3197,BAA-3197,linear,cyclic,0.27586206896551724
ApexOracle-2,ApexOracle-14,BAA-3197,BAA-3197,linear,cyclic,0.27167630057803466
ApexOracle-2,ApexOracle-15,BAA-3197,BAA-3197,linear,cyclic,0.25252525252525254
ApexOracle-2,ApexOracle-16,BAA-3197,BAA-3170,linear,linear,0.4240506329113924
ApexOracle-2,ApexOracle-17,BAA-3197,BAA-3170,linear,linear,0.5182926829268293
ApexOracle-2,ApexOracle-18,BAA-3197,BAA-3170,linear,linear,0.5735294117647058
ApexOracle-2,ApexOracle-19,BAA-3197,BAA-3170,linear,linear,0.39568345323741005
ApexOracle-2,ApexOracle-20,BAA-3197,BAA-3170,linear,linear,0.6090225563909775
ApexOracle-2,ApexOracle-21,BAA-3197,BAA-3170,linear,linear,0.5441176470588235
ApexOracle-2,ApexOracle-22,BAA-3197,BAA-3170,linear,cyclic,0.2717391304347826
ApexOracle-2,ApexOracle-23,BAA-3197,BAA-3170,linear,cyclic,0.2388888888888889
ApexOracle-2,ApexOracle-24,BAA-3197,BAA-3170,linear,cyclic,0.27419354838709675
ApexOracle-3,ApexOracle-4,BAA-3197,BAA-3197,linear,linear,0.7623762376237624
ApexOracle-3,ApexOracle-5,BAA-3197,BAA-3197,linear,linear,0.5111111111111111
ApexOracle-3,ApexOracle-6,BAA-3197,BAA-3197,linear,linear,0.48148148148148145
ApexOracle-3,ApexOracle-7,BAA-3197,BAA-3197,linear,linear,0.6846846846846847
ApexOracle-3,ApexOracle-8,BAA-3197,BAA-3197,linear,linear,0.4666666666666667
ApexOracle-3,ApexOracle-9,BAA-3197,BAA-3197,linear,linear,0.5221238938053098
ApexOracle-3,ApexOracle-10,BAA-3197,BAA-3197,linear,linear,0.5142857142857142
ApexOracle-3,ApexOracle-11,BAA-3197,BAA-3197,linear,linear,0.5538461538461539
ApexOracle-3,ApexOracle-12,BAA-3197,BAA-3197,linear,linear,0.45806451612903226
ApexOracle-3,ApexOracle-13,BAA-3197,BAA-3197,linear,cyclic,0.12574850299401197
ApexOracle-3,ApexOracle-14,BAA-3197,BAA-3197,linear,cyclic,0.16981132075471697
ApexOracle-3,ApexOracle-15,BAA-3197,BAA-3197,linear,cyclic,0.12631578947368421
ApexOracle-3,ApexOracle-16,BAA-3197,BAA-3170,linear,linear,0.5655737704918032
ApexOracle-3,ApexOracle-17,BAA-3197,BAA-3170,linear,linear,0.43333333333333335
ApexOracle-3,ApexOracle-18,BAA-3197,BAA-3170,linear,linear,0.6666666666666666
ApexOracle-3,ApexOracle-19,BAA-3197,BAA-3170,linear,linear,0.5533980582524272
ApexOracle-3,ApexOracle-20,BAA-3197,BAA-3170,linear,linear,0.6363636363636364
ApexOracle-3,ApexOracle-21,BAA-3197,BAA-3170,linear,linear,0.6
ApexOracle-3,ApexOracle-22,BAA-3197,BAA-3170,linear,cyclic,0.12994350282485875
ApexOracle-3,ApexOracle-23,BAA-3197,BAA-3170,linear,cyclic,0.1317365269461078
ApexOracle-3,ApexOracle-24,BAA-3197,BAA-3170,linear,cyclic,0.14689265536723164
ApexOracle-4,ApexOracle-5,BAA-3197,BAA-3197,linear,linear,0.5407407407407407
ApexOracle-4,ApexOracle-6,BAA-3197,BAA-3197,linear,linear,0.5338345864661654
ApexOracle-4,ApexOracle-7,BAA-3197,BAA-3197,linear,linear,0.7363636363636363
ApexOracle-4,ApexOracle-8,BAA-3197,BAA-3197,linear,linear,0.41732283464566927
ApexOracle-4,ApexOracle-9,BAA-3197,BAA-3197,linear,linear,0.5575221238938053
ApexOracle-4,ApexOracle-10,BAA-3197,BAA-3197,linear,linear,0.44
ApexOracle-4,ApexOracle-11,BAA-3197,BAA-3197,linear,linear,0.5488721804511278
ApexOracle-4,ApexOracle-12,BAA-3197,BAA-3197,linear,linear,0.42857142857142855
ApexOracle-4,ApexOracle-13,BAA-3197,BAA-3197,linear,cyclic,0.14285714285714285
ApexOracle-4,ApexOracle-14,BAA-3197,BAA-3197,linear,cyclic,0.1728395061728395
ApexOracle-4,ApexOracle-15,BAA-3197,BAA-3197,linear,cyclic,0.14136125654450263
ApexOracle-4,ApexOracle-16,BAA-3197,BAA-3170,linear,linear,0.5853658536585366
ApexOracle-4,ApexOracle-17,BAA-3197,BAA-3170,linear,linear,0.43137254901960786
ApexOracle-4,ApexOracle-18,BAA-3197,BAA-3170,linear,linear,0.6576576576576577
ApexOracle-4,ApexOracle-19,BAA-3197,BAA-3170,linear,linear,0.6078431372549019
ApexOracle-4,ApexOracle-20,BAA-3197,BAA-3170,linear,linear,0.6428571428571429
ApexOracle-4,ApexOracle-21,BAA-3197,BAA-3170,linear,linear,0.5254237288135594
ApexOracle-4,ApexOracle-22,BAA-3197,BAA-3170,linear,cyclic,0.13966480446927373
ApexOracle-4,ApexOracle-23,BAA-3197,BAA-3170,linear,cyclic,0.14201183431952663
ApexOracle-4,ApexOracle-24,BAA-3197,BAA-3170,linear,cyclic,0.1564245810055866
ApexOracle-5,ApexOracle-6,BAA-3197,BAA-3197,linear,linear,0.7164179104477612
ApexOracle-5,ApexOracle-7,BAA-3197,BAA-3197,linear,linear,0.5955882352941176
ApexOracle-5,ApexOracle-8,BAA-3197,BAA-3197,linear,linear,0.46099290780141844
ApexOracle-5,ApexOracle-9,BAA-3197,BAA-3197,linear,linear,0.5658914728682171
ApexOracle-5,ApexOracle-10,BAA-3197,BAA-3197,linear,linear,0.704225352112676
ApexOracle-5,ApexOracle-11,BAA-3197,BAA-3197,linear,linear,0.856
ApexOracle-5,ApexOracle-12,BAA-3197,BAA-3197,linear,linear,0.5802469135802469
ApexOracle-5,ApexOracle-13,BAA-3197,BAA-3197,linear,cyclic,0.18478260869565216
ApexOracle-5,ApexOracle-14,BAA-3197,BAA-3197,linear,cyclic,0.19337016574585636
ApexOracle-5,ApexOracle-15,BAA-3197,BAA-3197,linear,cyclic,0.21393034825870647
ApexOracle-5,ApexOracle-16,BAA-3197,BAA-3170,linear,linear,0.6742424242424242
ApexOracle-5,ApexOracle-17,BAA-3197,BAA-3170,linear,linear,0.5806451612903226
ApexOracle-5,ApexOracle-18,BAA-3197,BAA-3170,linear,linear,0.6666666666666666
ApexOracle-5,ApexOracle-19,BAA-3197,BAA-3170,linear,linear,0.46153846153846156
ApexOracle-5,ApexOracle-20,BAA-3197,BAA-3170,linear,linear,0.627906976744186
ApexOracle-5,ApexOracle-21,BAA-3197,BAA-3170,linear,linear,0.4714285714285714
ApexOracle-5,ApexOracle-22,BAA-3197,BAA-3170,linear,cyclic,0.21693121693121692
ApexOracle-5,ApexOracle-23,BAA-3197,BAA-3170,linear,cyclic,0.16489361702127658
ApexOracle-5,ApexOracle-24,BAA-3197,BAA-3170,linear,cyclic,0.2328042328042328
ApexOracle-6,ApexOracle-7,BAA-3197,BAA-3197,linear,linear,0.5777777777777777
ApexOracle-6,ApexOracle-8,BAA-3197,BAA-3197,linear,linear,0.4744525547445255
ApexOracle-6,ApexOracle-9,BAA-3197,BAA-3197,linear,linear,0.5
ApexOracle-6,ApexOracle-10,BAA-3197,BAA-3197,linear,linear,0.6527777777777778
ApexOracle-6,ApexOracle-11,BAA-3197,BAA-3197,linear,linear,0.7952755905511811
ApexOracle-6,ApexOracle-12,BAA-3197,BAA-3197,linear,linear,0.5272727272727272
ApexOracle-6,ApexOracle-13,BAA-3197,BAA-3197,linear,cyclic,0.20903954802259886
ApexOracle-6,ApexOracle-14,BAA-3197,BAA-3197,linear,cyclic,0.21839080459770116
ApexOracle-6,ApexOracle-15,BAA-3197,BAA-3197,linear,cyclic,0.22448979591836735
ApexOracle-6,ApexOracle-16,BAA-3197,BAA-3170,linear,linear,0.6194029850746269
ApexOracle-6,ApexOracle-17,BAA-3197,BAA-3170,linear,linear,0.50625
ApexOracle-6,ApexOracle-18,BAA-3197,BAA-3170,linear,linear,0.5725190839694656
ApexOracle-6,ApexOracle-19,BAA-3197,BAA-3170,linear,linear,0.37777777777777777
ApexOracle-6,ApexOracle-20,BAA-3197,BAA-3170,linear,linear,0.5259259259259259
ApexOracle-6,ApexOracle-21,BAA-3197,BAA-3170,linear,linear,0.463768115942029
ApexOracle-6,ApexOracle-22,BAA-3197,BAA-3170,linear,cyclic,0.22826086956521738
ApexOracle-6,ApexOracle-23,BAA-3197,BAA-3170,linear,cyclic,0.1878453038674033
ApexOracle-6,ApexOracle-24,BAA-3197,BAA-3170,linear,cyclic,0.24456521739130435
ApexOracle-7,ApexOracle-8,BAA-3197,BAA-3197,linear,linear,0.4881889763779528
ApexOracle-7,ApexOracle-9,BAA-3197,BAA-3197,linear,linear,0.6666666666666666
ApexOracle-7,ApexOracle-10,BAA-3197,BAA-3197,linear,linear,0.5202702702702703
ApexOracle-7,ApexOracle-11,BAA-3197,BAA-3197,linear,linear,0.6287878787878788
ApexOracle-7,ApexOracle-12,BAA-3197,BAA-3197,linear,linear,0.484472049689441
ApexOracle-7,ApexOracle-13,BAA-3197,BAA-3197,linear,cyclic,0.1893491124260355
ApexOracle-7,ApexOracle-14,BAA-3197,BAA-3197,linear,cyclic,0.1569767441860465
ApexOracle-7,ApexOracle-15,BAA-3197,BAA-3197,linear,cyclic,0.17616580310880828
ApexOracle-7,ApexOracle-16,BAA-3197,BAA-3170,linear,linear,0.5111111111111111
ApexOracle-7,ApexOracle-17,BAA-3197,BAA-3170,linear,linear,0.46153846153846156
ApexOracle-7,ApexOracle-18,BAA-3197,BAA-3170,linear,linear,0.7387387387387387
ApexOracle-7,ApexOracle-19,BAA-3197,BAA-3170,linear,linear,0.6018518518518519
ApexOracle-7,ApexOracle-20,BAA-3197,BAA-3170,linear,linear,0.6782608695652174
ApexOracle-7,ApexOracle-21,BAA-3197,BAA-3170,linear,linear,0.5241935483870968
ApexOracle-7,ApexOracle-22,BAA-3197,BAA-3170,linear,cyclic,0.15135135135135136
ApexOracle-7,ApexOracle-23,BAA-3197,BAA-3170,linear,cyclic,0.12849162011173185
ApexOracle-7,ApexOracle-24,BAA-3197,BAA-3170,linear,cyclic,0.16756756756756758
ApexOracle-8,ApexOracle-9,BAA-3197,BAA-3197,linear,linear,0.4262295081967213
ApexOracle-8,ApexOracle-10,BAA-3197,BAA-3197,linear,linear,0.671875
ApexOracle-8,ApexOracle-11,BAA-3197,BAA-3197,linear,linear,0.5454545454545454
ApexOracle-8,ApexOracle-12,BAA-3197,BAA-3197,linear,linear,0.5833333333333334
ApexOracle-8,ApexOracle-13,BAA-3197,BAA-3197,linear,cyclic,0.3103448275862069
ApexOracle-8,ApexOracle-14,BAA-3197,BAA-3197,linear,cyclic,0.26174496644295303
ApexOracle-8,ApexOracle-15,BAA-3197,BAA-3197,linear,cyclic,0.2631578947368421
ApexOracle-8,ApexOracle-16,BAA-3197,BAA-3170,linear,linear,0.36879432624113473
ApexOracle-8,ApexOracle-17,BAA-3197,BAA-3170,linear,linear,0.528169014084507
ApexOracle-8,ApexOracle-18,BAA-3197,BAA-3170,linear,linear,0.4796747967479675
ApexOracle-8,ApexOracle-19,BAA-3197,BAA-3170,linear,linear,0.35
ApexOracle-8,ApexOracle-20,BAA-3197,BAA-3170,linear,linear,0.46774193548387094
ApexOracle-8,ApexOracle-21,BAA-3197,BAA-3170,linear,linear,0.6036036036036037
ApexOracle-8,ApexOracle-22,BAA-3197,BAA-3170,linear,cyclic,0.27848101265822783
ApexOracle-8,ApexOracle-23,BAA-3197,BAA-3170,linear,cyclic,0.26490066225165565
ApexOracle-8,ApexOracle-24,BAA-3197,BAA-3170,linear,cyclic,0.3141025641025641
ApexOracle-9,ApexOracle-10,BAA-3197,BAA-3197,linear,linear,0.5
ApexOracle-9,ApexOracle-11,BAA-3197,BAA-3197,linear,linear,0.6
ApexOracle-9,ApexOracle-12,BAA-3197,BAA-3197,linear,linear,0.4177215189873418
ApexOracle-9,ApexOracle-13,BAA-3197,BAA-3197,linear,cyclic,0.18471337579617833
ApexOracle-9,ApexOracle-14,BAA-3197,BAA-3197,linear,cyclic,0.20261437908496732
ApexOracle-9,ApexOracle-15,BAA-3197,BAA-3197,linear,cyclic,0.17777777777777778
ApexOracle-9,ApexOracle-16,BAA-3197,BAA-3170,linear,linear,0.4881889763779528
ApexOracle-9,ApexOracle-17,BAA-3197,BAA-3170,linear,linear,0.4589041095890411
ApexOracle-9,ApexOracle-18,BAA-3197,BAA-3170,linear,linear,0.6036036036036037
ApexOracle-9,ApexOracle-19,BAA-3197,BAA-3170,linear,linear,0.6122448979591837
ApexOracle-9,ApexOracle-20,BAA-3197,BAA-3170,linear,linear,0.6792452830188679
ApexOracle-9,ApexOracle-21,BAA-3197,BAA-3170,linear,linear,0.5263157894736842
ApexOracle-9,ApexOracle-22,BAA-3197,BAA-3170,linear,cyclic,0.14450867052023122
ApexOracle-9,ApexOracle-23,BAA-3197,BAA-3170,linear,cyclic,0.16149068322981366
ApexOracle-9,ApexOracle-24,BAA-3197,BAA-3170,linear,cyclic,0.17543859649122806
ApexOracle-10,ApexOracle-11,BAA-3197,BAA-3197,linear,linear,0.7910447761194029
ApexOracle-10,ApexOracle-12,BAA-3197,BAA-3197,linear,linear,0.7032258064516129
ApexOracle-10,ApexOracle-13,BAA-3197,BAA-3197,linear,cyclic,0.25555555555555554
ApexOracle-10,ApexOracle-14,BAA-3197,BAA-3197,linear,cyclic,0.28
ApexOracle-10,ApexOracle-15,BAA-3197,BAA-3197,linear,cyclic,0.26
ApexOracle-10,ApexOracle-16,BAA-3197,BAA-3170,linear,linear,0.5793103448275863
ApexOracle-10,ApexOracle-17,BAA-3197,BAA-3170,linear,linear,0.6428571428571429
ApexOracle-10,ApexOracle-18,BAA-3197,BAA-3170,linear,linear,0.5244755244755245
ApexOracle-10,ApexOracle-19,BAA-3197,BAA-3170,linear,linear,0.33783783783783783
ApexOracle-10,ApexOracle-20,BAA-3197,BAA-3170,linear,linear,0.5244755244755245
ApexOracle-10,ApexOracle-21,BAA-3197,BAA-3170,linear,linear,0.6212121212121212
ApexOracle-10,ApexOracle-22,BAA-3197,BAA-3170,linear,cyclic,0.26595744680851063
ApexOracle-10,ApexOracle-23,BAA-3197,BAA-3170,linear,cyclic,0.22702702702702704
ApexOracle-10,ApexOracle-24,BAA-3197,BAA-3170,linear,cyclic,0.3027027027027027
ApexOracle-11,ApexOracle-12,BAA-3197,BAA-3197,linear,linear,0.5974842767295597
ApexOracle-11,ApexOracle-13,BAA-3197,BAA-3197,linear,cyclic,0.21348314606741572
ApexOracle-11,ApexOracle-14,BAA-3197,BAA-3197,linear,cyclic,0.2159090909090909
ApexOracle-11,ApexOracle-15,BAA-3197,BAA-3197,linear,cyclic,0.21608040201005024
ApexOracle-11,ApexOracle-16,BAA-3197,BAA-3170,linear,linear,0.7244094488188977
ApexOracle-11,ApexOracle-17,BAA-3197,BAA-3170,linear,linear,0.609271523178808
ApexOracle-11,ApexOracle-18,BAA-3197,BAA-3170,linear,linear,0.6507936507936508
ApexOracle-11,ApexOracle-19,BAA-3197,BAA-3170,linear,linear,0.42424242424242425
ApexOracle-11,ApexOracle-20,BAA-3197,BAA-3170,linear,linear,0.6507936507936508
ApexOracle-11,ApexOracle-21,BAA-3197,BAA-3170,linear,linear,0.5223880597014925
ApexOracle-11,ApexOracle-22,BAA-3197,BAA-3170,linear,cyclic,0.2127659574468085
ApexOracle-11,ApexOracle-23,BAA-3197,BAA-3170,linear,cyclic,0.1793478260869565
ApexOracle-11,ApexOracle-24,BAA-3197,BAA-3170,linear,cyclic,0.24864864864864866
ApexOracle-12,ApexOracle-13,BAA-3197,BAA-3197,linear,cyclic,0.2903225806451613
ApexOracle-12,ApexOracle-14,BAA-3197,BAA-3197,linear,cyclic,0.20812182741116753
ApexOracle-12,ApexOracle-15,BAA-3197,BAA-3197,linear,cyclic,0.3103448275862069
ApexOracle-12,ApexOracle-16,BAA-3197,BAA-3170,linear,linear,0.49079754601226994
ApexOracle-12,ApexOracle-17,BAA-3197,BAA-3170,linear,linear,0.756578947368421
ApexOracle-12,ApexOracle-18,BAA-3197,BAA-3170,linear,linear,0.45
ApexOracle-12,ApexOracle-19,BAA-3197,BAA-3170,linear,linear,0.36774193548387096
ApexOracle-12,ApexOracle-20,BAA-3197,BAA-3170,linear,linear,0.46835443037974683
ApexOracle-12,ApexOracle-21,BAA-3197,BAA-3170,linear,linear,0.49019607843137253
ApexOracle-12,ApexOracle-22,BAA-3197,BAA-3170,linear,cyclic,0.2727272727272727
ApexOracle-12,ApexOracle-23,BAA-3197,BAA-3170,linear,cyclic,0.26842105263157895
ApexOracle-12,ApexOracle-24,BAA-3197,BAA-3170,linear,cyclic,0.2878787878787879
ApexOracle-13,ApexOracle-14,BAA-3197,BAA-3197,cyclic,cyclic,0.4492753623188406
ApexOracle-13,ApexOracle-15,BAA-3197,BAA-3197,cyclic,cyclic,0.5724137931034483
ApexOracle-13,ApexOracle-16,BAA-3197,BAA-3170,cyclic,linear,0.1452513966480447
ApexOracle-13,ApexOracle-17,BAA-3197,BAA-3170,cyclic,linear,0.27932960893854747
ApexOracle-13,ApexOracle-18,BAA-3197,BAA-3170,cyclic,linear,0.1901840490797546
ApexOracle-13,ApexOracle-19,BAA-3197,BAA-3170,cyclic,linear,0.14473684210526316
ApexOracle-13,ApexOracle-20,BAA-3197,BAA-3170,cyclic,linear,0.17575757575757575
ApexOracle-13,ApexOracle-21,BAA-3197,BAA-3170,cyclic,linear,0.22580645161290322
ApexOracle-13,ApexOracle-22,BAA-3197,BAA-3170,cyclic,cyclic,0.4657534246575342
ApexOracle-13,ApexOracle-23,BAA-3197,BAA-3170,cyclic,cyclic,0.549618320610687
ApexOracle-13,ApexOracle-24,BAA-3197,BAA-3170,cyclic,cyclic,0.572463768115942
ApexOracle-14,ApexOracle-15,BAA-3197,BAA-3197,cyclic,cyclic,0.4394904458598726
ApexOracle-14,ApexOracle-16,BAA-3197,BAA-3170,cyclic,linear,0.18023255813953487
ApexOracle-14,ApexOracle-17,BAA-3197,BAA-3170,cyclic,linear,0.22702702702702704
ApexOracle-14,ApexOracle-18,BAA-3197,BAA-3170,cyclic,linear,0.2
ApexOracle-14,ApexOracle-19,BAA-3197,BAA-3170,cyclic,linear,0.10967741935483871
ApexOracle-14,ApexOracle-20,BAA-3197,BAA-3170,cyclic,linear,0.2229299363057325
ApexOracle-14,ApexOracle-21,BAA-3197,BAA-3170,cyclic,linear,0.2702702702702703
ApexOracle-14,ApexOracle-22,BAA-3197,BAA-3170,cyclic,cyclic,0.43243243243243246
ApexOracle-14,ApexOracle-23,BAA-3197,BAA-3170,cyclic,cyclic,0.7033898305084746
ApexOracle-14,ApexOracle-24,BAA-3197,BAA-3170,cyclic,cyclic,0.5034965034965035
ApexOracle-15,ApexOracle-16,BAA-3197,BAA-3170,cyclic,linear,0.14925373134328357
ApexOracle-15,ApexOracle-17,BAA-3197,BAA-3170,cyclic,linear,0.26865671641791045
ApexOracle-15,ApexOracle-18,BAA-3197,BAA-3170,cyclic,linear,0.17647058823529413
ApexOracle-15,ApexOracle-19,BAA-3197,BAA-3170,cyclic,linear,0.14942528735632185
ApexOracle-15,ApexOracle-20,BAA-3197,BAA-3170,cyclic,linear,0.1518324607329843
ApexOracle-15,ApexOracle-21,BAA-3197,BAA-3170,cyclic,linear,0.20670391061452514
ApexOracle-15,ApexOracle-22,BAA-3197,BAA-3170,cyclic,cyclic,0.6326530612244898
ApexOracle-15,ApexOracle-23,BAA-3197,BAA-3170,cyclic,cyclic,0.624113475177305
ApexOracle-15,ApexOracle-24,BAA-3197,BAA-3170,cyclic,cyclic,0.577922077922078
ApexOracle-16,ApexOracle-17,BAA-3170,BAA-3170,linear,linear,0.5782312925170068
ApexOracle-16,ApexOracle-18,BAA-3170,BAA-3170,linear,linear,0.5390625
ApexOracle-16,ApexOracle-19,BAA-3170,BAA-3170,linear,linear,0.4628099173553719
ApexOracle-16,ApexOracle-20,BAA-3170,BAA-3170,linear,linear,0.6016260162601627
ApexOracle-16,ApexOracle-21,BAA-3170,BAA-3170,linear,linear,0.49612403100775193
ApexOracle-16,ApexOracle-22,BAA-3170,BAA-3170,linear,cyclic,0.14814814814814814
ApexOracle-16,ApexOracle-23,BAA-3170,BAA-3170,linear,cyclic,0.14444444444444443
ApexOracle-16,ApexOracle-24,BAA-3170,BAA-3170,linear,cyclic,0.17647058823529413
ApexOracle-17,ApexOracle-18,BAA-3170,BAA-3170,linear,linear,0.48322147651006714
ApexOracle-17,ApexOracle-19,BAA-3170,BAA-3170,linear,linear,0.3767123287671233
ApexOracle-17,ApexOracle-20,BAA-3170,BAA-3170,linear,linear,0.6014492753623188
ApexOracle-17,ApexOracle-21,BAA-3170,BAA-3170,linear,linear,0.5174825174825175
ApexOracle-17,ApexOracle-22,BAA-3170,BAA-3170,linear,cyclic,0.22959183673469388
ApexOracle-17,ApexOracle-23,BAA-3170,BAA-3170,linear,cyclic,0.2849162011173184
ApexOracle-17,ApexOracle-24,BAA-3170,BAA-3170,linear,cyclic,0.25773195876288657
ApexOracle-18,ApexOracle-19,BAA-3170,BAA-3170,linear,linear,0.509090909090909
ApexOracle-18,ApexOracle-20,BAA-3170,BAA-3170,linear,linear,0.7714285714285715
ApexOracle-18,ApexOracle-21,BAA-3170,BAA-3170,linear,linear,0.5826086956521739
ApexOracle-18,ApexOracle-22,BAA-3170,BAA-3170,linear,cyclic,0.17714285714285713
ApexOracle-18,ApexOracle-23,BAA-3170,BAA-3170,linear,cyclic,0.16766467065868262
ApexOracle-18,ApexOracle-24,BAA-3170,BAA-3170,linear,cyclic,0.19428571428571428
ApexOracle-19,ApexOracle-20,BAA-3170,BAA-3170,linear,linear,0.509090909090909
ApexOracle-19,ApexOracle-21,BAA-3170,BAA-3170,linear,linear,0.39655172413793105
ApexOracle-19,ApexOracle-22,BAA-3170,BAA-3170,linear,cyclic,0.11377245508982035
ApexOracle-19,ApexOracle-23,BAA-3170,BAA-3170,linear,cyclic,0.12179487179487179
ApexOracle-19,ApexOracle-24,BAA-3170,BAA-3170,linear,cyclic,0.125
ApexOracle-20,ApexOracle-21,BAA-3170,BAA-3170,linear,linear,0.5555555555555556
ApexOracle-20,ApexOracle-22,BAA-3170,BAA-3170,linear,cyclic,0.15083798882681565
ApexOracle-20,ApexOracle-23,BAA-3170,BAA-3170,linear,cyclic,0.18181818181818182
ApexOracle-20,ApexOracle-24,BAA-3170,BAA-3170,linear,cyclic,0.17415730337078653
ApexOracle-21,ApexOracle-22,BAA-3170,BAA-3170,linear,cyclic,0.20238095238095238
ApexOracle-21,ApexOracle-23,BAA-3170,BAA-3170,linear,cyclic,0.23225806451612904
ApexOracle-21,ApexOracle-24,BAA-3170,BAA-3170,linear,cyclic,0.2275449101796407
ApexOracle-22,ApexOracle-23,BAA-3170,BAA-3170,cyclic,cyclic,0.5034965034965035
ApexOracle-22,ApexOracle-24,BAA-3170,BAA-3170,cyclic,cyclic,0.5793103448275863
ApexOracle-23,ApexOracle-24,BAA-3170,BAA-3170,cyclic,cyclic,0.4931506849315068
